kappa,training_paths,fit,method,fitted_kappa,relative_error,ridge_over_fitted_kappa_squared,gap,independent_gap,null_rejection,oracle_null,null_rejection_cv,matched_null,strong_raw,strong_matched,weak_raw,weak_matched
0.1,64,0,full,0.09519809481559734,0.05044118995977964,0.0,0.0474853515625,0.048614501953125,0.05174857131378389,0.04924484289222131,0.05250372842156259,0.052273047740696216,0.2884631161810082,0.290176783045757,0.3468691272703598,0.34879313340862783
0.1,64,0,selected,0.09519809481559734,0.05044118995977964,10,0.0009765625,0.00555419921875,0.04984622732672351,0.04977796455694745,0.05006826276977607,0.05200628646887666,0.24610972378667864,0.25163487386135286,0.05131057480982518,0.053372833540518014
0.1,64,0,level,0.09519809481559734,0.05044118995977964,1,0.005584716796875,0.008636474609375,0.050715850016627005,0.05006305048046375,0.05065279953616325,0.052184727670104805,0.2544255613580355,0.2581702639454442,0.062293731221149964,0.06393864104802378
0.1,64,0,fixed,0.09519809481559734,0.05044118995977964,0.0,0.00042724609375,0.0059814453125,0.04975949609633512,0.04974230146751127,0.050017194628823855,0.051986304429675306,0.2452609529171863,0.25096281923170727,0.05031062329731306,0.05241570112979205
0.1,64,1,full,0.10280410754076211,-0.02727622084215131,0.0,0.018798828125,0.0189208984375,0.05060033011731409,0.04924484289222131,0.05135548722509278,0.052403009160500454,0.26980797232622894,0.2753287769022854,0.26958367229919844,0.27516079887424655
0.1,64,1,selected,0.10280410754076211,-0.02727622084215131,10,0.0006103515625,0.006072998046875,0.049757106454575394,0.04977796455694745,0.04997914189762794,0.052007981669708186,0.24581598056854043,0.25157642029686644,0.051076138970742035,0.053222130966411256
0.1,64,1,level,0.10280410754076211,-0.02727622084215131,1,0.002716064453125,0.0078125,0.0498634670745073,0.05006305048046375,0.04980041659404355,0.0522076687088803,0.2516225031169428,0.25761291578090256,0.05963045672737037,0.06215648320766298
0.1,64,1,fixed,0.10280410754076211,-0.02727622084215131,0.0,0.00030517578125,0.006134033203125,0.04973344902688902,0.04974171359053536,0.049991735436353664,0.05198756581501592,0.24519893171811757,0.25097267606477525,0.0502863927014789,0.052418898687593696
0.1,64,2,full,0.09598797104326601,0.041797205557408734,0.0,0.038299560546875,0.03961181640625,0.0507816596037783,0.04924484289222131,0.05153681671155699,0.05220519009572666,0.2836360032870726,0.2882736258530666,0.33574969314929565,0.34087206201563325
0.1,64,2,selected,0.09598797104326601,0.041797205557408734,10,0.000885009765625,0.00567626953125,0.049832564977238675,0.04977796455694745,0.05005460042029123,0.05200687546518269,0.2460676593648611,0.2516272092189057,0.05128031404576562,0.05335487843596416
0.1,64,2,level,0.09598797104326601,0.041797205557408734,1,0.00457763671875,0.007781982421875,0.05057322770860573,0.05006305048046375,0.05051017722814198,0.052187814520973194,0.254003529268581,0.25811186609741643,0.06193815640096124,0.06373208303981347
0.1,64,2,fixed,0.09598797104326601,0.041797205557408734,0.0,0.00042724609375,0.0059814453125,0.04975607090850408,0.04974235092344853,0.05001371998505555,0.051986462498685534,0.2452539509568661,0.25096316908719396,0.0503072588890975,0.052416023248217536
0.1,64,3,full,0.08580393262082128,0.16544774750491897,0.0,0.2205810546875,0.214813232421875,0.09871111089312848,0.04924484289222131,0.09946626800090719,0.05148133246710915,0.4268870631289641,0.3053709484943212,0.5359821051890412,0.4156008264868736
0.1,64,3,selected,0.08580393262082128,0.16544774750491897,10,0.003021240234375,0.006805419921875,0.050146813504329694,0.04977796455694745,0.05036884894738224,0.05200496356810265,0.24696254078767127,0.2517168868462955,0.05183718028756844,0.05361339146176083
0.1,64,3,level,0.08580393262082128,0.16544774750491897,1,0.022369384765625,0.024993896484375,0.05363248845766428,0.05006305048046375,0.05356943797720054,0.052134974742998566,0.26292111805579577,0.2589632721269677,0.06876597147793481,0.06699731211407915
0.1,64,3,fixed,0.08580393262082128,0.16544774750491897,0.0,0.000732421875,0.00579833984375,0.04980654637566953,0.04974256689268466,0.050063979482984876,0.05198607103738752,0.24537321475820165,0.2509534806970056,0.05035445527049004,0.05241244471257983
0.1,64,4,full,0.09722974581980838,0.02849183813897449,0.0,0.025421142578125,0.0272216796875,0.049758427704434054,0.04924484289222131,0.05051358481221274,0.05212176305997478,0.2776704681529671,0.2853617248488758,0.31981889868089597,0.32820459470623636
0.1,64,4,selected,0.09722974581980838,0.02849183813897449,10,0.000640869140625,0.005767822265625,0.04981184752540319,0.04977796455694745,0.050033882968455755,0.05200735345031594,0.2460023880361088,0.2516179391982498,0.05123385294265151,0.05332851065230626
0.1,64,4,level,0.09722974581980838,0.02849183813897449,1,0.003265380859375,0.006591796875,0.05038250499253942,0.05006305048046375,0.05031945451207567,0.05218920222515985,0.2534025883829211,0.25801115836985455,0.06140819970044718,0.06341610456925188
0.1,64,4,fixed,0.09722974581980838,0.02849183813897449,0.0,0.000396728515625,0.00604248046875,0.04975174322185377,0.049742294922462835,0.05000944829939094,0.05198715250250455,0.24524221587542452,0.250964425361129,0.05030245763228079,0.052416273042600596
0.1,64,5,full,0.0993603206545194,0.0064379758566279754,0.0,0.00604248046875,0.0093994140625,0.04916880280584456,0.04924484289222131,0.04992395991362325,0.052121180667028484,0.2713885089616954,0.2808769117800418,0.29691146312216676,0.3070019912128137
0.1,64,5,selected,0.0993603206545194,0.0064379758566279754,10,0.00030517578125,0.005889892578125,0.04978508068859876,0.04977796455694745,0.05000711613165131,0.052007589655043436,0.24591653855939422,0.2516018104605072,0.051165748605674743,0.05328530073172455
0.1,64,5,level,0.0993603206545194,0.0064379758566279754,1,0.001007080078125,0.006103515625,0.050123928671906376,0.05006305048046375,0.05006087819144263,0.05219366852436436,0.2525568115814191,0.2578541427233302,0.06063059920119984,0.06290232426715592
0.1,64,5,fixed,0.0993603206545194,0.0064379758566279754,0.0,0.000152587890625,0.006072998046875,0.04974449944749436,0.04974239781876692,0.05000210162872744,0.0519877284586002,0.24522419298925627,0.2509680938873947,0.050295595429701107,0.052417386982019046
0.1,64,6,full,0.10112975054314988,-0.011171297635781618,0.0,0.008880615234375,0.01171875,0.049598753106254695,0.04924484289222131,0.05035391021403339,0.05223608014191842,0.2694125992315825,0.27776634995109845,0.2815280405518623,0.29020234880466783
0.1,64,6,selected,0.10112975054314988,-0.011171297635781618,10,0.0003662109375,0.006011962890625,0.049768048403351514,0.04977796455694745,0.04999008384640407,0.05200775190248138,0.24585959552098816,0.25158904165507123,0.051117596417848896,0.05325228576047354
0.1,64,6,level,0.10112975054314988,-0.011171297635781618,1,0.00140380859375,0.007080078125,0.04996998492716416,0.05006305048046375,0.04990693444670041,0.05220130253363782,0.2520158110188611,0.2577287829100885,0.06007653628761671,0.06250626598570327
0.1,64,6,fixed,0.10112975054314988,-0.011171297635781618,0.0,0.00018310546875,0.006103515625,0.04973868545355979,0.04974215807045645,0.04999652738310335,0.05198765150782732,0.24520997863567887,0.25097088675681994,0.05029090687334178,0.05241852971042443
0.1,64,7,full,0.1000590540121523,-0.0005901915897098542,0.0,0.000885009765625,0.006988525390625,0.04925758967441719,0.04924484289222131,0.05001274678219589,0.052155674050942194,0.2702816929389568,0.2795765693943325,0.2905050379175136,0.30026584986623317
0.1,64,7,selected,0.1000590540121523,-0.0005901915897098542,10,0.0001220703125,0.00592041015625,0.04977743457795468,0.04977796455694745,0.049999470021007235,0.05200735605089302,0.24589321700995803,0.2515974006746061,0.05114662380276691,0.05327166028341552
0.1,64,7,level,0.1000590540121523,-0.0005901915897098542,1,0.000274658203125,0.006500244140625,0.050057669248696986,0.05006305048046375,0.049994618768233245,0.05219525675081659,0.25232383098301525,0.2578096714944344,0.06040385723300111,0.06274283707127527
0.1,64,7,fixed,0.1000590540121523,-0.0005901915897098542,0.0,9.1552734375e-05,0.006072998046875,0.04974212200032238,0.04974230272958542,0.04999981927073696,0.05198782932812192,0.24521839072960336,0.2509695271603106,0.05029383344651704,0.05241787099760504
0.1,64,8,full,0.09594307981654732,0.04228465660274727,0.0,0.0389404296875,0.04034423828125,0.050830834826093914,0.04924484289222131,0.051585991933872616,0.05221058164238194,0.28389265796275187,0.2883772819673446,0.3363591138575582,0.34133467311256427
0.1,64,8,selected,0.09594307981654732,0.04228465660274727,10,0.000885009765625,0.005645751953125,0.04983311256488015,0.04977796455694745,0.0500551480079327,0.05200700247960151,0.24607004874188598,0.2516273045340469,0.051281966296611976,0.05335565770727416
0.1,64,8,level,0.09594307981654732,0.04228465660274727,1,0.004608154296875,0.0078125,0.050581417074011786,0.05006305048046375,0.05051836659354804,0.05218760861063532,0.2540267161721992,0.25811587247157286,0.06195835692724182,0.0637427532049222
0.1,64,8,fixed,0.09594307981654732,0.04228465660274727,0.0,0.00042724609375,0.0059814453125,0.04975624293902464,0.049742386309218456,0.05001385662980619,0.05198658497678749,0.24525440952946861,0.25096327507205973,0.05030754757593692,0.052416000068704914
0.1,64,9,full,0.09999941852319982,5.814801813386339e-06,0.0,0.000152587890625,0.006622314453125,0.04924481317001159,0.04924484289222131,0.04999997027779028,0.05215299873375487,0.2703586113586825,0.27968341945237796,0.2910343932134935,0.30083731769607003
0.1,64,9,selected,0.09999941852319982,5.814801813386339e-06,10,6.103515625e-05,0.00592041015625,0.049777964556947454,0.04977796455694745,0.05000000000000001,0.052007340076958834,0.2458950978700592,0.2515979621410931,0.05114810333827423,0.05327311717902988
0.1,64,9,level,0.09999941852319982,5.814801813386339e-06,1,0.0001220703125,0.0064697265625,0.050063098763846306,0.05006305048046375,0.05000004828338256,0.05219541528866653,0.2523430022176718,0.25781363146451036,0.06042283288694961,0.06275597240161598
0.1,64,9,fixed,0.09999941852319982,5.814801813386339e-06,0.0,6.103515625e-05,0.006072998046875,0.0497422855738011,0.0497422855738011,0.05,0.05198783511956263,0.2452189660047779,0.25096954132551463,0.05029404060235852,0.05241781294998416
0.1,64,10,full,0.10020154947859901,-0.0020114407376709,0.0,0.002197265625,0.007598876953125,0.04928539140709844,0.04924484289222131,0.05004054851487713,0.05216839600196437,0.27011419986179547,0.2793251586649105,0.28923855894586625,0.29891052841931104
0.1,64,10,selected,0.10020154947859901,-0.0020114407376709,10,0.00018310546875,0.00592041015625,0.049776179955781596,0.04977796455694745,0.04999821539883415,0.05200743127554508,0.24588843751852935,0.25159654768789713,0.051142773933667104,0.05326920800777389
0.1,64,10,level,0.10020154947859901,-0.0020114407376709,1,0.00048828125,0.006561279296875,0.050044066373563574,0.05006305048046375,0.049981015893099834,0.05219619347438068,0.2522803938897676,0.2578014125189898,0.060358312663006675,0.0627093420332345
0.1,64,10,fixed,0.10020154947859901,-0.0020114407376709,0.0,0.0001220703125,0.006072998046875,0.04974162636377243,0.049742243102172456,0.04999938326159997,0.05198785049561261,0.24521739034434967,0.2509697316441744,0.050293430722970905,0.052417900865779486
0.1,64,11,full,0.09574783337919746,0.04441005577601298,0.0,0.04132080078125,0.04254150390625,0.05104681816528982,0.04924484289222131,0.05180197527306851,0.05222751248830372,0.2850211418084723,0.28885191227843765,0.33905015954897466,0.34330861022190207
0.1,64,11,selected,0.09574783337919746,0.04441005577601298,10,0.00091552734375,0.005615234375,0.049836257548363995,0.04977796455694745,0.05005829299141656,0.052006925349722524,0.24608021409616804,0.25162987882926346,0.05128948966275636,0.053360399272468245
0.1,64,11,level,0.09574783337919746,0.04441005577601298,1,0.004852294921875,0.008026123046875,0.05061413287056776,0.05006305048046375,0.050551082390104016,0.05218604063945198,0.2541266044864628,0.2581308331678108,0.06204605423135556,0.06379359774906285
0.1,64,11,fixed,0.09574783337919746,0.04441005577601298,0.0,0.00042724609375,0.0059814453125,0.04975697811483811,0.04974235731056634,0.05001462080427177,0.051986692685409064,0.2452561093467812,0.25096291330714016,0.0503082127327287,0.05241601422189459
0.1,64,12,full,0.09991464718362365,0.0008542572964251871,0.0,0.001220703125,0.006103515625,0.04922869264436257,0.04924484289222131,0.04998384975214126,0.05214523840767628,0.27047287435132816,0.27983920385988226,0.29179177874610385,0.30164905201427483
0.1,64,12,selected,0.09991464718362365,0.0008542572964251871,10,0.0001220703125,0.00592041015625,0.049778991245532936,0.04977796455694745,0.05000102668858549,0.0520072744026646,0.2458982434717878,0.25159907291483263,0.051150452087687356,0.05327445443136451
0.1,64,12,level,0.09991464718362365,0.0008542572964251871,1,0.000274658203125,0.00640869140625,0.05007130704221137,0.05006305048046375,0.05000825656174762,0.05219524820575603,0.25237046372853433,0.25782168901647057,0.06045029854034558,0.06277506145216706
0.1,64,12,fixed,0.09991464718362365,0.0008542572964251871,0.0,0.0001220703125,0.006072998046875,0.049742614804856845,0.04974233549757516,0.050000279307281695,0.05198779904758741,0.2452196675555695,0.25096912365235846,0.05029432028068381,0.05241767788833476
0.1,64,13,full,0.09548849067989819,0.04724662928462808,0.0,0.0445556640625,0.04522705078125,0.05136052924168837,0.04924484289222131,0.05211568634946706,0.0522465513416433,0.28658580701388536,0.2894704524636643,0.3427084696902539,0.34591344001566626
0.1,64,13,selected,0.09548849067989819,0.04724662928462808,10,0.000946044921875,0.005584716796875,0.04984081985827141,0.04977796455694745,0.05006285530132396,0.05200706422514324,0.24609402181153228,0.2516318738421419,0.05129945567183618,0.05336612866815018
0.1,64,13,level,0.09548849067989819,0.04724662928462808,1,0.00518798828125,0.00823974609375,0.05066108039395404,0.05006305048046375,0.0505980299134903,0.05218496866373671,0.25426331207040587,0.25814842974638674,0.06215962003963665,0.0638593743615137
0.1,64,13,fixed,0.09548849067989819,0.04724662928462808,0.0,0.00042724609375,0.0059814453125,0.04975803401797686,0.049742323947985174,0.05001571006999169,0.05198644750658409,0.2452583315438555,0.2509627590462437,0.05030926377987041,0.052415890056006616
0.1,64,14,full,0.10290288178437645,-0.028209917293270492,0.0,0.019317626953125,0.019287109375,0.050676584746515055,0.04924484289222131,0.05143174185429375,0.05241371967531229,0.2698920213295616,0.2751999258058738,0.26894896047083794,0.274297791179391
0.1,64,14,selected,0.10290288178437645,-0.028209917293270492,10,0.0006103515625,0.006103515625,0.04975638568411833,0.04977796455694745,0.04997842112717089,0.05200822373896899,0.24581385471840456,0.25157603390672617,0.05107374761381085,0.05322019665018006
0.1,64,14,level,0.10290288178437645,-0.028209917293270492,1,0.00274658203125,0.007843017578125,0.04985904815794405,0.05006305048046375,0.0497959976774803,0.05220683051288701,0.2516020936101758,0.25760796042862244,0.05960669114093227,0.06213721166545256
0.1,64,14,fixed,0.10290288178437645,-0.028209917293270492,0.0,0.00030517578125,0.006134033203125,0.04973324671108262,0.04974176561631366,0.04999148109476896,0.05198740017695433,0.24519813924616932,0.2509729636498501,0.05028621839488423,0.052419048023678874
0.1,64,15,full,0.09734395937986778,0.02728510980088128,0.0,0.024383544921875,0.026092529296875,0.049691672646738544,0.04924484289222131,0.05044682975451724,0.052118197435903166,0.27721278204581556,0.28509846976502623,0.31845344960088184,0.3270371070473507
0.1,64,15,selected,0.09734395937986778,0.02728510980088128,10,0.000640869140625,0.005767822265625,0.04981032467996831,0.04977796455694745,0.05003236012302086,0.05200732552545982,0.24599773938293973,0.2516174373425881,0.051230481950271106,0.053325692122747854
0.1,64,15,level,0.09734395937986778,0.02728510980088128,1,0.003204345703125,0.006500244140625,0.05036694916641712,0.05006305048046375,0.05030389868595336,0.052189235363344105,0.2533498678198077,0.2580025297255251,0.06136230562797568,0.0633867690229416
0.1,64,15,fixed,0.09734395937986778,0.02728510980088128,0.0,0.000396728515625,0.00604248046875,0.04975126766341323,0.049742276238967015,0.05000899142444622,0.05198723741557887,0.24524085508729657,0.25096468266110605,0.05030203979689912,0.05241645559783498
0.1,64,16,full,0.09861189754688439,0.014076419657736094,0.0,0.012451171875,0.01470947265625,0.04922130319443912,0.04924484289222131,0.04997646030221781,0.05209547713640329,0.27307138298084854,0.28235301929906975,0.3043569938343698,0.31433928538105094
0.1,64,16,selected,0.09861189754688439,0.014076419657736094,10,0.00042724609375,0.005859375,0.049792846211645085,0.04977796455694745,0.050014881654697634,0.052008254024014,0.24594615102323403,0.2516074603421327,0.05118897190183269,0.053300108083468065
0.1,64,16,level,0.09861189754688439,0.014076419657736094,1,0.00177001953125,0.005645751953125,0.050205312316359524,0.05006305048046375,0.05014226183589578,0.052192285355839474,0.2528257820935492,0.25790792063254686,0.06088939409165763,0.06307940188821282
0.1,64,16,fixed,0.09861189754688439,0.014076419657736094,0.0,0.00030517578125,0.00604248046875,0.04974693601157866,0.049742463021594824,0.05000447298998384,0.051987396037487615,0.2452298989138399,0.25096714791038466,0.050297845822722675,0.052416815055481784
0.1,64,17,full,0.10306485227424306,-0.02973712382653837,0.0,0.020050048828125,0.01983642578125,0.05080114883865802,0.04924484289222131,0.05155630594643672,0.052436469821219425,0.27005093705331534,0.2749892033746307,0.26792383211422977,0.2728942269268757
0.1,64,17,selected,0.10306485227424306,-0.02973712382653837,10,0.000640869140625,0.006103515625,0.049755875913857765,0.04977796455694745,0.049977911356910314,0.052008572331379205,0.24581051846702678,0.25157495693259624,0.05107095586862385,0.053217850746623475
0.1,64,17,level,0.10306485227424306,-0.02973712382653837,1,0.00286865234375,0.007904052734375,0.0498514640309876,0.05006305048046375,0.04978841355052385,0.05220536991912552,0.2515688400501462,0.25759663004006556,0.05956549188363132,0.06210453703639408
0.1,64,17,fixed,0.10306485227424306,-0.02973712382653837,0.0,0.00030517578125,0.006134033203125,0.04973292895877887,0.049741941293480946,0.04999098766529793,0.05198753935713681,0.24519714315140317,0.25097307170743743,0.050285818102575694,0.05241891793530584
0.1,64,18,full,0.09784130941985458,0.022063181624870642,0.0,0.01947021484375,0.02130126953125,0.0494504674455113,0.04924484289222131,0.05020562455329,0.052101371892783285,0.27538038196723785,0.28398936996719165,0.3126915956500598,0.32201144667480797
0.1,64,18,selected,0.09784130941985458,0.022063181624870642,10,0.00054931640625,0.005828857421875,0.04980341185137252,0.04977796455694745,0.050025447294425075,0.052007694798288734,0.24597665158520338,0.2516127237991392,0.05121284838754915,0.05331520521779542
0.1,64,18,level,0.09784130941985458,0.022063181624870642,1,0.0025634765625,0.006134033203125,0.05029914117190801,0.05006305048046375,0.05023609069144426,0.05218915463110449,0.2531370097923896,0.2579666003166201,0.06116973297330299,0.06326328827622174
0.1,64,18,fixed,0.09784130941985458,0.022063181624870642,0.0,0.000335693359375,0.00604248046875,0.049749747168613204,0.04974236115988785,0.050007386008725355,0.051987412149560416,0.2452360283188538,0.25096568123494006,0.05030056619541176,0.05241670316072466
0.1,64,19,full,0.10331989392732772,-0.03213218482069713,0.0,0.02117919921875,0.02093505859375,0.05101552898120523,0.04924484289222131,0.05177068608898393,0.05246484936798087,0.2703199498944582,0.27466453850075206,0.26634918172169564,0.27070040137880225
0.1,64,19,selected,0.10331989392732772,-0.03213218482069713,10,0.00067138671875,0.006103515625,0.04975441117795164,0.04977796455694745,0.04997644662100419,0.05200838929607568,0.24580652304744458,0.25157282555677624,0.05106586095501912,0.0532135151424493
0.1,64,19,level,0.10331989392732772,-0.03213218482069713,1,0.002960205078125,0.007965087890625,0.049840148672093215,0.05006305048046375,0.04977709819162947,0.05220560867245874,0.2515208713933566,0.25757902094543117,0.05950234607895116,0.06205165079723038
0.1,64,19,fixed,0.10331989392732772,-0.03213218482069713,0.0,0.000335693359375,0.006134033203125,0.04973251894637337,0.049741937856197245,0.04999058109017613,0.051987537843682,0.2451957689006968,0.2509734324019802,0.050285139371546966,0.052418907805867776
0.1,64,20,full,0.09134261632859683,0.09477923908221575,0.0,0.10430908203125,0.1036376953125,0.06108527142832879,0.04924484289222131,0.061840428536107495,0.05224490720534722,0.3256977176209954,0.2987458336316135,0.4124008829161371,0.3834201415546391
0.1,64,20,selected,0.09134261632859683,0.09477923908221575,10,0.001617431640625,0.005615234375,0.049939364879130935,0.04977796455694745,0.05016140032218349,0.052003182189403335,0.24637349654390506,0.2516666926725643,0.05148819343777175,0.053461030700492324
0.1,64,20,level,0.09134261632859683,0.09477923908221575,1,0.01116943359375,0.014190673828125,0.05159683104633259,0.05006305048046375,0.05153378056586885,0.05216808822390914,0.25706610218346476,0.25849065526286463,0.06440457288959923,0.06505686363866456
0.1,64,20,fixed,0.09134261632859683,0.09477923908221575,0.0,0.000518798828125,0.00592041015625,0.049776532745816546,0.04974260463915582,0.05003392810666073,0.051986082007992526,0.2453031794986946,0.25095817057472225,0.050327590906732084,0.052413401323609755
0.1,64,21,full,0.09840608583306565,0.01619731293487514,0.0,0.014251708984375,0.016357421875,0.049263945774613585,0.04924484289222131,0.05001910288239228,0.05209007204783524,0.2736253258606314,0.28278182541716745,0.3065082801664971,0.31636572288393844
0.1,64,21,selected,0.09840608583306565,0.01619731293487514,10,0.000457763671875,0.005828857421875,0.049795237932180186,0.04977796455694745,0.05001727337523274,0.05200808228452268,0.24595396728466423,0.2516088592012886,0.05119528352935643,0.053303583132983445
0.1,64,21,level,0.09840608583306565,0.01619731293487514,1,0.00201416015625,0.005645751953125,0.05022905460948365,0.05006305048046375,0.050166004129019906,0.052191271085521046,0.2529077536371117,0.25792379767403695,0.06096157821036593,0.06312708876161094
0.1,64,21,fixed,0.09840608583306565,0.01619731293487514,0.0,0.00030517578125,0.00604248046875,0.04974774486681885,0.04974235763024999,0.05000538723656886,0.05198760131300662,0.24523173832384965,0.2509669484985048,0.05029873093992733,0.05241688214378603
0.1,64,22,full,0.09514444442131516,0.051033516546522106,0.0,0.048248291015625,0.04913330078125,0.05182453216815479,0.04924484289222131,0.05257968927593348,0.05228246756362972,0.2888184835580977,0.2903105162441185,0.3476452996527619,0.349323857935408
0.1,64,22,selected,0.09514444442131516,0.051033516546522106,10,0.0009765625,0.00555419921875,0.04984699884288039,0.04977796455694745,0.05006903428593295,0.05200618907081159,0.24611290184203338,0.2516354882719831,0.05131265861759815,0.05337373966589892
0.1,64,22,level,0.09514444442131516,0.051033516546522106,1,0.00567626953125,0.008697509765625,0.05072607710278283,0.05006305048046375,0.050663026622319085,0.052184316390061394,0.2544547184310523,0.2581745897999322,0.062319612205551746,0.06395309427652227
0.1,64,22,fixed,0.09514444442131516,0.051033516546522106,0.0,0.00042724609375,0.0059814453125,0.049759758322189825,0.04974230142914486,0.05001745689304497,0.05198623155498654,0.24526144879195863,0.25096276682366303,0.05031079814157549,0.05241560946176855
0.1,64,23,full,0.10190103771431286,-0.018655724779197524,0.0,0.0137939453125,0.015472412109375,0.049992385922130914,0.04924484289222131,0.05074754302990961,0.052321452602583196,0.26935486974382905,0.2765842519861052,0.27573772651008965,0.28315600762838167
0.1,64,23,selected,0.10190103771431286,-0.018655724779197524,10,0.00048828125,0.00604248046875,0.04976257733416082,0.04977796455694745,0.04998461277721338,0.05200771588883045,0.2458375607079747,0.2515825191426225,0.051098031168034866,0.05323792281191206
0.1,64,23,level,0.10190103771431286,-0.018655724779197524,1,0.0020751953125,0.007537841796875,0.04991604336136225,0.05006305048046375,0.049852992880898506,0.052204446218974215,0.2518220065313351,0.257674805909776,0.05986572736871864,0.06233958236902081
0.1,64,23,fixed,0.10190103771431286,-0.018655724779197524,0.0,0.000244140625,0.006134033203125,0.049736070640029856,0.04974192421207692,0.04999414642795294,0.051987636288255756,0.24520494594957987,0.2509718295360926,0.05028872446667975,0.052418667657640035
0.1,64,24,full,0.10280641281798156,-0.027298032691309815,0.0,0.018798828125,0.0189208984375,0.05060230355883029,0.04924484289222131,0.051357460666608984,0.052403057573244344,0.2698099104748878,0.27532559604064494,0.2695685159463609,0.27514117366616364
0.1,64,24,selected,0.10280641281798156,-0.027298032691309815,10,0.0006103515625,0.006072998046875,0.04975709759639293,0.04977796455694745,0.04997913303944548,0.05200796069109716,0.24581590521397895,0.2515764799604037,0.051075999567252256,0.05322212147540692
0.1,64,24,level,0.10280641281798156,-0.027298032691309815,1,0.002716064453125,0.0078125,0.04986328266902594,0.05006305048046375,0.04980023218856219,0.052207677191619076,0.2516218325684264,0.25761262117896333,0.05962970642486887,0.062155994467326274
0.1,64,24,fixed,0.10280641281798156,-0.027298032691309815,0.0,0.00030517578125,0.006134033203125,0.04973341063957225,0.04974171359053536,0.049991697049036894,0.05198756581501592,0.24519893171809345,0.25097267457483485,0.050286380521721144,0.052418898687593696
0.1,64,25,full,0.10088628278743653,-0.008784968213209732,0.0,0.007080078125,0.01068115234375,0.04949599008778363,0.04924484289222131,0.050251147195562326,0.052219034524601755,0.26953580639739927,0.2781574514208467,0.28346814065253473,0.2924555584603164
0.1,64,25,selected,0.10088628278743653,-0.008784968213209732,10,0.000335693359375,0.0059814453125,0.04977048628067494,0.04977796455694745,0.0499925217237275,0.05200786505841501,0.24586704099323517,0.2515910901574283,0.05112421817172606,0.05325625063831815
0.1,64,25,level,0.10088628278743653,-0.008784968213209732,1,0.001220703125,0.006927490234375,0.049988839737745705,0.05006305048046375,0.04992578925728196,0.05219886147165313,0.2520814756321379,0.25774923529095134,0.06014812039189879,0.06255703760641945
0.1,64,25,fixed,0.10088628278743653,-0.008784968213209732,0.0,0.00018310546875,0.006103515625,0.049739352001604696,0.0497420356783138,0.049997316323290894,0.051987730651772424,0.24521223177020832,0.25097046143515966,0.05029157224607914,0.05241833280351137
0.1,64,26,full,0.1032736681055472,-0.03169896223886859,0.0,0.021087646484375,0.020751953125,0.05097319157825614,0.04924484289222131,0.051728348686034833,0.052460402252823654,0.2702671557592341,0.2747240844246112,0.2666320585050921,0.2710976133742732
0.1,64,26,selected,0.1032736681055472,-0.03169896223886859,10,0.00067138671875,0.006103515625,0.04975456474272792,0.04977796455694745,0.04997660018578048,0.05200838480228416,0.2458073480937011,0.25157313284606647,0.05106657208599201,0.05321439208344004
0.1,64,26,level,0.1032736681055472,-0.03169896223886859,1,0.0029296875,0.007965087890625,0.04984196103509199,0.05006305048046375,0.04977891055462824,0.052205734350304844,0.25152960490777665,0.2575821682912478,0.05951332996172558,0.062061851229258294
0.1,64,26,fixed,0.1032736681055472,-0.03169896223886859,0.0,0.000335693359375,0.006134033203125,0.049732646902440156,0.04974194116512656,0.049990705737313595,0.05198766891108329,0.24519607509898694,0.2509734151441706,0.05028519417953724,0.052418857308481365
0.1,64,27,full,0.10216657864888834,-0.02120633457183818,0.0,0.0152587890625,0.0166015625,0.05015441228276259,0.04924484289222131,0.05090956939054128,0.05234480168130198,0.2694292018671728,0.27621461141670545,0.2738635268548257,0.2807804379308607
0.1,64,27,selected,0.10216657864888834,-0.02120633457183818,10,0.000518798828125,0.006072998046875,0.04976078730015865,0.04977796455694745,0.049982822743211204,0.05200766017499255,0.24583107736273963,0.25158019088072014,0.05109047384136214,0.05323268843822991
0.1,64,27,level,0.10216657864888834,-0.02120633457183818,1,0.002227783203125,0.007568359375,0.04990019772203628,0.05006305048046375,0.04983714724157254,0.05220624236525562,0.2517603959158759,0.25765527028100654,0.05979443607295733,0.06228672099973588
0.1,64,27,fixed,0.10216657864888834,-0.02120633457183818,0.0,0.000274658203125,0.006134033203125,0.0497354810113714,0.04974184711416456,0.049993633897206846,0.05198767993970833,0.24520309203686902,0.2509723920112833,0.05028800076773425,0.0524187193114853
0.1,64,28,full,0.09794670499709883,0.020963390273945448,0.0,0.018463134765625,0.020477294921875,0.04940814506628573,0.04924484289222131,0.05016330217406442,0.0521006095554106,0.2750211539871823,0.2837552735991844,0.3115112648894732,0.3209498616493432
0.1,64,28,selected,0.09794670499709883,0.020963390273945448,10,0.00054931640625,0.005828857421875,0.04980222196041507,0.04977796455694745,0.05002425740346763,0.052007816191553174,0.2459721166280171,0.25161216336117653,0.05120938375836781,0.05331296659297451
0.1,64,28,level,0.09794670499709883,0.020963390273945448,1,0.002471923828125,0.0059814453125,0.05028543969072065,0.05006305048046375,0.0502223892102569,0.052189810821799555,0.25309318672481573,0.2579569345391707,0.06112909807582257,0.06323770194530694
0.1,64,28,fixed,0.09794670499709883,0.020963390273945448,0.0,0.000335693359375,0.00604248046875,0.04974920493691364,0.04974238489862479,0.050006820038288845,0.05198736554668001,0.24523504949630742,0.2509659535131351,0.05030007421363881,0.05241678348496978
0.1,64,29,full,0.09594601388543966,0.04225278310572467,0.0,0.03887939453125,0.04022216796875,0.05082706562275187,0.04924484289222131,0.051582222730530564,0.05221016496527374,0.28387531015412015,0.28837095634877224,0.3363182133309892,0.3413042466416699
0.1,64,29,selected,0.09594601388543966,0.04225278310572467,10,0.000885009765625,0.005645751953125,0.04983310207980459,0.04977796455694745,0.05005513752285714,0.052007010391403104,0.24606992949766723,0.2516272713336952,0.05128179983114745,0.053355656412620314
0.1,64,29,level,0.09594601388543966,0.04225278310572467,1,0.004608154296875,0.0078125,0.05058079968396423,0.05006305048046375,0.05051774920350048,0.05218776451895506,0.25402517623019816,0.2581156070031683,0.061956912916046415,0.06374202566499004
0.1,64,29,fixed,0.09594601388543966,0.04225278310572467,0.0,0.00042724609375,0.0059814453125,0.04975624287548828,0.04974238309365747,0.050013859781830816,0.05198658497678741,0.24525433879457273,0.25096325856063156,0.050307524055681084,0.0524159982281767
0.1,64,30,full,0.09733758661250663,0.027352366954527474,0.0,0.024444580078125,0.026092529296875,0.04969486611173213,0.04924484289222131,0.05045002321951082,0.05211802576066054,0.27723808624933155,0.2851125899583385,0.31852689559587954,0.3271032452702091
0.1,64,30,selected,0.09733758661250663,0.027352366954527474,10,0.000640869140625,0.005767822265625,0.04981040814723489,0.04977796455694745,0.05003244359028745,0.05200732291132426,0.2459980866728049,0.2516174887570164,0.05123076292724824,0.0533257868655895
0.1,64,30,level,0.09733758661250663,0.027352366954527474,1,0.003204345703125,0.006500244140625,0.05036748709247119,0.05006305048046375,0.05030443661200745,0.05218922920059857,0.25335257560321933,0.2580028048473386,0.06136471669655359,0.06338862615119636
0.1,64,30,fixed,0.09733758661250663,0.027352366954527474,0.0,0.000396728515625,0.00604248046875,0.04975131168898697,0.049742274793987414,0.05000903689499956,0.0519872372849612,0.24524095762967396,0.25096471658510966,0.05030203979713229,0.052416432048325426
0.1,64,31,full,0.09972016407654047,0.002806212023926724,0.0,0.00286865234375,0.007232666015625,0.049197751399106524,0.04924484289222131,0.04995290850688522,0.05213468906086133,0.2707631128065858,0.2801991146127565,0.29355513596187743,0.30352751480831247
0.1,64,31,selected,0.09972016407654047,0.002806212023926724,10,0.00018310546875,0.00592041015625,0.049780996699694026,0.04977796455694745,0.05000303214274659,0.052007463328777204,0.24590456295884222,0.25159952796290064,0.05115587160654296,0.05327804668799746
0.1,64,31,level,0.09972016407654047,0.002806212023926724,1,0.000579833984375,0.00628662109375,0.05008967017975229,0.05006305048046375,0.05002661969928854,0.05219389605689403,0.25243521707937955,0.25783228294491445,0.06051260515243341,0.06281819358375654
0.1,64,31,fixed,0.09972016407654047,0.002806212023926724,0.0,0.000152587890625,0.006072998046875,0.049743233508915054,0.04974235081181923,0.050000882697095836,0.051987767885498776,0.2452212934450079,0.2509685150102593,0.05029463405994081,0.05241730386634663
0.1,64,32,full,0.09920838051442755,0.007979361032481869,0.0,0.007293701171875,0.010528564453125,0.049168980731422424,0.04924484289222131,0.04992413783920112,0.05211686317207676,0.2716890811605628,0.2811687404551237,0.2983806443842264,0.3084727167154591
0.1,64,32,selected,0.09920838051442755,0.007979361032481869,10,0.00030517578125,0.005889892578125,0.04978636958257989,0.04977796455694745,0.05000840502563244,0.052007686065546094,0.2459218817221308,0.251602840513868,0.051170367776602374,0.053288481591811626
0.1,64,32,level,0.09920838051442755,0.007979361032481869,1,0.001251220703125,0.006011962890625,0.05014005945552954,0.05006305048046375,0.050077008975065784,0.052193977681055895,0.25260981270773664,0.2578657518394446,0.06068166581873858,0.06293771607865195
0.1,64,32,fixed,0.09920838051442755,0.007979361032481869,0.0,0.00018310546875,0.006072998046875,0.04974503132409862,0.0497423961191714,0.05000263520492722,0.05198770447072073,0.2452252814471288,0.2509680976331559,0.05029620054161388,0.05241725595971225
0.1,64,33,full,0.10005256376824923,-0.0005253615326737959,0.0,0.0008544921875,0.0069580078125,0.0492567228998173,0.04924484289222131,0.05001188000759599,0.05215533205322769,0.2702883583764338,0.27958636464230935,0.2905612063374258,0.300328356380766
0.1,64,33,selected,0.10005256376824923,-0.0005253615326737959,10,0.0001220703125,0.00592041015625,0.04977750635162344,0.04977796455694745,0.04999954179467599,0.05200727617911982,0.24589338820246825,0.25159746750452183,0.0511467900299557,0.05327169977181069
0.1,64,33,level,0.10005256376824923,-0.0005253615326737959,1,0.000244140625,0.006500244140625,0.050058259361592666,0.05006305048046375,0.04999520888112892,0.05219527337976166,0.2523259046103218,0.25781027625424574,0.060405846173236924,0.06274453893109057
0.1,64,33,fixed,0.10005256376824923,-0.0005253615326737959,0.0,9.1552734375e-05,0.006072998046875,0.04974215904983183,0.04974230272981623,0.0499998563200156,0.051987820368823885,0.24521841665327845,0.25096955226364825,0.0502938334469718,0.05241786773541379
0.1,64,34,full,0.10031744699485404,-0.0031644245778136293,0.0,0.0030517578125,0.008392333984375,0.04931237743677032,0.04924484289222131,0.050067534544549014,0.05217981466619649,0.2699869862261748,0.27911582360257847,0.28823007285743535,0.2978074096958052
0.1,64,34,selected,0.10031744699485404,-0.0031644245778136293,10,0.000213623046875,0.00592041015625,0.04977504974018364,0.04977796455694745,0.049997085183236194,0.05200745295839694,0.2458853964572373,0.25159598379463244,0.051139070025598726,0.053266477837851295
0.1,64,34,level,0.10031744699485404,-0.0031644245778136293,1,0.00067138671875,0.006622314453125,0.050033862665665625,0.05006305048046375,0.049970812185201885,0.05219687456000437,0.25224654631197996,0.257793107194092,0.06032363508689986,0.0626841978570281
0.1,64,34,fixed,0.10031744699485404,-0.0031644245778136293,0.0,0.0001220703125,0.006072998046875,0.049741115489607884,0.049742240905709556,0.04999887458389833,0.051987783104843234,0.24521634703605583,0.2509699188524374,0.05029321959895059,0.052418045401270354
0.1,64,35,full,0.10305869705579136,-0.029679174520666818,0.0,0.01995849609375,0.01983642578125,0.05079711316308959,0.04924484289222131,0.05155227027086828,0.05243553272595277,0.27004404534151616,0.27499647029074586,0.26796347663259945,0.2729480327966248
0.1,64,35,selected,0.10305869705579136,-0.029679174520666818,10,0.000640869140625,0.006103515625,0.04975593848920165,0.04977796455694745,0.049977973932254206,0.052008477719332855,0.24581059013259815,0.25157492833609507,0.051071183622550566,0.05321793828369567
0.1,64,35,level,0.10305869705579136,-0.029679174520666818,1,0.00286865234375,0.007904052734375,0.049851974621872276,0.05006305048046375,0.049788924141408536,0.05220540792839157,0.2515703138237603,0.2575971148552363,0.05956686627069918,0.062106071372024896
0.1,64,35,fixed,0.10305869705579136,-0.029679174520666818,0.0,0.00030517578125,0.006134033203125,0.04973292895877901,0.04974197062218283,0.049990958336596183,0.05198757771678474,0.2451971796655229,0.2509730718060134,0.05028585572449407,0.05241892685445639
0.1,64,36,full,0.1044867850951756,-0.042941172810405104,0.0,0.026092529296875,0.024627685546875,0.05211311992742912,0.04924484289222131,0.052868277035207814,0.052577506909821645,0.2720721302868776,0.27328230630651024,0.25970880543414687,0.26084974918443715
0.1,64,36,selected,0.1044867850951756,-0.042941172810405104,10,0.000732421875,0.00616455078125,0.04974974744352931,0.04977796455694745,0.04997178288658186,0.052008848062010685,0.24578554412005488,0.2515654857520693,0.05104090285173138,0.05319156744517432
0.1,64,36,level,0.1044867850951756,-0.042941172810405104,1,0.003631591796875,0.008392333984375,0.049799354386715934,0.05006305048046375,0.049736303906252194,0.05220756271089129,0.25133225366344947,0.2575025138168643,0.05923977534309005,0.061824287136987496
0.1,64,36,fixed,0.1044867850951756,-0.042941172810405104,0.0,0.0003662109375,0.006134033203125,0.04972964531567409,0.04974208045056499,0.0499875648651091,0.05198808795503754,0.2451881129677542,0.2509740422128963,0.05028237270920518,0.052419229271315065
0.1,64,37,full,0.09924665699584312,0.007590613396564638,0.0,0.00689697265625,0.010223388671875,0.04916816804367949,0.04924484289222131,0.049923325151458184,0.0521168491117428,0.27160900990572245,0.28109757725714357,0.2980060668813467,0.3081036048044833
0.1,64,37,selected,0.09924665699584312,0.007590613396564638,10,0.00030517578125,0.005889892578125,0.049785988179829654,0.04977796455694745,0.05000802362288221,0.05200759922857966,0.24592058664031863,0.25160262098212494,0.0511690701464592,0.05328761626798395
0.1,64,37,level,0.09924665699584312,0.007590613396564638,1,0.001190185546875,0.00604248046875,0.05013585529540216,0.05006305048046375,0.05007280481493842,0.05219360135684204,0.2525969754401226,0.25786376888754625,0.06066841356307681,0.06292827356384692
0.1,64,37,fixed,0.09924665699584312,0.007590613396564638,0.0,0.00018310546875,0.006072998046875,0.04974496041713492,0.04974238017587726,0.05000258024125767,0.051987715799459384,0.2452250656109386,0.2509680865610498,0.050296082487252564,0.052417267928627706
0.1,64,38,full,0.09866368868547422,0.013544104546767466,0.0,0.01190185546875,0.014312744140625,0.049211762252023734,0.04924484289222131,0.049966919359802436,0.052097113566271044,0.27293895373892485,0.2822459894375788,0.303821376368657,0.31382418429615766
0.1,64,38,selected,0.09866368868547422,0.013544104546767466,10,0.00042724609375,0.005859375,0.049792028268163646,0.04977796455694745,0.0500140637112162,0.05200829131163533,0.24594402430339013,0.2516074441516008,0.05118750877986409,0.05329938311966366
0.1,64,38,level,0.09866368868547422,0.013544104546767466,1,0.001708984375,0.005706787109375,0.050198885015122985,0.05006305048046375,0.05013583453465924,0.05219231933563619,0.2528057540316938,0.2579043109193599,0.06087028556859514,0.06306664693174197
0.1,64,38,fixed,0.09866368868547422,0.013544104546767466,0.0,0.00030517578125,0.00604248046875,0.04974681575878006,0.04974248211669245,0.0500043336420876,0.051987474322276586,0.24522927152348167,0.2509672652662566,0.05029774841069744,0.05241688526500914
0.1,64,39,full,0.09871908453735964,0.012975357993272318,0.0,0.011444091796875,0.013885498046875,0.049201213097997826,0.04924484289222131,0.04995637020577652,0.05209687560741685,0.27279563448479094,0.2821359322616236,0.30324856016184215,0.3132779507042384
0.1,64,39,selected,0.09871908453735964,0.012975357993272318,10,0.000396728515625,0.005859375,0.049791348086151446,0.04977796455694745,0.050013383529204,0.05200827331118755,0.24594156013759888,0.2516069715277263,0.051185895277356105,0.05329825076526132
0.1,64,39,level,0.09871908453735964,0.012975357993272318,1,0.001678466796875,0.005767822265625,0.050192050479240746,0.05006305048046375,0.050128999998777,0.052192482184186866,0.2527856799556547,0.2579000108990885,0.060850509577716455,0.06305429273566354
0.1,64,39,fixed,0.09871908453735964,0.012975357993272318,0.0,0.00030517578125,0.006072998046875,0.04974651256778945,0.04974251404212409,0.05000399852566536,0.05198757626687058,0.24522884971739997,0.25096735610301824,0.05029752146360638,0.0524169215881489
0.1,64,40,full,0.10062289718620253,-0.006190411960111275,0.0,0.005401611328125,0.009857177734375,0.04940352490985529,0.04924484289222131,0.05015868201763399,0.05220067952565491,0.2697181700660416,0.27857963770069244,0.28563378909897164,0.29492733145528793
0.1,64,40,selected,0.10062289718620253,-0.006190411960111275,10,0.00030517578125,0.00592041015625,0.04977273400097859,0.04977796455694745,0.04999476944403115,0.05200798792049226,0.24587568599893894,0.25159350310383566,0.05113118903041682,0.05326118421481936
0.1,64,40,level,0.10062289718620253,-0.006190411960111275,1,0.001007080078125,0.00677490234375,0.050008900904197136,0.05006305048046375,0.049945850423733396,0.05219882506941857,0.2521565354308464,0.2577689630687954,0.06022795015144534,0.06261616108469273
0.1,64,40,fixed,0.10062289718620253,-0.006190411960111275,0.0,0.00018310546875,0.006103515625,0.04974019549904836,0.04974210164256675,0.049998093856481615,0.051987706886444385,0.2452139292846972,0.2509703308182898,0.050292250522841184,0.052418168279515676
0.1,64,41,full,0.09720854598907691,0.02871613789220495,0.0,0.02569580078125,0.027435302734375,0.04977183647981955,0.04924484289222131,0.05052699358759824,0.05212206504109093,0.2777551586228409,0.285407256232734,0.32007561383355243,0.32842343050514555
0.1,64,41,selected,0.09720854598907691,0.02871613789220495,10,0.000640869140625,0.005767822265625,0.0498120687512858,0.04977796455694745,0.050034104194338354,0.05200724862680545,0.2460033663450689,0.25161816747613386,0.051234779279707106,0.05332888577523168
0.1,64,41,level,0.09720854598907691,0.02871613789220495,1,0.0032958984375,0.006622314453125,0.050385713098177194,0.05006305048046375,0.050322662617713454,0.0521888207449317,0.2534110948472609,0.25801175068612536,0.06141764505127199,0.0634210319564473
0.1,64,41,fixed,0.09720854598907691,0.02871613789220495,0.0,0.000396728515625,0.00604248046875,0.049751785685670076,0.04974233573091348,0.050009449954756605,0.05198714314214062,0.24524238496687273,0.2509644182054648,0.05030246190554245,0.052416214516703794
0.1,64,42,full,0.09688161650318639,0.032187566737297946,0.0,0.02911376953125,0.030517578125,0.04999295643850525,0.04924484289222131,0.050748113546283946,0.05213422863300955,0.2791554789499598,0.28614263496964987,0.3240891114507616,0.33174891210409285
0.1,64,42,selected,0.09688161650318639,0.032187566737297946,10,0.000732421875,0.0057373046875,0.049817178765417275,0.04977796455694745,0.05003921420846983,0.0520068893868257,0.2460200657674183,0.25162044613565243,0.05124583490430533,0.053335985788496604
0.1,64,42,level,0.09688161650318639,0.032187566737297946,1,0.003631591796875,0.0069580078125,0.050433168291989086,0.05006305048046375,0.05037011781152534,0.052188590186669576,0.2535612610689367,0.2580387754351895,0.06155200967932451,0.06350196623422193
0.1,64,42,fixed,0.09688161650318639,0.032187566737297946,0.0,0.000396728515625,0.006011962890625,0.04975284585560996,0.049742287533240996,0.05001055832236897,0.05198701132975424,0.24524527675526317,0.2509637476492879,0.050303881692314256,0.05241607580005957
0.1,64,43,full,0.1015290753632052,-0.015060467730402816,0.0,0.0115966796875,0.013885498046875,0.049787783998304365,0.04924484289222131,0.05054294110608307,0.05227922868059353,0.26933427785081065,0.27714171891088074,0.2784642388537782,0.2865336321954997
0.1,64,43,selected,0.1015290753632052,-0.015060467730402816,10,0.00042724609375,0.00604248046875,0.04976521416939381,0.04977796455694745,0.04998724961244636,0.0520077632812036,0.24584826941474613,0.2515855074249257,0.05110730430195985,0.05324521495929156
0.1,64,43,level,0.1015290753632052,-0.015060467730402816,1,0.00177001953125,0.007293701171875,0.049941003946248605,0.05006305048046375,0.04987795346578486,0.05220197727292318,0.251914322503118,0.2576998499365189,0.059965127533479004,0.06242126918036014
0.1,64,43,fixed,0.1015290753632052,-0.015060467730402816,0.0,0.000213623046875,0.006134033203125,0.049737239382563136,0.049742013012095646,0.049995226370467494,0.05198760500519072,0.24520751532342347,0.2509716406243752,0.050289849436960535,0.052418495261920425
0.1,64,44,full,0.10141023542700844,-0.013906243497713633,0.0,0.01080322265625,0.013092041015625,0.04973283054963317,0.04924484289222131,0.05048798765741186,0.0522684543272278,0.26935046513443983,0.2773308968903916,0.27936662890545944,0.28761424238158373
0.1,64,44,selected,0.10141023542700844,-0.013906243497713633,10,0.000396728515625,0.00604248046875,0.04976617709538482,0.04977796455694745,0.049988212538437375,0.052007702519461095,0.24585204046646703,0.2515866470280693,0.0511105912620263,0.05324710274001564
0.1,64,44,level,0.10141023542700844,-0.013906243497713633,1,0.001678466796875,0.0072021484375,0.04994930543865973,0.05006305048046375,0.049886254958195986,0.05220119252639422,0.25194451958186226,0.2577079272576455,0.05999642845094052,0.062447371807084893
0.1,64,44,fixed,0.10141023542700844,-0.013906243497713633,0.0,0.000213623046875,0.006134033203125,0.04973751968655651,0.04974206251979454,0.049995457166761965,0.05198755498644071,0.2452085165298376,0.2509712966206561,0.05029024888097813,0.05241859002885429
0.1,64,45,full,0.09875666477880292,0.012589886707716769,0.0,0.011077880859375,0.013580322265625,0.049197545361959305,0.04924484289222131,0.049952702469738,0.0520997240622886,0.27270332146100723,0.28205921297464537,0.30286593040783677,0.31290616945020583
0.1,64,45,selected,0.09875666477880292,0.012589886707716769,10,0.000396728515625,0.005859375,0.049790972909652745,0.04977796455694745,0.0500130083527053,0.052008350906003115,0.24594012099577672,0.2516063567483448,0.0511845806200603,0.05329706651043523
0.1,64,45,level,0.09875666477880292,0.012589886707716769,1,0.001617431640625,0.00579833984375,0.050188042229896465,0.05006305048046375,0.05012499174943272,0.05219245733153806,0.25277073433486164,0.2578966646540082,0.06083751946048095,0.06304502292549335
0.1,64,45,fixed,0.09875666477880292,0.012589886707716769,0.0,0.00030517578125,0.006072998046875,0.04974642130984111,0.0497425129820223,0.05000390832781881,0.051987554639845474,0.24522848687782778,0.25096746879064835,0.05029749995355922,0.05241695742962059
0.1,64,46,full,0.09652788483534971,0.03597007404205299,0.0,0.032470703125,0.03387451171875,0.050274393253803076,0.04924484289222131,0.05102955036158177,0.0521660494978856,0.28080865664546356,0.2869698358861977,0.32859367004726486,0.3353683292343532
0.1,64,46,selected,0.09652788483534971,0.03597007404205299,10,0.000762939453125,0.005706787109375,0.04982240540003076,0.04977796455694745,0.050044440843083314,0.05200732965893468,0.24603741368379342,0.25162268719181424,0.051258991136960266,0.053343402408624334
0.1,64,46,level,0.09652788483534971,0.03597007404205299,1,0.003997802734375,0.00726318359375,0.050487421416586784,0.05006305048046375,0.050424370936123036,0.05218828321382538,0.2537294303091766,0.2580656574410583,0.06170085543092206,0.06359060954317027
0.1,64,46,fixed,0.09652788483534971,0.03597007404205299,0.0,0.00042724609375,0.006011962890625,0.049753945455089016,0.04974239297111105,0.05001155248397797,0.05198664000610324,0.2452484622711077,0.25096355139321647,0.05030502270033547,0.05241593435761768
0.1,64,47,full,0.09742336835911114,0.026447778231103225,0.0,0.02349853515625,0.025115966796875,0.04964834244229288,0.04924484289222131,0.050403499550071576,0.052115198634503306,0.27689774566308484,0.2849138698044385,0.3175043544298536,0.32623088922913285
0.1,64,47,selected,0.09742336835911114,0.026447778231103225,10,0.000640869140625,0.005767822265625,0.04980929813761016,0.04977796455694745,0.05003133358066272,0.05200752614714601,0.24599420343852166,0.25161646899853907,0.05122710245388215,0.05332368945925696
0.1,64,47,level,0.09742336835911114,0.026447778231103225,1,0.003143310546875,0.0064697265625,0.050356231570581715,0.05006305048046375,0.05029318109011796,0.05218910056964465,0.25331568373292207,0.2579981639774105,0.0613304773272026,0.06336547467733764
0.1,64,47,fixed,0.09742336835911114,0.026447778231103225,0.0,0.000396728515625,0.00604248046875,0.04975101880083287,0.04974223925782249,0.050008779543010376,0.051987352742054196,0.24524001956991326,0.25096496037471466,0.05030170652258662,0.05241651545504686
0.1,64,48,full,0.10627212893524714,-0.05901950961261737,0.0,0.031646728515625,0.02886962890625,0.054244255117158094,0.04924484289222131,0.05499941222493679,0.05272500603256478,0.2761788655365901,0.27135077407601793,0.25122538294848645,0.2464143769160811
0.1,64,48,selected,0.10627212893524714,-0.05901950961261737,10,0.0008544921875,0.0062255859375,0.04974594081684584,0.04977796455694745,0.0499679762598984,0.05200810548361631,0.2457630590345041,0.25155466378034885,0.05100870704568989,0.053162839397968384
0.1,64,48,level,0.10627212893524714,-0.05901950961261737,1,0.004608154296875,0.008819580078125,0.049770447666974076,0.05006305048046375,0.04970739718651032,0.05221331107005004,0.2511337924691964,0.25738302293084664,0.058889576099910156,0.061491755814141326
0.1,64,48,fixed,0.10627212893524714,-0.05901950961261737,0.0,0.00042724609375,0.006195068359375,0.04972499642236479,0.049741681098991054,0.04998331532337374,0.05198814867871277,0.24517798276655534,0.25097620113768593,0.050278882591705785,0.052420292264813546
0.1,64,49,full,0.10004091435090155,-0.0004089761790664337,0.0,0.000701904296875,0.006927490234375,0.04925497764181017,0.04924484289222131,0.050010134749588875,0.05215436163212213,0.270304339769302,0.27960945018110817,0.2906637152395378,0.3004396677068376
0.1,64,49,selected,0.10004091435090155,-0.0004089761790664337,10,0.0001220703125,0.00592041015625,0.04977762821015955,0.04977796455694745,0.0499996636532121,0.05200732892015124,0.24589376632795037,0.25159755190193156,0.05114698119160731,0.05327203012018628
0.1,64,49,level,0.10004091435090155,-0.0004089761790664337,1,0.000244140625,0.006500244140625,0.05005920743272575,0.05006305048046375,0.049996156952262005,0.05219570938214259,0.25232966319845807,0.2578108997063285,0.060409986467663976,0.06274692020760839
0.1,64,49,fixed,0.10004091435090155,-0.0004089761790664337,0.0,9.1552734375e-05,0.006072998046875,0.0497421393530264,0.04974230271007905,0.04999983664294734,0.05198783163019287,0.24521853712051864,0.2509695670764279,0.050293831785051736,0.05241784390448094
0.1,64,50,full,0.10202226391327665,-0.019821790222138702,0.0,0.0146484375,0.015838623046875,0.05006421993436576,0.04924484289222131,0.050819377042144454,0.05233357936845995,0.2693861879013597,0.2764146405888021,0.27487474838257786,0.2820657365035956
0.1,64,50,selected,0.10202226391327665,-0.019821790222138702,10,0.00048828125,0.00604248046875,0.049761877874951455,0.04977796455694745,0.04998391331800401,0.0520075898119951,0.24583433310895425,0.2515815232495035,0.05109474791430139,0.053235310178483694
0.1,64,50,level,0.10202226391327665,-0.019821790222138702,1,0.002166748046875,0.007537841796875,0.04990923898747348,0.05006305048046375,0.049846188507009725,0.05220470837662673,0.251793350931661,0.25766535404140845,0.05983313163460008,0.062314479727072915
0.1,64,50,fixed,0.10202226391327665,-0.019821790222138702,0.0,0.000274658203125,0.006134033203125,0.04973574254553721,0.049741906457979615,0.0499938360875576,0.05198769325627529,0.24520405154689037,0.25097229534592347,0.05028838156646909,0.05241881359288821
0.1,64,51,full,0.09999946997382986,5.300289794396562e-06,0.0,0.000152587890625,0.006622314453125,0.04924481251899437,0.04924484289222131,0.049999969626773055,0.052153054092410236,0.2703586209964798,0.27968314745362566,0.2910340135734291,0.3008368947954312
0.1,64,51,selected,0.09999946997382986,5.300289794396562e-06,10,6.103515625e-05,0.00592041015625,0.049777964556947454,0.04977796455694745,0.05000000000000001,0.052007340076958834,0.2458950978700592,0.2515979621410931,0.05114810333827423,0.05327311717902988
0.1,64,51,level,0.09999946997382986,5.300289794396562e-06,1,0.0001220703125,0.0064697265625,0.05006307812410304,0.05006305048046375,0.05000002764363928,0.05219541528866653,0.25234299368280166,0.25781363090775344,0.060422823561835044,0.06275597237671764
0.1,64,51,fixed,0.09999946997382986,5.300289794396562e-06,0.0,6.103515625e-05,0.006072998046875,0.0497422855738011,0.0497422855738011,0.05,0.05198783511956263,0.2452189660047779,0.25096954132551463,0.05029404060235852,0.05241781294998416
0.1,64,52,full,0.09898904791082264,0.010212767073869644,0.0,0.00909423828125,0.01202392578125,0.04917683167119626,0.04924484289222131,0.04993198877897495,0.05210964984035956,0.27215686383643467,0.28159289936973003,0.3005260705890547,0.3106328874515798
0.1,64,52,selected,0.09898904791082264,0.010212767073869644,3,0.000701904296875,0.005889892578125,0.049903521904909265,0.049867418664621355,0.05003610324028791,0.052050886916411646,0.2477618737677817,0.25328335279325,0.05363482366500062,0.05574032785517619
0.1,64,52,level,0.09898904791082264,0.010212767073869644,0.3,0.003173828125,0.006927490234375,0.0507536512614382,0.050486324237994665,0.05026732702344354,0.05271186966132892,0.2667970112572767,0.27184267605864587,0.08902760431485895,0.09182815350468838
0.1,64,52,fixed,0.09898904791082264,0.010212767073869644,0.0,0.000244140625,0.006072998046875,0.04974582431532458,0.04974246413593708,0.0500033601793875,0.05198763867250823,0.24522675273053846,0.25096770633023924,0.050296865643029605,0.052416949987788786
0.1,64,53,full,0.09599089338472977,0.04176548914074396,0.0,0.03826904296875,0.03955078125,0.050778812759487715,0.04924484289222131,0.05153396986726641,0.05220459229120377,0.2836193145723107,0.2882660263733348,0.33570943528852526,0.3408413996373454
0.1,64,53,selected,0.09599089338472977,0.04176548914074396,10,0.000885009765625,0.00567626953125,0.04983248211890281,0.04977796455694745,0.05005451756195536,0.05200687536034357,0.2460675765413433,0.2516272596704352,0.051280143750507025,0.05335482996631212
0.1,64,53,level,0.09599089338472977,0.04176548914074396,1,0.00457763671875,0.007781982421875,0.050572832291514366,0.05006305048046375,0.05050978181105062,0.05218796071994568,0.2540018749082124,0.2581111966570559,0.061937089592988534,0.06373152921675265
0.1,64,53,fixed,0.09599089338472977,0.04176548914074396,0.0,0.00042724609375,0.0059814453125,0.049756070908307984,0.04974235092347522,0.05001371998483277,0.05198646249868811,0.24525394386560073,0.25096316908929606,0.0503072249862051,0.05241602324823132
0.1,64,54,full,0.09649275984885859,0.03634718456218877,0.0,0.03289794921875,0.034088134765625,0.050303706659987305,0.04924484289222131,0.051058863767766,0.05216898427419809,0.2809802990634882,0.2870496163734543,0.32904342224578786,0.3357257342056845
0.1,64,54,selected,0.09649275984885859,0.03634718456218877,10,0.000762939453125,0.005706787109375,0.04982293864894659,0.04977796455694745,0.05004497409199914,0.0520072383001593,0.24603905124684752,0.2516232999481249,0.0512606074080765,0.05334413132882352
0.1,64,54,level,0.09649275984885859,0.03634718456218877,1,0.0040283203125,0.007354736328125,0.0504936737326542,0.05006305048046375,0.05043062325219044,0.052188190735695764,0.2537474402156478,0.2580689281910208,0.061715857197478546,0.0636002062895803
0.1,64,54,fixed,0.09649275984885859,0.03634718456218877,0.0,0.00042724609375,0.006011962890625,0.04975411573477502,0.04974239676899288,0.050011718965782145,0.051986648321553725,0.2452488645905767,0.25096353478939193,0.0503051366395522,0.052415980926938006
0.1,64,55,full,0.09573279734197294,0.04457409348213148,0.0,0.04144287109375,0.04266357421875,0.05106539988610152,0.04924484289222131,0.05182055699388022,0.05222850870474242,0.285109681056141,0.28889040841621416,0.3392621252309425,0.3434589325220684
0.1,64,55,selected,0.09573279734197294,0.04457409348213148,10,0.00091552734375,0.005615234375,0.049836602499104654,0.04977796455694745,0.05005863794215721,0.05200693009941741,0.24608077995113098,0.2516299356537529,0.05129008836178269,0.053360580318748255
0.1,64,55,level,0.09573279734197294,0.04457409348213148,1,0.0048828125,0.008026123046875,0.05061692121154614,0.05006305048046375,0.05055387073108239,0.05218639822816631,0.25413468990599175,0.2581322182483916,0.062052559249710315,0.06379766336472754
0.1,64,55,fixed,0.09573279734197294,0.04457409348213148,0.0,0.00042724609375,0.0059814453125,0.049757049693554156,0.04974237718561941,0.050014672507934746,0.05198664685215483,0.24525622964837512,0.25096287925605193,0.05030827588950669,0.05241597758438389
0.1,64,56,full,0.09749621853252492,0.025680805934435558,0.0,0.022735595703125,0.0244140625,0.0496076147942691,0.04924484289222131,0.0503627719020478,0.052112262676244414,0.27661643635427846,0.28475344765827826,0.31665768110462333,0.3254898947019357
0.1,64,56,selected,0.09749621853252492,0.025680805934435558,10,0.000640869140625,0.005767822265625,0.04980819877603494,0.04977796455694745,0.0500302342190875,0.052007575708136605,0.24599154966654924,0.2516158421006357,0.05122458880601507,0.053321863711706066
0.1,64,56,level,0.09749621853252492,0.025680805934435558,1,0.003082275390625,0.006439208984375,0.050346305670878194,0.05006305048046375,0.05028325519041445,0.052189219298555516,0.25328420319473566,0.2579926769343132,0.0613035834950548,0.06334893211762199
0.1,64,56,fixed,0.09749621853252492,0.025680805934435558,0.0,0.000396728515625,0.00604248046875,0.049750658833166796,0.04974225191398888,0.050008406919177927,0.05198725376672588,0.24523942057038595,0.2509650940433765,0.05030157360306749,0.05241656896898123
0.1,64,57,full,0.09887648910109309,0.011362770959213897,0.0,0.0101318359375,0.01287841796875,0.049183898704838316,0.04924484289222131,0.04993905581261701,0.052103703069355745,0.2724151966450146,0.28181656089193297,0.30165452566127393,0.3117321284632607
0.1,64,57,selected,0.09887648910109309,0.011362770959213897,10,0.000396728515625,0.005889892578125,0.04978988536554599,0.04977796455694745,0.050011920808598544,0.05200835045215936,0.24593519441101697,0.25160498909129947,0.05118076939369665,0.05329472061289866
0.1,64,57,level,0.09887648910109309,0.011362770959213897,1,0.001556396484375,0.005828857421875,0.05017503408823633,0.05006305048046375,0.05011198360777258,0.052192736172147695,0.25272631424232095,0.25788834742793953,0.06079611238010861,0.06301636835805592
0.1,64,57,fixed,0.09887648910109309,0.011362770959213897,0.0,0.000244140625,0.006072998046875,0.04974611429089762,0.04974245872038105,0.05000365557051657,0.05198761820523071,0.2452277310795755,0.25096755360359707,0.05029723460952488,0.052417067829706454
0.1,64,58,full,0.10086663464853791,-0.008591886222412692,0.0,0.00689697265625,0.01055908203125,0.04948819448427015,0.04924484289222131,0.050243351592048846,0.0522182944425578,0.2695456722768609,0.278190281785439,0.28362783412514836,0.29264100580144403
0.1,64,58,selected,0.10086663464853791,-0.008591886222412692,10,0.000335693359375,0.0059814453125,0.04977057936391753,0.04977796455694745,0.049992614806970086,0.052007882016029794,0.24586770447119993,0.2515914203095538,0.051124627342472154,0.05325652566349247
0.1,64,58,level,0.10086663464853791,-0.008591886222412692,1,0.001190185546875,0.00689697265625,0.049989959689353575,0.05006305048046375,0.04992690920888983,0.05219891374794525,0.2520864951090306,0.2577502740938024,0.06015411599615164,0.06256122103510411
0.1,64,58,fixed,0.10086663464853791,-0.008591886222412692,0.0,0.00018310546875,0.006103515625,0.049739408764245305,0.049742029828231095,0.04999737893601421,0.051987730297885705,0.2452124178319669,0.2509704145235551,0.0502916822988817,0.05241829942923877
0.1,64,59,full,0.09953588495155,0.004662791200137795,0.0,0.00457763671875,0.00836181640625,0.04918083270818689,0.04924484289222131,0.04993598981596559,0.05212877738697838,0.2710683205221578,0.2805418473105814,0.2952633589060333,0.30530043593692124
0.1,64,59,selected,0.09953588495155,0.004662791200137795,10,0.000244140625,0.005889892578125,0.049783393050090184,0.04977796455694745,0.05000542849314273,0.0520074697724876,0.24591063323611012,0.2516009017853545,0.05116107076785273,0.05328181971696944
0.1,64,59,level,0.09953588495155,0.004662791200137795,1,0.00079345703125,0.00616455078125,0.050106986272519055,0.05006305048046375,0.05004393579205531,0.05219494036341707,0.2524950674968364,0.25784408456138763,0.06057432511532995,0.06286032444904222
0.1,64,59,fixed,0.09953588495155,0.004662791200137795,0.0,0.000152587890625,0.006072998046875,0.04974400076400293,0.04974237223781637,0.05000162852618656,0.05198789255390676,0.24522262467487388,0.25096829977907487,0.05029509046013541,0.05241721231489534
0.1,64,60,full,0.10191397116006691,-0.018780262787138513,0.0,0.01385498046875,0.01544189453125,0.049999127965315776,0.04924484289222131,0.05075428507309447,0.05232188024979768,0.26935829521570126,0.2765648555570451,0.27564478034597595,0.2830379475572594
0.1,64,60,selected,0.10191397116006691,-0.018780262787138513,10,0.00048828125,0.00604248046875,0.049762480072597835,0.04977796455694745,0.049984515515650384,0.052007737990445495,0.2458373354299652,0.2515824616423122,0.05109781221020508,0.053237765845816874
0.1,64,60,level,0.10191397116006691,-0.018780262787138513,1,0.002105712890625,0.007537841796875,0.049915222768803905,0.05006305048046375,0.04985217228834016,0.05220435443527239,0.251819303000925,0.25767383966354773,0.059861874887104455,0.062336614052967546
0.1,64,60,fixed,0.10191397116006691,-0.018780262787138513,0.0,0.000244140625,0.006134033203125,0.04973605928929238,0.04974193329134524,0.04999412599794714,0.05198764070556575,0.24520489036531606,0.25097187677710586,0.05028870291254872,0.05241874207626883
0.1,64,61,full,0.09314891059799034,0.07354986073403924,0.0,0.075714111328125,0.076263427734375,0.05559412176894277,0.04924484289222131,0.05634927887672146,0.052316790483737705,0.3052390894871858,0.29493408702948354,0.37921285570739743,0.3681063872313327
0.1,64,61,selected,0.09314891059799034,0.07354986073403924,3,0.003631591796875,0.0068359375,0.05024310011991626,0.049867418664621355,0.05037568145529492,0.05204744020037623,0.24879034992642635,0.253445798875944,0.05439027466635915,0.05618261167364327
0.1,64,61,level,0.09314891059799034,0.07354986073403924,0.3,0.022247314453125,0.024658203125,0.05354144357892195,0.050486324237994665,0.053055119340927284,0.05252691743053997,0.2760110711416798,0.2732630678398108,0.10005762815672244,0.09849516265264927
0.1,64,61,fixed,0.09314891059799034,0.07354986073403924,0.0,0.00048828125,0.00592041015625,0.049767909699660454,0.049742327911877,0.050025581787783456,0.051985775365877604,0.24528285999938113,0.25096022099262616,0.050319190106565145,0.052414633679480765
0.1,64,62,full,0.09949854149258992,0.0050398578701520425,0.0,0.00494384765625,0.008514404296875,0.04917804189847355,0.04924484289222131,0.049933199006252246,0.052126915216880045,0.2711348632475722,0.28061201325050444,0.2956112619803579,0.30566101692351855
0.1,64,62,selected,0.09949854149258992,0.0050398578701520425,3,0.000518798828125,0.0059814453125,0.049884443105367285,0.049867418664621355,0.05001702444074593,0.05205215516613447,0.2476992360486261,0.25327043450166575,0.05358161452528125,0.055704075479652795
0.1,64,62,level,0.09949854149258992,0.0050398578701520425,0.3,0.00189208984375,0.00567626953125,0.05061028053554789,0.050486324237994665,0.05012395629755323,0.052724687913966596,0.2662609054330536,0.27171762193275606,0.08829786117444438,0.09131260253114346
0.1,64,62,fixed,0.09949854149258992,0.0050398578701520425,0.0,0.000152587890625,0.006072998046875,0.0497440713319581,0.04974234925118652,0.05000172208077158,0.05198786029687287,0.24522282682606072,0.2509680688323306,0.05029520480975472,0.05241724548750243
0.1,64,63,full,0.10399386331311687,-0.03840479799362462,0.0,0.02392578125,0.02288818359375,0.05162143417574824,0.04924484289222131,0.05237659128352694,0.0525344021253259,0.271229573500668,0.2738446214292516,0.2623996449060681,0.2649657159879722
0.1,64,63,selected,0.10399386331311687,-0.03840479799362462,10,0.000701904296875,0.006134033203125,0.04975177567193271,0.04977796455694745,0.04997381111498527,0.05200869546784656,0.24579335539874347,0.25156818389241387,0.051051195750883606,0.05320023618230614
0.1,64,63,level,0.10399386331311687,-0.03840479799362462,1,0.003387451171875,0.0081787109375,0.049813822437732524,0.05006305048046375,0.04975077195726878,0.05220723492356786,0.2514037407275044,0.25753760793073033,0.05934771127328963,0.06192145211547115
0.1,64,63,fixed,0.10399386331311687,-0.03840479799362462,0.0,0.000335693359375,0.006134033203125,0.04973083645229601,0.04974210866915339,0.04998872778314262,0.051987748789852704,0.24519152906112007,0.2509737936857998,0.05028349631471893,0.05241899709367017
0.1,1024,0,full,0.10027265758403694,-0.002719161839392026,0.0,0.00274658203125,0.008026123046875,0.049301276964186125,0.04924484289222131,0.05005643407196482,0.05217565374968995,0.2700347726888108,0.2791963780016045,0.28862385317646244,0.2982371701202997
0.1,1024,0,selected,0.10027265758403694,-0.002719161839392026,0.3,0.00115966796875,0.005889892578125,0.05042321258037141,0.050486324237994665,0.04993688834237675,0.05274207849274133,0.2655195691138093,0.2715295432231791,0.08724782645172721,0.09055073448645665
0.1,1024,0,level,0.10027265758403694,-0.002719161839392026,0,0.00274658203125,0.008026123046875,0.049301276964186125,0.04924484289222131,0.05005643407196482,0.05217565374968995,0.2700347726888108,0.2791963780016045,0.28862385317646244,0.2982371701202997
0.1,1024,0,fixed,0.10027265758403694,-0.002719161839392026,0.0,0.0001220703125,0.006072998046875,0.049741327936671256,0.04974223624242255,0.04999909169424871,0.05198784620063905,0.2452169250063519,0.25096983925955046,0.05029329781668336,0.052417994432994344
0.1,1024,1,full,0.1005034303217408,-0.005009085959844173,0.0,0.004547119140625,0.009246826171875,0.049367817800881036,0.04924484289222131,0.05012297490865973,0.05219704785109925,0.2698127313739839,0.27878644829683075,0.2866333346447559,0.29605277931539375
0.1,1024,1,selected,0.1005034303217408,-0.005009085959844173,0.3,0.001800537109375,0.006195068359375,0.05037190659123536,0.050486324237994665,0.0498855823532407,0.05274733113594876,0.2653142086303203,0.27147401448825315,0.08694523205201445,0.09032232296065935
0.1,1024,1,level,0.1005034303217408,-0.005009085959844173,0,0.004547119140625,0.009246826171875,0.049367817800881036,0.04924484289222131,0.05012297490865973,0.05219704785109925,0.2698127313739839,0.27878644829683075,0.2866333346447559,0.29605277931539375
0.1,1024,1,fixed,0.1005034303217408,-0.005009085959844173,0.0,0.000152587890625,0.006103515625,0.04974048822594909,0.04974221450674381,0.04999827371920528,0.051987777097359744,0.24521483847817432,0.25097023185551465,0.05029255748942421,0.052418130833656276
0.1,1024,2,full,0.10099045275693064,-0.009807390004622607,0.0,0.007781982421875,0.0111083984375,0.04953870119508964,0.04924484289222131,0.05029385830286834,0.052227432314928796,0.2694827514667554,0.27798841966535937,0.282626495381252,0.29148993286191227
0.1,1024,2,selected,0.10099045275693064,-0.009807390004622607,0.3,0.00311279296875,0.006500244140625,0.05027530460264989,0.050486324237994665,0.04978898036465522,0.0527549761605139,0.26490927789749874,0.27135710070636987,0.08633161377556632,0.08985720009458845
0.1,1024,2,level,0.10099045275693064,-0.009807390004622607,0,0.007781982421875,0.0111083984375,0.04953870119508964,0.04924484289222131,0.05029385830286834,0.052227432314928796,0.2694827514667554,0.27798841966535937,0.282626495381252,0.29148993286191227
0.1,1024,2,fixed,0.10099045275693064,-0.009807390004622607,0.0,0.00018310546875,0.006103515625,0.049739134094744224,0.049742002727677564,0.049997131367066655,0.05198773566024825,0.24521148924928504,0.25097047562515,0.050291271060685226,0.0524183751673698
0.1,1024,3,full,0.09904971779905936,0.00959399200781652,0.0,0.008544921875,0.011627197265625,0.049171501672020695,0.04924484289222131,0.04992665877979939,0.052108844435538024,0.27202574264304447,0.28146928766229873,0.2999231731865449,0.31003942931465744
0.1,1024,3,selected,0.09904971779905936,0.00959399200781652,0.3,0.003082275390625,0.006805419921875,0.050735269501159516,0.050486324237994665,0.050248945263164854,0.05271367665441515,0.2667304149739348,0.2718290420850622,0.08893887599623944,0.09176582206145537
0.1,1024,3,level,0.09904971779905936,0.00959399200781652,0,0.008544921875,0.011627197265625,0.049171501672020695,0.04924484289222131,0.04992665877979939,0.052108844435538024,0.27202574264304447,0.28146928766229873,0.2999231731865449,0.31003942931465744
0.1,1024,3,fixed,0.09904971779905936,0.00959399200781652,0.0,0.000213623046875,0.006072998046875,0.04974562704438072,0.049742442547652754,0.05000318449672797,0.0519876648523784,0.24522651729547518,0.2509677793801738,0.050296579784188764,0.05241700046614839
0.1,1024,4,full,0.10100672630585711,-0.009966923418631035,0.0,0.007904052734375,0.01116943359375,0.04954649247364644,0.04924484289222131,0.050301649581425134,0.052228829175318923,0.26947355130228046,0.27796230583424253,0.2824987555908257,0.29133773751252456
0.1,1024,4,selected,0.10100672630585711,-0.009966923418631035,0.3,0.003173828125,0.00653076171875,0.05027184198721818,0.050486324237994665,0.04978551774922352,0.05275554053353282,0.26489669509651104,0.2713529693728835,0.08631117359062729,0.08984214613648642
0.1,1024,4,level,0.10100672630585711,-0.009966923418631035,0,0.007904052734375,0.01116943359375,0.04954649247364644,0.04924484289222131,0.050301649581425134,0.052228829175318923,0.26947355130228046,0.27796230583424253,0.2824987555908257,0.29133773751252456
0.1,1024,4,fixed,0.10100672630585711,-0.009966923418631035,0.0,0.00018310546875,0.006103515625,0.0497390184155126,0.04974203981610884,0.04999697859940377,0.051987740563830376,0.24521136096016674,0.2509705527223777,0.05029118877651657,0.05241841900982756
0.1,1024,5,full,0.10089211593495673,-0.008842275996390647,0.0,0.007080078125,0.01068115234375,0.04949791516780684,0.04924484289222131,0.050253072275585536,0.052219786515445475,0.2695317881199396,0.27814783460333214,0.2834212567157631,0.2924012550989651
0.1,1024,5,selected,0.10089211593495673,-0.008842275996390647,0.3,0.002777099609375,0.006439208984375,0.05029503229861998,0.050486324237994665,0.04980870806062532,0.05275447283921013,0.2649895068787458,0.2713811916539705,0.0864520485783557,0.08995130983411331
0.1,1024,5,level,0.10089211593495673,-0.008842275996390647,0,0.007080078125,0.01068115234375,0.04949791516780684,0.04924484289222131,0.050253072275585536,0.052219786515445475,0.2695317881199396,0.27814783460333214,0.2834212567157631,0.2924012550989651
0.1,1024,5,fixed,0.10089211593495673,-0.008842275996390647,0.0,0.00018310546875,0.006103515625,0.049739351353285735,0.049742035654191906,0.04999731569909383,0.05198774432256547,0.24521224479885784,0.2509704611379779,0.05029151339214906,0.05241836006690914
0.1,1024,6,full,0.10138986984109284,-0.013708172653453143,0.0,0.0106201171875,0.013031005859375,0.04972204814457826,0.04924484289222131,0.05047720525235695,0.052266620209964934,0.26935445455110024,0.2773618558830693,0.2795221190576238,0.2877995606425856
0.1,1024,6,selected,0.10138986984109284,-0.013708172653453143,0.3,0.004058837890625,0.0068359375,0.05020393159211668,0.050486324237994665,0.04971760735412202,0.05276140971810503,0.2646011971538873,0.271260620021831,0.08584965013975913,0.08947858688287615
0.1,1024,6,level,0.10138986984109284,-0.013708172653453143,0,0.0106201171875,0.013031005859375,0.04972204814457826,0.04924484289222131,0.05047720525235695,0.052266620209964934,0.26935445455110024,0.2773618558830693,0.2795221190576238,0.2877995606425856
0.1,1024,6,fixed,0.10138986984109284,-0.013708172653453143,0.0,0.000213623046875,0.006134033203125,0.04973766089425056,0.04974210114130494,0.04999555975294563,0.05198753573057799,0.2452086913273132,0.250971325611573,0.050290335867190894,0.05241857320529096
0.1,1024,7,full,0.09994797705721915,0.0005205002073336296,0.0,0.0008544921875,0.00634765625,0.04923517804833997,0.04924484289222131,0.04999033515611867,0.05214676786055559,0.2704292639216022,0.27977752082699436,0.2914916884208668,0.3013324015007568
0.1,1024,7,selected,0.09994797705721915,0.0005205002073336296,0.3,0.000457763671875,0.005615234375,0.05049848724820623,0.050486324237994665,0.050012163010211566,0.05273503302327662,0.2658192619103634,0.2716089086821738,0.08768042858187325,0.09086689429627844
0.1,1024,7,level,0.09994797705721915,0.0005205002073336296,0,0.0008544921875,0.00634765625,0.04923517804833997,0.04924484289222131,0.04999033515611867,0.05214676786055559,0.2704292639216022,0.27977752082699436,0.2914916884208668,0.3013324015007568
0.1,1024,7,fixed,0.09994797705721915,0.0005205002073336296,0.0,9.1552734375e-05,0.006072998046875,0.049742439221414636,0.0497423348109622,0.05000010441045244,0.05198781782734263,0.24521925880933343,0.25096926603339637,0.050294238942907986,0.05241776535843774
0.1,1024,8,full,0.10008422393326591,-0.0008415305625196767,0.0,0.001129150390625,0.007110595703125,0.049262784612892664,0.04924484289222131,0.050017941720671366,0.05215609973688394,0.27025190017930173,0.27953201584892784,0.29028007345494794,0.300024670036825
0.1,1024,8,selected,0.10008422393326591,-0.0008415305625196767,0.3,0.00054931640625,0.005767822265625,0.05046583788988439,0.050486324237994665,0.049979513651889726,0.05273837818883172,0.26569286984722335,0.2715719243795567,0.08749683123779198,0.09073406818725517
0.1,1024,8,level,0.10008422393326591,-0.0008415305625196767,0,0.001129150390625,0.007110595703125,0.049262784612892664,0.04924484289222131,0.050017941720671366,0.05215609973688394,0.27025190017930173,0.27953201584892784,0.29028007345494794,0.300024670036825
0.1,1024,8,fixed,0.10008422393326591,-0.0008415305625196767,0.0,9.1552734375e-05,0.006072998046875,0.04974204731260826,0.049742273121262066,0.04999977419134621,0.051987878894403705,0.2452181702889775,0.25096956428116257,0.05029375057691821,0.05241788541282039
0.1,1024,9,full,0.10057195200794858,-0.005686993207642765,0.0,0.005157470703125,0.009521484375,0.049387941731872366,0.04924484289222131,0.05014309883965107,0.052200694436381305,0.2697569767864285,0.2786657710968516,0.28606058912154325,0.29541733218726335
0.1,1024,9,selected,0.10057195200794858,-0.005686993207642765,0.3,0.00189208984375,0.0062255859375,0.05035794010683669,0.050486324237994665,0.04987161586884202,0.05274877068920443,0.26525555665249223,0.27145780083472854,0.0868569464397251,0.09025522745887912
0.1,1024,9,level,0.10057195200794858,-0.005686993207642765,0,0.005157470703125,0.009521484375,0.049387941731872366,0.04924484289222131,0.05014309883965107,0.052200694436381305,0.2697569767864285,0.2786657710968516,0.28606058912154325,0.29541733218726335
0.1,1024,9,fixed,0.10057195200794858,-0.005686993207642765,0.0,0.00018310546875,0.006103515625,0.04974031106894504,0.0497421907725428,0.04999812029640224,0.05198776189349746,0.2452142394528777,0.25097029002969595,0.05029244677722,0.05241816782791514
0.1,1024,10,full,0.10040972787233676,-0.004080559533610972,0.0,0.003692626953125,0.008758544921875,0.049336830328468376,0.04924484289222131,0.05009198743624707,0.0521888919476884,0.26989880435979696,0.2789518087708688,0.28743176183980135,0.2969361036174916
0.1,1024,10,selected,0.10040972787233676,-0.004080559533610972,0.3,0.001556396484375,0.006072998046875,0.05039241276633552,0.050486324237994665,0.04990608852834086,0.052745604187308955,0.2653955943825984,0.27149614220045143,0.08706790847518064,0.09041389616212106
0.1,1024,10,level,0.10040972787233676,-0.004080559533610972,0,0.003692626953125,0.008758544921875,0.049336830328468376,0.04924484289222131,0.05009198743624707,0.0521888919476884,0.26989880435979696,0.2789518087708688,0.28743176183980135,0.2969361036174916
0.1,1024,10,fixed,0.10040972787233676,-0.004080559533610972,0.0,0.0001220703125,0.006072998046875,0.04974079898542723,0.04974223435849809,0.04999856462692914,0.05198787837929418,0.24521563790989812,0.2509699642482778,0.050292938844985736,0.05241805806479155
0.1,1024,11,full,0.1004749541570585,-0.004727090059837846,0.0,0.00433349609375,0.00909423828125,0.049358088399373355,0.04924484289222131,0.05011324550715204,0.05219385173103687,0.2698362345544998,0.27883474453232604,0.2868762327206932,0.29632453116994073
0.1,1024,11,selected,0.1004749541570585,-0.004727090059837846,0.3,0.001739501953125,0.006134033203125,0.05037810328557943,0.050486324237994665,0.04989177904758477,0.05274812139437622,0.2653398913759434,0.2714798361663767,0.08698260930746783,0.09035148214636113
0.1,1024,11,level,0.1004749541570585,-0.004727090059837846,0,0.00433349609375,0.00909423828125,0.049358088399373355,0.04924484289222131,0.05011324550715204,0.05219385173103687,0.2698362345544998,0.27883474453232604,0.2868762327206932,0.29632453116994073
0.1,1024,11,fixed,0.1004749541570585,-0.004727090059837846,0.0,0.000152587890625,0.006103515625,0.04974058481510865,0.04974221053238455,0.049998374282724106,0.05198785126170448,0.24521503910057277,0.25097013321775824,0.05029264287652855,0.05241803321859688
0.1,1024,12,full,0.0993567464277471,0.00647418112388265,0.0,0.00604248046875,0.009429931640625,0.04916845564259853,0.04924484289222131,0.049923612750377225,0.052120943350569895,0.27139508474237173,0.28088491510473623,0.2969463088760159,0.3070365876688629
0.1,1024,12,selected,0.0993567464277471,0.00647418112388265,0.3,0.0023193359375,0.006103515625,0.050649529117721,0.050486324237994665,0.050163204879726336,0.05272108086238341,0.2664055450084243,0.2717513287892007,0.08849708087282791,0.09145604449628034
0.1,1024,12,level,0.0993567464277471,0.00647418112388265,0,0.00604248046875,0.009429931640625,0.04916845564259853,0.04924484289222131,0.049923612750377225,0.052120943350569895,0.27139508474237173,0.28088491510473623,0.2969463088760159,0.3070365876688629
0.1,1024,12,fixed,0.0993567464277471,0.00647418112388265,0.0,0.000152587890625,0.006072998046875,0.04974449957864753,0.04974239781701874,0.050002101761628795,0.051987728483592885,0.24522427513613781,0.25096805770150526,0.050295595429701107,0.052417357443805365
0.1,1024,13,full,0.09869538172757375,0.013218635457810546,0.0,0.011627197265625,0.0140380859375,0.04920537029798366,0.04924484289222131,0.049960527405762345,0.05209802648121804,0.2728570471456628,0.2821863135382445,0.3034928403008169,0.31351221308486066
0.1,1024,13,selected,0.09869538172757375,0.013218635457810546,0.3,0.00396728515625,0.00762939453125,0.05084090018379954,0.050486324237994665,0.05035457594580488,0.05270210065227712,0.26712174581986736,0.27191530762292737,0.08946053037034041,0.09212640905323852
0.1,1024,13,level,0.09869538172757375,0.013218635457810546,0,0.011627197265625,0.0140380859375,0.04920537029798366,0.04924484289222131,0.049960527405762345,0.05209802648121804,0.2728570471456628,0.2821863135382445,0.3034928403008169,0.31351221308486066
0.1,1024,13,fixed,0.09869538172757375,0.013218635457810546,0.0,0.00030517578125,0.006072998046875,0.04974663271065837,0.04974254466592715,0.050004088044731214,0.05198757477962499,0.2452289055356685,0.25096731205347145,0.05029760134163598,0.05241688490887587
0.1,1024,14,full,0.09998892475350682,0.00011076473239901574,0.0,0.000335693359375,0.006561279296875,0.04924279751075072,0.04924484289222131,0.049997954618529405,0.052150935409819174,0.2703725841814739,0.27970441435858473,0.29112768015644575,0.30093889825192366
0.1,1024,14,selected,0.09998892475350682,0.00011076473239901574,0.3,0.000213623046875,0.005645751953125,0.0504887414053829,0.050486324237994665,0.050002417167388236,0.05273581888701667,0.26578315591511376,0.27159803355644574,0.08762437029265782,0.09082573692111381
0.1,1024,14,level,0.09998892475350682,0.00011076473239901574,0,0.000335693359375,0.006561279296875,0.04924279751075072,0.04924484289222131,0.049997954618529405,0.052150935409819174,0.2703725841814739,0.27970441435858473,0.29112768015644575,0.30093889825192366
0.1,1024,14,fixed,0.09998892475350682,0.00011076473239901574,0.0,6.103515625e-05,0.006072998046875,0.0497423470537285,0.049742314701344464,0.05000003235238404,0.051987811309895784,0.24521902108529553,0.25096944253753195,0.05029407155566168,0.05241781829337907
0.1,1024,15,full,0.10086883259349554,-0.00861348913392257,0.0,0.006927490234375,0.01055908203125,0.04948896919585144,0.04924484289222131,0.050244126303630135,0.052218243811517184,0.2695450699318573,0.27818624974992645,0.28360998451296004,0.2926208136218488
0.1,1024,15,selected,0.10086883259349554,-0.00861348913392257,0.3,0.002716064453125,0.00640869140625,0.050299054749483596,0.050486324237994665,0.049812730511488934,0.052754957180012184,0.265007744313071,0.2713851365286661,0.08648148832657457,0.08997305876108565
0.1,1024,15,level,0.10086883259349554,-0.00861348913392257,0,0.006927490234375,0.01055908203125,0.04948896919585144,0.04924484289222131,0.050244126303630135,0.052218243811517184,0.2695450699318573,0.27818624974992645,0.28360998451296004,0.2926208136218488
0.1,1024,15,fixed,0.10086883259349554,-0.00861348913392257,0.0,0.00018310546875,0.006103515625,0.04973935220278103,0.049742029828231095,0.049997322374549936,0.051987730297885705,0.2452123717027683,0.2509704184712894,0.050291682298881646,0.052418299448856495
0.1,1024,16,full,0.09908076221209006,0.009277661650828328,0.0,0.00836181640625,0.011444091796875,0.04917131646829613,0.04924484289222131,0.049926473576074826,0.05211114544987708,0.27195718494493554,0.28140584515488987,0.29961474793100484,0.3097284045837575
0.1,1024,16,selected,0.09908076221209006,0.009277661650828328,0.3,0.003021240234375,0.00677490234375,0.05072608450656983,0.050486324237994665,0.05023976026857517,0.05271380026152902,0.266696888961064,0.2718201765647431,0.0888934505710143,0.09173342796853418
0.1,1024,16,level,0.09908076221209006,0.009277661650828328,0,0.00836181640625,0.011444091796875,0.04917131646829613,0.04924484289222131,0.049926473576074826,0.05211114544987708,0.27195718494493554,0.28140584515488987,0.29961474793100484,0.3097284045837575
0.1,1024,16,fixed,0.09908076221209006,0.009277661650828328,0.0,0.000213623046875,0.006072998046875,0.04974550608384544,0.04974243173181157,0.05000307435203387,0.051987717755794964,0.2452263543582644,0.2509679583996862,0.05029651320599299,0.05241692100604797
0.1,1024,17,full,0.10028810350819424,-0.0028727585637382536,0.0,0.00286865234375,0.008148193359375,0.049304938481074166,0.04924484289222131,0.050060095588852854,0.05217780103666721,0.270017451063399,0.2791689131422813,0.28848775502499246,0.2980933363560928
0.1,1024,17,selected,0.10028810350819424,-0.0028727585637382536,0.3,0.001190185546875,0.00592041015625,0.050420124090284034,0.050486324237994665,0.049933799852289365,0.052742480258356546,0.26550547826060045,0.27152623879271,0.08722664509496188,0.09053432517055465
0.1,1024,17,level,0.10028810350819424,-0.0028727585637382536,0,0.00286865234375,0.008148193359375,0.049304938481074166,0.04924484289222131,0.050060095588852854,0.05217780103666721,0.270017451063399,0.2791689131422813,0.28848775502499246,0.2980933363560928
0.1,1024,17,fixed,0.10028810350819424,-0.0028727585637382536,0.0,0.0001220703125,0.006072998046875,0.049741240228162814,0.04974223624241933,0.04999900398574349,0.05198778847673717,0.24521664068521298,0.2509698970913586,0.05029327924155608,0.05241798933517104
0.1,1024,18,full,0.09928298808297055,0.007221901061541969,0.0,0.006622314453125,0.00994873046875,0.04916889921081587,0.04924484289222131,0.04992405631859456,0.05211772427725239,0.27153356686073343,0.28102852963666036,0.2976566295769329,0.3077468881172481
0.1,1024,18,selected,0.09928298808297055,0.007221901061541969,0.3,0.002532958984375,0.0062255859375,0.05066865628470085,0.050486324237994665,0.05018233204670619,0.05271813260298189,0.2664830824531875,0.2717692663153557,0.08860170911297927,0.09153135705986025
0.1,1024,18,level,0.09928298808297055,0.007221901061541969,0,0.006622314453125,0.00994873046875,0.04916889921081587,0.04924484289222131,0.04992405631859456,0.05211772427725239,0.27153356686073343,0.28102852963666036,0.2976566295769329,0.3077468881172481
0.1,1024,18,fixed,0.09928298808297055,0.007221901061541969,0.0,0.000152587890625,0.006072998046875,0.04974482724589266,0.04974235596242354,0.05000247128346912,0.051987718085113675,0.2452248380221903,0.25096807703586105,0.050295899375486064,0.05241724453417241
0.1,1024,19,full,0.10093004698278035,-0.009214768154611197,0.0,0.00732421875,0.01092529296875,0.049513222113908385,0.04924484289222131,0.05026837922168709,0.0522241104990029,0.2695128043549857,0.2780887233423771,0.2831128182026923,0.2920472442472896
0.1,1024,19,selected,0.10093004698278035,-0.009214768154611197,0.3,0.00299072265625,0.0064697265625,0.050287661494869185,0.050486324237994665,0.04980133725687452,0.052755418559648805,0.26495805501912956,0.2713727890109857,0.08640689411788709,0.08991599404164954
0.1,1024,19,level,0.10093004698278035,-0.009214768154611197,0,0.00732421875,0.01092529296875,0.049513222113908385,0.04924484289222131,0.05026837922168709,0.0522241104990029,0.2695128043549857,0.2780887233423771,0.2831128182026923,0.2920472442472896
0.1,1024,19,fixed,0.10093004698278035,-0.009214768154611197,0.0,0.00018310546875,0.006103515625,0.049739348185323426,0.049742000528714234,0.049997347656609195,0.05198769286628554,0.24521202896298655,0.2509704932199939,0.0502913563462961,0.052418390787977394
0.1,1024,20,full,0.10076379348067195,-0.007580038963285518,0.0,0.00628662109375,0.010284423828125,0.049451531946085654,0.04924484289222131,0.050206689053864356,0.052210138226573014,0.26961132292035084,0.27835206692052605,0.2844686772192792,0.29360885275303983
0.1,1024,20,selected,0.10076379348067195,-0.007580038963285518,0.3,0.00238037109375,0.00634765625,0.050319636144647004,0.050486324237994665,0.04983331190665234,0.05275377654709765,0.26509391240382507,0.27141170470107684,0.08661228004253221,0.09007468848643865
0.1,1024,20,level,0.10076379348067195,-0.007580038963285518,0,0.00628662109375,0.010284423828125,0.049451531946085654,0.04924484289222131,0.050206689053864356,0.052210138226573014,0.26961132292035084,0.27835206692052605,0.2844686772192792,0.29360885275303983
0.1,1024,20,fixed,0.10076379348067195,-0.007580038963285518,0.0,0.00018310546875,0.006103515625,0.04973966931010328,0.04974199178030706,0.04999767752979622,0.05198772360328001,0.24521316886605357,0.25097055061757695,0.05029192944346203,0.052418189909919435
0.1,1024,21,full,0.10073326900629904,-0.007279313116039021,0.0,0.006103515625,0.01025390625,0.0494397701134061,0.04924484289222131,0.05019492722118479,0.052208338133847,0.26963273814609623,0.27840088089684134,0.2847188082717561,0.2938918853805551
0.1,1024,21,selected,0.10073326900629904,-0.007279313116039021,0.3,0.0023193359375,0.006317138671875,0.05032548668644911,0.050486324237994665,0.04983916244845445,0.052752321804929,0.2651190602761133,0.2714189766887501,0.08665005540962614,0.09010467848313407
0.1,1024,21,level,0.10073326900629904,-0.007279313116039021,0,0.006103515625,0.01025390625,0.0494397701134061,0.04924484289222131,0.05019492722118479,0.052208338133847,0.26963273814609623,0.27840088089684134,0.2847188082717561,0.2938918853805551
0.1,1024,21,fixed,0.10073326900629904,-0.007279313116039021,0.0,0.00018310546875,0.006103515625,0.04973978226065065,0.04974203750730097,0.049997744753349685,0.051987680373588946,0.24521323731788677,0.25097040504214596,0.050292038918055074,0.05241819711292623
0.1,1024,22,full,0.09987470162273475,0.0012545557105998473,0.0,0.001556396484375,0.006195068359375,0.04922201515999314,0.04924484289222131,0.04997717226777183,0.052143908424368515,0.2705309784733657,0.27991040989641164,0.2921503907240821,0.3020365405249289
0.1,1024,22,selected,0.09987470162273475,0.0012545557105998473,0.3,0.00067138671875,0.005584716796875,0.0505161802846905,0.050486324237994665,0.05002985604669584,0.05273166453350875,0.2658889175272998,0.2716249252808266,0.08777790223384899,0.09093777435732475
0.1,1024,22,level,0.09987470162273475,0.0012545557105998473,0,0.001556396484375,0.006195068359375,0.04922201515999314,0.04924484289222131,0.04997717226777183,0.052143908424368515,0.2705309784733657,0.27991040989641164,0.2921503907240821,0.3020365405249289
0.1,1024,22,fixed,0.09987470162273475,0.0012545557105998473,0.0,0.0001220703125,0.006072998046875,0.04974274870225816,0.04974237898940919,0.05000036971284897,0.05198784189240605,0.2452199466482679,0.2509690438132739,0.05029430260056701,0.05241756484763274
0.1,1024,23,full,0.10057342393996355,-0.005701545373515748,0.0,0.005126953125,0.009552001953125,0.04938824942233983,0.04924484289222131,0.050143406530118534,0.05220030082502487,0.26975564841677124,0.2786618235146841,0.286047272407758,0.29540245403509424
0.1,1024,23,selected,0.10057342393996355,-0.005701545373515748,0.3,0.00189208984375,0.0062255859375,0.05035761818386911,0.050486324237994665,0.049871293945874445,0.05274880145583208,0.2652542705846047,0.27145728120907786,0.08685506810633674,0.09025416557028422
0.1,1024,23,level,0.10057342393996355,-0.005701545373515748,0,0.005126953125,0.009552001953125,0.04938824942233983,0.04924484289222131,0.050143406530118534,0.05220030082502487,0.26975564841677124,0.2786618235146841,0.286047272407758,0.29540245403509424
0.1,1024,23,fixed,0.10057342393996355,-0.005701545373515748,0.0,0.00018310546875,0.006103515625,0.04974031090008266,0.04974215541256388,0.04999815548751878,0.05198776189349746,0.24521423688457217,0.25097029188122477,0.05029244677722,0.05241816782791514
0.1,1024,24,full,0.10047918127727591,-0.004768960805458744,0.0,0.00433349609375,0.009124755859375,0.04935960477560195,0.04924484289222131,0.050114761883380654,0.052194097165044896,0.2698323778765615,0.27882741169660735,0.2868403670558792,0.29628549009823446
0.1,1024,24,selected,0.10047918127727591,-0.004768960805458744,0.3,0.001739501953125,0.00616455078125,0.05037699442976623,0.050486324237994665,0.04989067019177157,0.05274797512801495,0.2653359588515173,0.27147906457946197,0.08697748286488241,0.09034694916120553
0.1,1024,24,level,0.10047918127727591,-0.004768960805458744,0,0.00433349609375,0.009124755859375,0.04935960477560195,0.04924484289222131,0.050114761883380654,0.052194097165044896,0.2698323778765615,0.27882741169660735,0.2868403670558792,0.29628549009823446
0.1,1024,24,fixed,0.10047918127727591,-0.004768960805458744,0.0,0.000152587890625,0.006103515625,0.04974058508755042,0.04974221053238455,0.049998374555165884,0.051987824616077816,0.24521503910052406,0.25097013321775824,0.050292642867775295,0.05241804710230985
0.1,1024,25,full,0.09908460812360044,0.009238487124636707,0.0,0.00836181640625,0.01141357421875,0.04917090463589935,0.04924484289222131,0.049926061743678044,0.05211083432167922,0.27194904039845325,0.28139788277413175,0.29957578394431583,0.3096900117409648
0.1,1024,25,selected,0.09908460812360044,0.009238487124636707,0.3,0.00299072265625,0.0067138671875,0.050724927591167625,0.050486324237994665,0.05023860335317297,0.052713909211043714,0.2666929749637648,0.2718193402054656,0.08888838375995828,0.09172902544999581
0.1,1024,25,level,0.09908460812360044,0.009238487124636707,0,0.00836181640625,0.01141357421875,0.04917090463589935,0.04924484289222131,0.049926061743678044,0.05211083432167922,0.27194904039845325,0.28139788277413175,0.29957578394431583,0.3096900117409648
0.1,1024,25,fixed,0.09908460812360044,0.009238487124636707,0.0,0.000213623046875,0.006072998046875,0.04974549067222481,0.04974241705004982,0.05000307362217499,0.05198771775579524,0.2452263538306026,0.2509680022691627,0.0502965096224187,0.05241695531568085
0.1,1024,26,full,0.09953514914305508,0.004670218118393743,0.0,0.00457763671875,0.00836181640625,0.049180859907439436,0.04924484289222131,0.04993601701521813,0.05212882404256025,0.2710697438345351,0.2805436735446799,0.29526979963645894,0.30530795911485
0.1,1024,26,selected,0.09953514914305508,0.004670218118393743,0.3,0.00177001953125,0.005584716796875,0.05060136830531242,0.050486324237994665,0.05011504406731776,0.05272558074607848,0.26622553306269436,0.27170604504044815,0.0882457184855467,0.09127716723379563
0.1,1024,26,level,0.09953514914305508,0.004670218118393743,0,0.00457763671875,0.00836181640625,0.049180859907439436,0.04924484289222131,0.04993601701521813,0.05212882404256025,0.2710697438345351,0.2805436735446799,0.29526979963645894,0.30530795911485
0.1,1024,26,fixed,0.09953514914305508,0.004670218118393743,0.0,0.000152587890625,0.006072998046875,0.04974400076416614,0.04974237223781637,0.050001628526349776,0.05198789255390676,0.24522262467487388,0.25096829977907487,0.05029509046013541,0.05241721231489534
0.1,1024,27,full,0.10112559223134202,-0.011130636731076171,0.0,0.008819580078125,0.011688232421875,0.049597077418992885,0.04924484289222131,0.05035223452677158,0.052235822189902595,0.2694143934633423,0.2777734776225336,0.281560015866299,0.2902421894061274
0.1,1024,27,selected,0.10112559223134202,-0.011130636731076171,0.3,0.00347900390625,0.006591796875,0.05024985040915814,0.050486324237994665,0.049763526171163475,0.052758220326165596,0.26480331312769545,0.271325388785098,0.08616383911666264,0.08972848567472194
0.1,1024,27,level,0.10112559223134202,-0.011130636731076171,0,0.008819580078125,0.011688232421875,0.049597077418992885,0.04924484289222131,0.05035223452677158,0.052235822189902595,0.2694143934633423,0.2777734776225336,0.281560015866299,0.2902421894061274
0.1,1024,27,fixed,0.10112559223134202,-0.011130636731076171,0.0,0.00018310546875,0.006103515625,0.04973869937430634,0.04974216187310418,0.04999653750120217,0.05198765150782734,0.24521005115524977,0.2509708674981218,0.05029090687349136,0.052418529695296784
0.1,1024,28,full,0.10018071700164606,-0.001803910044316126,0.0,0.002044677734375,0.007537841796875,0.0492807957017016,0.04924484289222131,0.0500359528094803,0.05216619549620355,0.27013730681482784,0.27936382581445907,0.2894238077690221,0.29910919221414345
0.1,1024,28,selected,0.10018071700164606,-0.001803910044316126,0.3,0.000823974609375,0.00579833984375,0.050443584967536426,0.050486324237994665,0.049957260729541764,0.05274098556179596,0.2656013726795852,0.2715495633549466,0.08737020130060802,0.09063910332176484
0.1,1024,28,level,0.10018071700164606,-0.001803910044316126,0,0.002044677734375,0.007537841796875,0.0492807957017016,0.04924484289222131,0.0500359528094803,0.05216619549620355,0.27013730681482784,0.27936382581445907,0.2894238077690221,0.29910919221414345
0.1,1024,28,fixed,0.10018071700164606,-0.001803910044316126,0.0,0.0001220703125,0.006072998046875,0.049741666037717604,0.04974227297232542,0.049999393065392195,0.05198780219229965,0.24521753620952963,0.2509697530547271,0.05029352328349046,0.05241791847584934
0.1,1024,29,full,0.0986853211983588,0.013321928587522125,0.0,0.011749267578125,0.014129638671875,0.04920770095894102,0.04924484289222131,0.04996285806671971,0.05209859463835213,0.272882057567298,0.282205260230324,0.30359582231955307,0.31361146577827603
0.1,1024,29,selected,0.0986853211983588,0.013321928587522125,0.3,0.0040283203125,0.007659912109375,0.05084424761337032,0.050486324237994665,0.05035792337537566,0.052702306987936196,0.2671328658259642,0.27191818509510535,0.08947547209425466,0.09213706974623681
0.1,1024,29,level,0.0986853211983588,0.013321928587522125,0,0.011749267578125,0.014129638671875,0.04920770095894102,0.04924484289222131,0.04996285806671971,0.05209859463835213,0.272882057567298,0.282205260230324,0.30359582231955307,0.31361146577827603
0.1,1024,29,fixed,0.0986853211983588,0.013321928587522125,0.0,0.00030517578125,0.006072998046875,0.04974677253686581,0.049742525578717514,0.0500042469581483,0.05198752143927502,0.24522906866367994,0.2509672786489235,0.05029767544580252,0.05241688377357999
0.1,1024,30,full,0.10008756043084473,-0.0008748382962658896,0.0,0.00115966796875,0.007110595703125,0.04926329586757869,0.04924484289222131,0.05001845297535738,0.05215649093119598,0.27024799278301426,0.2795257868032941,0.290250926293404,0.29999187855941367
0.1,1024,30,selected,0.10008756043084473,-0.0008748382962658896,0.3,0.00054931640625,0.005767822265625,0.050464830046720116,0.050486324237994665,0.049978505808725454,0.05273851104626687,0.26568998449494935,0.27157124187620585,0.08749269032067086,0.09073030168234658
0.1,1024,30,level,0.10008756043084473,-0.0008748382962658896,0,0.00115966796875,0.007110595703125,0.04926329586757869,0.04924484289222131,0.05001845297535738,0.05215649093119598,0.27024799278301426,0.2795257868032941,0.290250926293404,0.29999187855941367
0.1,1024,30,fixed,0.10008756043084473,-0.0008748382962658896,0.0,9.1552734375e-05,0.006072998046875,0.049742009534256025,0.049742273121262066,0.049999736412993954,0.05198787827866544,0.24521816376526157,0.25096955482784056,0.050293750034992916,0.052417885412820886
0.1,1024,31,full,0.09966855370805094,0.003325485116598914,0.0,0.003265380859375,0.007598876953125,0.04919387854703318,0.04924484289222131,0.049949035654811874,0.05213160495622616,0.27084549049794565,0.280291519140738,0.2940340800142265,0.3040271625667409
0.1,1024,31,selected,0.09966855370805094,0.003325485116598914,0.3,0.001373291015625,0.005340576171875,0.050568344883950435,0.050486324237994665,0.05008202064595578,0.05272704914278921,0.26608947174889186,0.2716727426343264,0.08806204839271112,0.09114340292644457
0.1,1024,31,level,0.09966855370805094,0.003325485116598914,0,0.003265380859375,0.007598876953125,0.04919387854703318,0.04924484289222131,0.049949035654811874,0.05213160495622616,0.27084549049794565,0.280291519140738,0.2940340800142265,0.3040271625667409
0.1,1024,31,fixed,0.09966855370805094,0.003325485116598914,0.0,0.000152587890625,0.006072998046875,0.04974337864651443,0.04974235754150456,0.050001021105009875,0.051987846581465436,0.24522174660577029,0.2509684843931514,0.050294850567755525,0.052417328479711964
0.1,1024,32,full,0.0989199835331672,0.010918081749080377,0.0,0.009735107421875,0.012481689453125,0.04918022086944985,0.04924484289222131,0.04993537797722855,0.05210629544246888,0.2723123905084529,0.28173061155347945,0.3012233108543684,0.3113086145900168
0.1,1024,32,selected,0.0989199835331672,0.010918081749080377,0.3,0.00335693359375,0.007049560546875,0.050774792830496476,0.050486324237994665,0.050288468592501814,0.052710794145318235,0.2668713622004239,0.27185869217402925,0.0891282773148818,0.09189827354926691
0.1,1024,32,level,0.0989199835331672,0.010918081749080377,0,0.009735107421875,0.012481689453125,0.04918022086944985,0.04924484289222131,0.04993537797722855,0.05210629544246888,0.2723123905084529,0.28173061155347945,0.3012233108543684,0.3113086145900168
0.1,1024,32,fixed,0.0989199835331672,0.010918081749080377,0.0,0.000244140625,0.006072998046875,0.04974611511821533,0.04974248887703012,0.050003626241185206,0.05198763973149999,0.2452272638505998,0.2509675950102267,0.05029717892971379,0.05241697768349559
0.1,1024,33,full,0.10059150641272728,-0.00588028188284917,0.0,0.00518798828125,0.009613037109375,0.049394800735366784,0.04924484289222131,0.05014995784314548,0.052200240731532926,0.2697428250893356,0.2786338936830613,0.2858956113464398,0.29523101201989377
0.1,1024,33,selected,0.10059150641272728,-0.00588028188284917,0.3,0.001983642578125,0.0062255859375,0.05035337080352545,0.050486324237994665,0.04986704656553079,0.052749583582421794,0.2652390345152227,0.27145237162982055,0.08683119553771411,0.09023658514583505
0.1,1024,33,level,0.10059150641272728,-0.00588028188284917,0,0.00518798828125,0.009613037109375,0.049394800735366784,0.04924484289222131,0.05014995784314548,0.052200240731532926,0.2697428250893356,0.2786338936830613,0.2858956113464398,0.29523101201989377
0.1,1024,33,fixed,0.10059150641272728,-0.00588028188284917,0.0,0.00018310546875,0.006103515625,0.0497402400482075,0.049742127460390584,0.04999811258781692,0.05198775643264167,0.24521417438036647,0.25097027485952983,0.050292459948103316,0.05241815594646397
0.1,1024,34,full,0.0993565094046885,0.006476582150148902,0.0,0.00604248046875,0.009429931640625,0.049168507184336005,0.04924484289222131,0.0499236642921147,0.05212097404324773,0.27139558609066483,0.2808852478374974,0.2969484292136746,0.30703883462681714
0.1,1024,34,selected,0.0993565094046885,0.006476582150148902,0.3,0.0023193359375,0.006103515625,0.05064953072660153,0.050486324237994665,0.050163206488606865,0.05272102638677352,0.26640583897766085,0.2717513227186489,0.08849732770354682,0.09145639864735176
0.1,1024,34,level,0.0993565094046885,0.006476582150148902,0,0.00604248046875,0.009429931640625,0.049168507184336005,0.04924484289222131,0.0499236642921147,0.05212097404324773,0.27139558609066483,0.2808852478374974,0.2969484292136746,0.30703883462681714
0.1,1024,34,fixed,0.0993565094046885,0.006476582150148902,0.0,0.000152587890625,0.006072998046875,0.04974449957864753,0.04974239781701874,0.050002101761628795,0.051987728483592885,0.24522427579869122,0.25096805770150526,0.050295595429701107,0.05241735753431302
0.1,1024,35,full,0.09920277893706453,0.008036277526471736,0.0,0.007354736328125,0.010589599609375,0.0491696929721845,0.04924484289222131,0.049924850079963196,0.052117249023187116,0.2717006694885917,0.2811792236147753,0.29843187760504686,0.308526535051418
0.1,1024,35,selected,0.09920277893706453,0.008036277526471736,0.3,0.002655029296875,0.006439208984375,0.050689878375968236,0.050486324237994665,0.050203554137973574,0.052716493475213955,0.26656684292163113,0.27179171064224505,0.0887131917153052,0.09160941590423939
0.1,1024,35,level,0.09920277893706453,0.008036277526471736,0,0.007354736328125,0.010589599609375,0.0491696929721845,0.04924484289222131,0.049924850079963196,0.052117249023187116,0.2717006694885917,0.2811792236147753,0.29843187760504686,0.308526535051418
0.1,1024,35,fixed,0.09920277893706453,0.008036277526471736,0.0,0.00018310546875,0.006072998046875,0.04974507702381778,0.04974239540651452,0.050002681617303264,0.05198770451888987,0.2452253113811375,0.2509681068083178,0.05029620055458173,0.05241725530283767
0.1,1024,36,full,0.10066426765199477,-0.006598842543524941,0.0,0.00567626953125,0.010040283203125,0.049417780208984505,0.04924484289222131,0.0501729373167632,0.05220341803413073,0.2696844001220275,0.2785103531732772,0.2852942845639835,0.29453760960679753
0.1,1024,36,selected,0.10066426765199477,-0.006598842543524941,0.3,0.002166748046875,0.0062255859375,0.05033991605804196,0.050486324237994665,0.0498535918200473,0.052750809200698814,0.2651780142859168,0.2714360798635945,0.08673783969089124,0.09016980735047378
0.1,1024,36,level,0.10066426765199477,-0.006598842543524941,0,0.00567626953125,0.010040283203125,0.049417780208984505,0.04924484289222131,0.0501729373167632,0.05220341803413073,0.2696844001220275,0.2785103531732772,0.2852942845639835,0.29453760960679753
0.1,1024,36,fixed,0.10066426765199477,-0.006598842543524941,0.0,0.00018310546875,0.006103515625,0.049740044352060045,0.04974202103278469,0.04999802331927536,0.051987690764288816,0.24521372592848617,0.25097031112188667,0.050292174380421543,0.052418210074849134
0.1,1024,37,full,0.10165246428126407,-0.01625601792290865,0.0,0.0123291015625,0.014495849609375,0.049851004832663734,0.04924484289222131,0.05060616194044243,0.05228970915022782,0.2693342556880023,0.2769509215794327,0.2775468751370027,0.2853997327659748
0.1,1024,37,selected,0.10165246428126407,-0.01625601792290865,0.3,0.004791259765625,0.0069580078125,0.050159053071962695,0.050486324237994665,0.04967272883396803,0.05276569483510671,0.2644069011412319,0.27119194861304696,0.08554371681892477,0.08923593380583343
0.1,1024,37,level,0.10165246428126407,-0.01625601792290865,0,0.0123291015625,0.014495849609375,0.049851004832663734,0.04924484289222131,0.05060616194044243,0.05228970915022782,0.2693342556880023,0.2769509215794327,0.2775468751370027,0.2853997327659748
0.1,1024,37,fixed,0.10165246428126407,-0.01625601792290865,0.0,0.000244140625,0.006134033203125,0.0497369439738815,0.04974194123410516,0.04999500273977634,0.05198751724792587,0.245206727664274,0.25097175839767427,0.050289442828086686,0.052418600540253435
0.1,1024,38,full,0.0998414515245195,0.0015880025085730498,0.0,0.001800537109375,0.0064697265625,0.049216242510911445,0.04924484289222131,0.04997139961869014,0.05214422192401434,0.270575015437317,0.27997483353046015,0.29245441051200816,0.3023615969557377
0.1,1024,38,selected,0.0998414515245195,0.0015880025085730498,0.3,0.00079345703125,0.005584716796875,0.05052460132891974,0.050486324237994665,0.05003827709092508,0.0527318939476739,0.2659196310635864,0.27163337075665084,0.08782261524524124,0.09096807734555362
0.1,1024,38,level,0.0998414515245195,0.0015880025085730498,0,0.001800537109375,0.0064697265625,0.049216242510911445,0.04924484289222131,0.04997139961869014,0.05214422192401434,0.270575015437317,0.27997483353046015,0.29245441051200816,0.3023615969557377
0.1,1024,38,fixed,0.0998414515245195,0.0015880025085730498,0.0,0.0001220703125,0.006072998046875,0.04974282105587209,0.049742326565538925,0.05000049449033317,0.05198781216792333,0.24522024025613026,0.2509688916331272,0.05029440996950126,0.05241751491513181
0.1,1024,39,full,0.09902386881204023,0.009857534346719987,0.0,0.008819580078125,0.011749267578125,0.049174203370776715,0.04924484289222131,0.04992936047855541,0.05210819391417418,0.27208238567838117,0.28152178603570077,0.300177484230417,0.3102949739942652
0.1,1024,39,selected,0.09902386881204023,0.009857534346719987,0.3,0.003143310546875,0.00689697265625,0.0507430036948491,0.050486324237994665,0.05025667945685443,0.0527127822663683,0.2667590017665229,0.2718349466213087,0.08897673677959161,0.0917921299670365
0.1,1024,39,level,0.09902386881204023,0.009857534346719987,0,0.008819580078125,0.011749267578125,0.049174203370776715,0.04924484289222131,0.04992936047855541,0.05210819391417418,0.27208238567838117,0.28152178603570077,0.300177484230417,0.3102949739942652
0.1,1024,39,fixed,0.09902386881204023,0.009857534346719987,0.0,0.000213623046875,0.006072998046875,0.04974566245599181,0.04974243653746403,0.05000322591852778,0.051987663619554765,0.24522664088090157,0.2509676687148298,0.050296752349222505,0.05241698564016201
0.1,1024,40,full,0.09958994972816443,0.004117386071132989,0.0,0.003936767578125,0.008087158203125,0.04918559687825047,0.04924484289222131,0.049940753986029165,0.05213043218176372,0.27097586070863655,0.2804397931488358,0.29475915567629074,0.30478024005753857
0.1,1024,40,selected,0.09958994972816443,0.004117386071132989,0.3,0.001617431640625,0.005462646484375,0.05058781771841357,0.050486324237994665,0.05010149348041891,0.052726711870226615,0.2661699712521265,0.2716931088776062,0.08816901872172293,0.09122244058295688
0.1,1024,40,level,0.09958994972816443,0.004117386071132989,0,0.003936767578125,0.008087158203125,0.04918559687825047,0.04924484289222131,0.049940753986029165,0.05213043218176372,0.27097586070863655,0.2804397931488358,0.29475915567629074,0.30478024005753857
0.1,1024,40,fixed,0.09958994972816443,0.004117386071132989,0.0,0.000152587890625,0.006072998046875,0.049743829159875255,0.04974227587963463,0.050001553280240627,0.051987863411517954,0.2452220983091462,0.2509684025447354,0.05029507923872006,0.05241727486528423
0.1,1024,41,full,0.09895043133179579,0.010607014583744911,0.0,0.009429931640625,0.0123291015625,0.04917843102439881,0.04924484289222131,0.049933588132177506,0.05210716810801348,0.27224491941663687,0.2816709358561471,0.30091473587097206,0.3110139172579711
0.1,1024,41,selected,0.09895043133179579,0.010607014583744911,0.3,0.003265380859375,0.00701904296875,0.050765708234122464,0.050486324237994665,0.0502793839961278,0.05271065478200235,0.2668388066749736,0.271852727631288,0.08908250159676179,0.09186825577745811
0.1,1024,41,level,0.09895043133179579,0.010607014583744911,0,0.009429931640625,0.0123291015625,0.04917843102439881,0.04924484289222131,0.049933588132177506,0.05210716810801348,0.27224491941663687,0.2816709358561471,0.30091473587097206,0.3110139172579711
0.1,1024,41,fixed,0.09895043133179579,0.010607014583744911,0.0,0.000244140625,0.006072998046875,0.04974601725485184,0.04974248962825108,0.05000352762660076,0.051987613807747524,0.24522705746149875,0.2509677180204285,0.0502970073620433,0.052416948755883534
0.1,1024,42,full,0.09949643968413432,0.00506108879337086,0.0,0.0050048828125,0.008544921875,0.049177393213124906,0.04924484289222131,0.0499325503209036,0.0521269878042633,0.27113824100366013,0.28061646929918727,0.2956307867934305,0.3056812598290498
0.1,1024,42,selected,0.09949643968413432,0.00506108879337086,0.3,0.00189208984375,0.00567626953125,0.05061101441696257,0.050486324237994665,0.05012469017896791,0.05272479691213755,0.26626294036518516,0.27171816409522714,0.08830068613479303,0.09131497380213302
0.1,1024,42,level,0.09949643968413432,0.00506108879337086,0,0.0050048828125,0.008544921875,0.049177393213124906,0.04924484289222131,0.0499325503209036,0.0521269878042633,0.27113824100366013,0.28061646929918727,0.2956307867934305,0.3056812598290498
0.1,1024,42,fixed,0.09949643968413432,0.00506108879337086,0.0,0.000152587890625,0.006072998046875,0.049744071331959336,0.04974234925118652,0.05000172208077282,0.051987854715997726,0.24522284982801953,0.2509680460781707,0.050295205269709486,0.05241722196725196
0.1,1024,43,full,0.09979105746216639,0.0020938002176480452,0.0,0.0023193359375,0.00677490234375,0.04920929032065338,0.04924484289222131,0.04996444742843208,0.05214141165636238,0.27065290956663823,0.2800693771493771,0.29290976301565486,0.3028462515713965
0.1,1024,43,selected,0.09979105746216639,0.0020938002176480452,0.3,0.00091552734375,0.005523681640625,0.050536876479869985,0.050486324237994665,0.050050552241875323,0.05273019545678374,0.2659694287354446,0.27164492172690846,0.08789225842214586,0.09101817720154129
0.1,1024,43,level,0.09979105746216639,0.0020938002176480452,0,0.0023193359375,0.00677490234375,0.04920929032065338,0.04924484289222131,0.04996444742843208,0.05214141165636238,0.27065290956663823,0.2800693771493771,0.29290976301565486,0.3028462515713965
0.1,1024,43,fixed,0.09979105746216639,0.0020938002176480452,0.0,0.0001220703125,0.006072998046875,0.04974296740313977,0.04974235737678374,0.050000610026356036,0.051987742310022275,0.24522067129336644,0.2509689134918768,0.05029448968233176,0.052417430455582587
0.1,1024,44,full,0.09856187164399006,0.014591122632132247,0.0,0.012847900390625,0.0150146484375,0.04923191637781447,0.04924484289222131,0.04998707348559317,0.052093467020971604,0.2732042372549263,0.2824547597908239,0.3048803856360234,0.31482172956064014
0.1,1024,44,selected,0.09856187164399006,0.014591122632132247,0.3,0.00433349609375,0.008148193359375,0.050883291608145705,0.050486324237994665,0.05039696737015105,0.052696119676221065,0.2672736763078183,0.27194815801362937,0.089657219704676,0.09226649774721904
0.1,1024,44,level,0.09856187164399006,0.014591122632132247,0,0.012847900390625,0.0150146484375,0.04923191637781447,0.04924484289222131,0.04998707348559317,0.052093467020971604,0.2732042372549263,0.2824547597908239,0.3048803856360234,0.31482172956064014
0.1,1024,44,fixed,0.09856187164399006,0.014591122632132247,0.0,0.00030517578125,0.00604248046875,0.049747155491886234,0.04974244528916853,0.0500047102027177,0.05198744810713237,0.24523027780152648,0.2509671637138952,0.050298048883934694,0.052416881273655375
0.1,1024,45,full,0.09928050741067641,0.007247068010514779,0.0,0.00665283203125,0.009979248046875,0.049169070735288686,0.04924484289222131,0.04992422784306738,0.05211797018343595,0.2715376542075708,0.28103282880992686,0.297681161117322,0.3077719059746052
0.1,1024,45,selected,0.09928050741067641,0.007247068010514779,0.3,0.002532958984375,0.0062255859375,0.05066911944937462,0.050486324237994665,0.05018279521137996,0.05271793297785375,0.26648565219414444,0.27177028762497546,0.08860490950616651,0.09153342712262147
0.1,1024,45,level,0.09928050741067641,0.007247068010514779,0,0.00665283203125,0.009979248046875,0.049169070735288686,0.04924484289222131,0.04992422784306738,0.05211797018343595,0.2715376542075708,0.28103282880992686,0.297681161117322,0.3077719059746052
0.1,1024,45,fixed,0.09928050741067641,0.007247068010514779,0.0,0.000152587890625,0.006072998046875,0.04974482724589266,0.04974235596242354,0.05000247128346912,0.05198771821034601,0.24522487442826718,0.25096811378937967,0.050295899375486064,0.05241724453456991
0.1,1024,46,full,0.10087029537028994,-0.008627865786405398,0.0,0.006927490234375,0.01055908203125,0.04948950519695952,0.04924484289222131,0.050244662304738216,0.05221812701442439,0.2695439913459293,0.2781835693750675,0.28359798064730474,0.2926072189632136
0.1,1024,46,selected,0.10087029537028994,-0.008627865786405398,0.3,0.002716064453125,0.00640869140625,0.05029892643315053,0.050486324237994665,0.04981260219515586,0.05275499333681688,0.2650065242962468,0.2713848422950461,0.08648000425372701,0.08997168912110592
0.1,1024,46,level,0.10087029537028994,-0.008627865786405398,0,0.006927490234375,0.01055908203125,0.04948950519695952,0.04924484289222131,0.050244662304738216,0.05221812701442439,0.2695439913459293,0.2781835693750675,0.28359798064730474,0.2926072189632136
0.1,1024,46,fixed,0.10087029537028994,-0.008627865786405398,0.0,0.00018310546875,0.006103515625,0.04973935220278103,0.049742029828231095,0.049997322374549936,0.05198773045703458,0.24521237079015684,0.2509704234648984,0.050291644650081166,0.052418299448856495
0.1,1024,47,full,0.09933620743850548,0.006682282106506232,0.0,0.006195068359375,0.009613037109375,0.04916756924551207,0.04924484289222131,0.04992272635329076,0.052121541196479534,0.2714354796222154,0.2809213634480191,0.29714163306759533,0.3072315734664194
0.1,1024,47,selected,0.09933620743850548,0.006682282106506232,0.3,0.00238037109375,0.006134033203125,0.05065483411176027,0.050486324237994665,0.0501685098737656,0.052720350811444286,0.26642763867590663,0.2717561209574654,0.08852720662111649,0.09147573566215456
0.1,1024,47,level,0.09933620743850548,0.006682282106506232,0,0.006195068359375,0.009613037109375,0.04916756924551207,0.04924484289222131,0.04992272635329076,0.052121541196479534,0.2714354796222154,0.2809213634480191,0.29714163306759533,0.3072315734664194
0.1,1024,47,fixed,0.09933620743850548,0.006682282106506232,0.0,0.000152587890625,0.006072998046875,0.049744601146485955,0.04974241571016258,0.05000218543632337,0.05198776593539137,0.24522448586007806,0.25096795929856447,0.050295744210921575,0.05241731910267269
0.1,1024,48,full,0.09943253805765843,0.005707004502012447,0.0,0.0054931640625,0.009002685546875,0.049173393527551346,0.04924484289222131,0.04992855063533004,0.052125228936296786,0.2712538000706246,0.28073724008434736,0.2962319378810718,0.3063041867573489
0.1,1024,48,selected,0.09943253805765843,0.005707004502012447,0.3,0.0020751953125,0.005859375,0.05062873845146981,0.050486324237994665,0.05014241421347515,0.05272275607967447,0.26632526698182857,0.2717315871942584,0.08838987187603803,0.09137966816270345
0.1,1024,48,level,0.09943253805765843,0.005707004502012447,0,0.0054931640625,0.009002685546875,0.049173393527551346,0.04924484289222131,0.04992855063533004,0.052125228936296786,0.2712538000706246,0.28073724008434736,0.2962319378810718,0.3063041867573489
0.1,1024,48,fixed,0.09943253805765843,0.005707004502012447,0.0,0.000152587890625,0.006072998046875,0.04974420537418435,0.0497423891791521,0.05000181619503225,0.051987799692744294,0.24522343644097028,0.25096794150654833,0.05029551157659129,0.05241731958428765
0.1,1024,49,full,0.0996255857774563,0.003758213511336983,0.0,0.003692626953125,0.00787353515625,0.04919024313562502,0.04924484289222131,0.049945400243403715,0.05213130479801349,0.27091634431295736,0.28037035473558936,0.29442837591485593,0.30443788959942214
0.1,1024,49,selected,0.0996255857774563,0.003758213511336983,0.3,0.001556396484375,0.00543212890625,0.05057839880202024,0.050486324237994665,0.05009207456402558,0.052726943754950045,0.2661341610011696,0.2716849190407726,0.08812027768532231,0.09118752334301344
0.1,1024,49,level,0.0996255857774563,0.003758213511336983,0,0.003692626953125,0.00787353515625,0.04919024313562502,0.04924484289222131,0.049945400243403715,0.05213130479801349,0.27091634431295736,0.28037035473558936,0.29442837591485593,0.30443788959942214
0.1,1024,49,fixed,0.0996255857774563,0.003758213511336983,0.0,0.000152587890625,0.006072998046875,0.04974369693662689,0.04974230806834179,0.050001388868285104,0.05198781680358559,0.2452218819702629,0.2509684428655584,0.05029494700231364,0.052417321709948984
0.1,1024,50,full,0.10075865220608081,-0.007529400100838357,0.0,0.0062255859375,0.010284423828125,0.04944974498970554,0.04924484289222131,0.05020490209748424,0.05221077209152257,0.2696146746521814,0.27835914863210726,0.2845118393774684,0.2936585791559142
0.1,1024,50,selected,0.10075865220608081,-0.007529400100838357,0.3,0.002349853515625,0.00634765625,0.050320279314752574,0.050486324237994665,0.049833955076757905,0.052753815264325286,0.26509877440756435,0.27141355834259734,0.08661826239034356,0.09007942776558645
0.1,1024,50,level,0.10075865220608081,-0.007529400100838357,0,0.0062255859375,0.010284423828125,0.04944974498970554,0.04924484289222131,0.05020490209748424,0.05221077209152257,0.2696146746521814,0.27835914863210726,0.2845118393774684,0.2936585791559142
0.1,1024,50,fixed,0.10075865220608081,-0.007529400100838357,0.0,0.00018310546875,0.006103515625,0.04973966939015395,0.04974199178473908,0.049997677605414875,0.0519877236032709,0.2452131677621623,0.25097043934882546,0.050291966208148194,0.05241818906256755
0.1,1024,51,full,0.09974025500191508,0.002604214297225793,0.0,0.002716064453125,0.007110595703125,0.04920090302321496,0.04924484289222131,0.04995606013099366,0.05213685455349421,0.2707324749492689,0.28016184283558904,0.29337380429197124,0.30333578005828554
0.1,1024,51,selected,0.09974025500191508,0.002604214297225793,0.3,0.0010986328125,0.005462646484375,0.050549770627004234,0.050486324237994665,0.05006344638900957,0.05272907432047709,0.26602015848344085,0.2716564085818608,0.08796314711788955,0.091070072505563
0.1,1024,51,level,0.09974025500191508,0.002604214297225793,0,0.002716064453125,0.007110595703125,0.04920090302321496,0.04924484289222131,0.04995606013099366,0.05213685455349421,0.2707324749492689,0.28016184283558904,0.29337380429197124,0.30333578005828554
0.1,1024,51,fixed,0.09974025500191508,0.002604214297225793,0.0,0.0001220703125,0.006072998046875,0.049743163077330343,0.04974235109213615,0.050000811985194196,0.0519877978862411,0.24522113927743588,0.2509686355162194,0.050294577740069096,0.05241736841654244
0.1,1024,52,full,0.09988763051410408,0.001124958969569878,0.0,0.001434326171875,0.006072998046875,0.049224086740694256,0.04924484289222131,0.04997924384847295,0.052143576127998734,0.2705132913602175,0.27988540870925,0.29203480744726823,0.3019140352624464
0.1,1024,52,selected,0.09988763051410408,0.001124958969569878,0.3,0.000640869140625,0.005615234375,0.05051295681651466,0.050486324237994665,0.05002663257852,0.052732661065892535,0.26587696220509616,0.27162228872490707,0.08776080892889117,0.09092480607078227
0.1,1024,52,level,0.09988763051410408,0.001124958969569878,0,0.001434326171875,0.006072998046875,0.049224086740694256,0.04924484289222131,0.04997924384847295,0.052143576127998734,0.2705132913602175,0.27988540870925,0.29203480744726823,0.3019140352624464
0.1,1024,52,fixed,0.09988763051410408,0.001124958969569878,0.0,0.0001220703125,0.006072998046875,0.049742738498245224,0.04974233957506166,0.05000039892318356,0.05198784045272245,0.24521984666830343,0.2509690744448281,0.05029431310275981,0.05241757817053664
0.1,1024,53,full,0.09904175829217092,0.00967512819191163,0.0,0.008575439453125,0.011688232421875,0.04917258433598412,0.04924484289222131,0.049927741443762816,0.0521079396969156,0.2720429232172673,0.28148651297939176,0.3000029955370652,0.31011915533425183
0.1,1024,53,selected,0.09904175829217092,0.00967512819191163,0.3,0.00311279296875,0.0068359375,0.050737861661623265,0.050486324237994665,0.0502515374236286,0.05271360284566019,0.26673893576483004,0.27183028848055046,0.08895059474815073,0.09177423398991155
0.1,1024,53,level,0.09904175829217092,0.00967512819191163,0,0.008575439453125,0.011688232421875,0.04917258433598412,0.04924484289222131,0.049927741443762816,0.0521079396969156,0.2720429232172673,0.28148651297939176,0.3000029955370652,0.31011915533425183
0.1,1024,53,fixed,0.09904175829217092,0.00967512819191163,0.0,0.000213623046875,0.006072998046875,0.049745630165477714,0.049742438562161734,0.05000319160331598,0.05198766768051873,0.24522655888313902,0.25096774368971,0.05029669707469301,0.05241699902263914
0.1,1024,54,full,0.0988233154271179,0.01190695300796607,0.0,0.01055908203125,0.013214111328125,0.04918959241508246,0.04924484289222131,0.049944749522861154,0.052101086272262474,0.272541831782506,0.28192386411319204,0.30218853724433153,0.3122517785050787
0.1,1024,54,selected,0.0988233154271179,0.01190695300796607,0.3,0.00360107421875,0.007354736328125,0.05080293538719242,0.050486324237994665,0.05031661114919776,0.052707245931775684,0.26697722522402484,0.2718811555865138,0.08927094446668626,0.09199652834166128
0.1,1024,54,level,0.0988233154271179,0.01190695300796607,0,0.01055908203125,0.013214111328125,0.04918959241508246,0.04924484289222131,0.049944749522861154,0.052101086272262474,0.272541831782506,0.28192386411319204,0.30218853724433153,0.3122517785050787
0.1,1024,54,fixed,0.0988233154271179,0.01190695300796607,0.0,0.000274658203125,0.006072998046875,0.049746328763532716,0.04974251792809282,0.0500038108354399,0.051987628088374385,0.24522804256941422,0.25096743274192357,0.050297416072052584,0.052417029157993164
0.1,1024,55,full,0.09982074158466893,0.0017958032818161662,0.0,0.002044677734375,0.006591796875,0.04921235238221758,0.04924484289222131,0.04996750948999627,0.052142052903491304,0.2706064293669811,0.280013478113569,0.29264034352381635,0.3025657366893313
0.1,1024,55,selected,0.09982074158466893,0.0017958032818161662,0.3,0.0008544921875,0.00555419921875,0.05053016724084326,0.050486324237994665,0.0500438430028486,0.05273137445821577,0.26593995199336745,0.2716394583176589,0.08785062174211783,0.09098742684609488
0.1,1024,55,level,0.09982074158466893,0.0017958032818161662,0,0.002044677734375,0.006591796875,0.04921235238221758,0.04924484289222131,0.04996750948999627,0.052142052903491304,0.2706064293669811,0.280013478113569,0.29264034352381635,0.3025657366893313
0.1,1024,55,fixed,0.09982074158466893,0.0017958032818161662,0.0,0.0001220703125,0.006072998046875,0.04974284651935871,0.04974234220160105,0.05000050431775767,0.051987774487381726,0.24522043759626955,0.2509689391948129,0.05029441032255566,0.052417481255743824
0.1,1024,56,full,0.10063357959535724,-0.006295906375434868,0.0,0.0054931640625,0.009918212890625,0.049406928859297844,0.04924484289222131,0.05016208596707654,0.0522015924883654,0.2697096074635409,0.2785619320818452,0.2855473431760213,0.2948274832518556
0.1,1024,56,selected,0.10063357959535724,-0.006295906375434868,0.3,0.002105712890625,0.0062255859375,0.050346116294736995,0.050486324237994665,0.04985979205674233,0.05275023336648187,0.2652029511456876,0.271442123550559,0.08677751400579475,0.0901976661643326
0.1,1024,56,level,0.10063357959535724,-0.006295906375434868,0,0.0054931640625,0.009918212890625,0.049406928859297844,0.04924484289222131,0.05016208596707654,0.0522015924883654,0.2697096074635409,0.2785619320818452,0.2855473431760213,0.2948274832518556
0.1,1024,56,fixed,0.10063357959535724,-0.006295906375434868,0.0,0.00018310546875,0.006103515625,0.04974018030975821,0.049742092999262535,0.04999808731049567,0.0519877454788811,0.24521385888963146,0.2509702071336103,0.05029223709727254,0.052418183490550954
0.1,1024,57,full,0.10047088316778559,-0.0046867625021193016,0.0,0.0042724609375,0.00909423828125,0.0493570031822563,0.04924484289222131,0.050112160290034985,0.05219339536317351,0.26983995819859613,0.2788405539577473,0.2869117502275721,0.29636274236361726
0.1,1024,57,selected,0.10047088316778559,-0.0046867625021193016,0.3,0.001708984375,0.006134033203125,0.05037895416244986,0.050486324237994665,0.0498926299244552,0.05274793465808626,0.26534311619123774,0.27148106509401737,0.08698812976293543,0.09035550124156164
0.1,1024,57,level,0.10047088316778559,-0.0046867625021193016,0,0.0042724609375,0.00909423828125,0.0493570031822563,0.04924484289222131,0.050112160290034985,0.05219339536317351,0.26983995819859613,0.2788405539577473,0.2869117502275721,0.29636274236361726
0.1,1024,57,fixed,0.10047088316778559,-0.0046867625021193016,0.0,0.000152587890625,0.006103515625,0.049740584825313613,0.04974221053238455,0.04999837429292907,0.05198787900862895,0.24521506951452748,0.2509701504121524,0.05029264287662496,0.05241803321865584
0.1,1024,58,full,0.10010818758637148,-0.001080706673249221,0.0,0.001373291015625,0.007171630859375,0.049267723017992204,0.04924484289222131,0.0500228801257709,0.05215795494769144,0.27022271397775743,0.2794904688417116,0.2900701980504403,0.29979731101346974
0.1,1024,58,selected,0.10010818758637148,-0.001080706673249221,0.3,0.0006103515625,0.005767822265625,0.05046026854982796,0.050486324237994665,0.04997394431183329,0.05273926732842637,0.2656711204900266,0.271565073763246,0.08746475006606261,0.09070935128354421
0.1,1024,58,level,0.10010818758637148,-0.001080706673249221,0,0.001373291015625,0.007171630859375,0.049267723017992204,0.04924484289222131,0.0500228801257709,0.05215795494769144,0.27022271397775743,0.2794904688417116,0.2900701980504403,0.29979731101346974
0.1,1024,58,fixed,0.10010818758637148,-0.001080706673249221,0.0,9.1552734375e-05,0.006072998046875,0.04974194158163052,0.04974228195766792,0.0499996596239626,0.05198787300844407,0.2452180209540649,0.2509695788285139,0.05029369250005431,0.0524178991245023
0.1,1024,59,full,0.10076157613587931,-0.007558199911961494,0.0,0.006256103515625,0.010284423828125,0.04945075552987827,0.04924484289222131,0.050205912637656974,0.05221035419953339,0.2696127049992643,0.2783554915416009,0.28448797006150545,0.2936308689042787
0.1,1024,59,selected,0.10076157613587931,-0.007558199911961494,0.3,0.00238037109375,0.00634765625,0.050319905616989555,0.050486324237994665,0.04983358137899489,0.05275365907308151,0.26509625630458505,0.27141279814410707,0.08661477246948307,0.09007648994086584
0.1,1024,59,level,0.10076157613587931,-0.007558199911961494,0,0.006256103515625,0.010284423828125,0.04945075552987827,0.04924484289222131,0.050205912637656974,0.05221035419953339,0.2696127049992643,0.2783554915416009,0.28448797006150545,0.2936308689042787
0.1,1024,59,fixed,0.10076157613587931,-0.007558199911961494,0.0,0.00018310546875,0.006103515625,0.04973966931010328,0.0497419917802048,0.04999767752989848,0.05198772360328001,0.24521316730975637,0.2509704473165522,0.050291964937503736,0.052418191629102065
0.1,1024,60,full,0.10068795316417355,-0.006832527055662951,0.0,0.005828857421875,0.01007080078125,0.04942576790853845,0.04924484289222131,0.05018092501631714,0.052205868387590684,0.26966661761826294,0.27847499107537205,0.28509313799725033,0.2943154218708358
0.1,1024,60,selected,0.10068795316417355,-0.006832527055662951,0.3,0.002227783203125,0.006256103515625,0.05033510773842814,0.050486324237994665,0.04984878350043348,0.05275119071130116,0.26515784621517685,0.27142940476023736,0.08670762349971406,0.09014897371309909
0.1,1024,60,level,0.10068795316417355,-0.006832527055662951,0,0.005828857421875,0.01007080078125,0.04942576790853845,0.04924484289222131,0.05018092501631714,0.052205868387590684,0.26966661761826294,0.27847499107537205,0.28509313799725033,0.2943154218708358
0.1,1024,60,fixed,0.10068795316417355,-0.006832527055662951,0.0,0.00018310546875,0.006103515625,0.049739970838977396,0.04974203416775895,0.04999793667121845,0.051987692178644504,0.24521357254679255,0.25097032056341395,0.05029210528596772,0.052418208706703835
0.1,1024,61,full,0.09895553190949828,0.010554923715199394,0.0,0.009368896484375,0.01226806640625,0.049178819234234866,0.04924484289222131,0.04993397634201356,0.052106981350582934,0.2722336089979675,0.2816602753359444,0.30086064167360277,0.3109649064800816
0.1,1024,61,selected,0.09895553190949828,0.010554923715199394,0.3,0.00323486328125,0.00701904296875,0.05076393970692783,0.050486324237994665,0.05027761546893317,0.05271122587836746,0.26683321531599363,0.2718517738080948,0.08907497752674166,0.0918626763102306
0.1,1024,61,level,0.09895553190949828,0.010554923715199394,0,0.009368896484375,0.01226806640625,0.049178819234234866,0.04924484289222131,0.04993397634201356,0.052106981350582934,0.2722336089979675,0.2816602753359444,0.30086064167360277,0.3109649064800816
0.1,1024,61,fixed,0.09895553190949828,0.010554923715199394,0.0,0.000244140625,0.006072998046875,0.04974598733518418,0.0497424896220466,0.05000349771313758,0.05198761339063679,0.2452269911753842,0.2509677180204285,0.0502969839213432,0.05241696454413101
0.1,1024,62,full,0.10049314211274554,-0.004907221551419649,0.0,0.00445556640625,0.009185791015625,0.049364500776900896,0.04924484289222131,0.05011965788467959,0.05219603680030354,0.26982004868627973,0.2788038284474035,0.28672246891191433,0.2961507625343174
0.1,1024,62,selected,0.10049314211274554,-0.004907221551419649,0.3,0.001739501953125,0.00616455078125,0.050374214892418875,0.050486324237994665,0.04988789065442421,0.05274756044423108,0.2653239168342964,0.2714755726294912,0.08695811855043241,0.09033303881242441
0.1,1024,62,level,0.10049314211274554,-0.004907221551419649,0,0.00445556640625,0.009185791015625,0.049364500776900896,0.04924484289222131,0.05011965788467959,0.05219603680030354,0.26982004868627973,0.2788038284474035,0.28672246891191433,0.2961507625343174
0.1,1024,62,fixed,0.10049314211274554,-0.004907221551419649,0.0,0.000152587890625,0.006103515625,0.04974052584752166,0.0497422101255592,0.049998315721962464,0.051987810966975294,0.24521493879154943,0.25097017779865477,0.05029258354551251,0.05241809419938645
0.1,1024,63,full,0.10001995738992049,-0.00019953407741102325,0.0,0.00042724609375,0.006805419921875,0.049249822118272224,0.04924484289222131,0.05000497922605092,0.05215319420302312,0.2703312444692971,0.27964463650279603,0.290850750714881,0.30064075277828506
0.1,1024,63,selected,0.10001995738992049,-0.00019953407741102325,0.3,0.000274658203125,0.005706787109375,0.0504817200621326,0.050486324237994665,0.049995395824137936,0.05273591654696161,0.26575384433115,0.271588764514966,0.08758416899116357,0.09079546311633062
0.1,1024,63,level,0.10001995738992049,-0.00019953407741102325,0,0.00042724609375,0.006805419921875,0.049249822118272224,0.04924484289222131,0.05000497922605092,0.05215319420302312,0.2703312444692971,0.27964463650279603,0.290850750714881,0.30064075277828506
0.1,1024,63,fixed,0.10001995738992049,-0.00019953407741102325,0.0,9.1552734375e-05,0.006072998046875,0.049742224460813056,0.049742242875496966,0.04999998158531609,0.051987819912445374,0.24521875357254216,0.25096957818555804,0.05029399836427091,0.05241786830702687
0.1,16384,0,full,0.10011681535136847,-0.001166790523235206,0.0,0.00146484375,0.00714111328125,0.04926881787681102,0.04924484289222131,0.050023974984589714,0.05215849434729088,0.27021302718990137,0.27947506507801495,0.2899894811553705,0.2997199212382388
0.1,16384,0,selected,0.10011681535136847,-0.001166790523235206,0,0.00146484375,0.00714111328125,0.04926881787681102,0.04924484289222131,0.050023974984589714,0.05215849434729088,0.27021302718990137,0.27947506507801495,0.2899894811553705,0.2997199212382388
0.1,16384,0,level,0.10011681535136847,-0.001166790523235206,0,0.00146484375,0.00714111328125,0.04926881787681102,0.04924484289222131,0.050023974984589714,0.05215849434729088,0.27021302718990137,0.27947506507801495,0.2899894811553705,0.2997199212382388
0.1,16384,0,fixed,0.10011681535136847,-0.001166790523235206,0.0,0.0001220703125,0.006072998046875,0.04974189786645116,0.0497422803902047,0.049999617476246455,0.051987896808384934,0.2452179781475467,0.2509696243474755,0.0502936401042285,0.052417865261285855
0.1,16384,1,full,0.09995936881718415,0.0004064769845653071,0.0,0.000732421875,0.00640869140625,0.049237475045008264,0.04924484289222131,0.04999263215278696,0.05214839699644941,0.27041390461540704,0.2797563755413496,0.291393019784185,0.30122436938327957
0.1,16384,1,selected,0.09995936881718415,0.0004064769845653071,0,0.000732421875,0.00640869140625,0.049237475045008264,0.04924484289222131,0.04999263215278696,0.05214839699644941,0.27041390461540704,0.2797563755413496,0.291393019784185,0.30122436938327957
0.1,16384,1,level,0.09995936881718415,0.0004064769845653071,0,0.000732421875,0.00640869140625,0.049237475045008264,0.04924484289222131,0.04999263215278696,0.05214839699644941,0.27041390461540704,0.2797563755413496,0.291393019784185,0.30122436938327957
0.1,16384,1,fixed,0.09995936881718415,0.0004064769845653071,0.0,9.1552734375e-05,0.006072998046875,0.049742404098958304,0.04974229718999287,0.05000010690896543,0.05198781347017632,0.24521920594846353,0.2509693828626479,0.050294238859197614,0.05241776570091835
0.1,16384,2,full,0.09989671561278209,0.0010339117415858468,0.0,0.00140380859375,0.006011962890625,0.049226440649258615,0.04924484289222131,0.04998159775703731,0.05214419382431576,0.2704995342100752,0.2798703571807229,0.29195602062430526,0.3018264669653891
0.1,16384,2,selected,0.09989671561278209,0.0010339117415858468,0,0.00140380859375,0.006011962890625,0.049226440649258615,0.04924484289222131,0.04998159775703731,0.05214419382431576,0.2704995342100752,0.2798703571807229,0.29195602062430526,0.3018264669653891
0.1,16384,2,level,0.09989671561278209,0.0010339117415858468,0,0.00140380859375,0.006011962890625,0.049226440649258615,0.04924484289222131,0.04998159775703731,0.05214419382431576,0.2704995342100752,0.2798703571807229,0.29195602062430526,0.3018264669653891
0.1,16384,2,fixed,0.09989671561278209,0.0010339117415858468,0.0,0.0001220703125,0.006072998046875,0.04974264673852742,0.04974235159500172,0.050000295143525705,0.05198784049757247,0.2452197392678348,0.2509691059729862,0.050294313056706244,0.05241761361994231
0.1,16384,3,full,0.09967815331427202,0.003228858832418968,0.0,0.00323486328125,0.00750732421875,0.0491947463353496,0.04924484289222131,0.0499499034431283,0.052132643966826486,0.27082833535038514,0.2802730893387058,0.29394319141837466,0.3039345987598169
0.1,16384,3,selected,0.09967815331427202,0.003228858832418968,0,0.00323486328125,0.00750732421875,0.0491947463353496,0.04924484289222131,0.0499499034431283,0.052132643966826486,0.27082833535038514,0.2802730893387058,0.29394319141837466,0.3039345987598169
0.1,16384,3,level,0.09967815331427202,0.003228858832418968,0,0.00323486328125,0.00750732421875,0.0491947463353496,0.04924484289222131,0.0499499034431283,0.052132643966826486,0.27082833535038514,0.2802730893387058,0.29394319141837466,0.3039345987598169
0.1,16384,3,fixed,0.09967815331427202,0.003228858832418968,0.0,0.000152587890625,0.006072998046875,0.04974337839672004,0.04974231913864385,0.050001059258076186,0.051987870563342996,0.2452216464782867,0.25096843608669184,0.05029480395401328,0.052417328481314765
0.1,16384,4,full,0.09976375030578531,0.0023680915511954392,0.0,0.002532958984375,0.00701904296875,0.049204611464548145,0.04924484289222131,0.04995976857232684,0.05213674521840892,0.27069556102888004,0.280119110428355,0.29315985410460244,0.3031079412993749
0.1,16384,4,selected,0.09976375030578531,0.0023680915511954392,0,0.002532958984375,0.00701904296875,0.049204611464548145,0.04924484289222131,0.04995976857232684,0.05213674521840892,0.27069556102888004,0.280119110428355,0.29315985410460244,0.3031079412993749
0.1,16384,4,level,0.09976375030578531,0.0023680915511954392,0,0.002532958984375,0.00701904296875,0.049204611464548145,0.04924484289222131,0.04995976857232684,0.05213674521840892,0.27069556102888004,0.280119110428355,0.29315985410460244,0.3031079412993749
0.1,16384,4,fixed,0.09976375030578531,0.0023680915511954392,0.0,0.0001220703125,0.006072998046875,0.04974310907156205,0.04974232521876924,0.050000783852792816,0.05198777995747804,0.24522091813521715,0.2509687508893632,0.05029453109978431,0.05241738277472323
0.1,16384,5,full,0.09992850156063598,0.0007154959620869761,0.0,0.001129150390625,0.006256103515625,0.04923208415048394,0.04924484289222131,0.049987241258262635,0.05214645378544322,0.2704544077707044,0.2798145199631207,0.29166705238954416,0.3015167887309432
0.1,16384,5,selected,0.09992850156063598,0.0007154959620869761,0,0.001129150390625,0.006256103515625,0.04923208415048394,0.04924484289222131,0.049987241258262635,0.05214645378544322,0.2704544077707044,0.2798145199631207,0.29166705238954416,0.3015167887309432
0.1,16384,5,level,0.09992850156063598,0.0007154959620869761,0,0.001129150390625,0.006256103515625,0.04923208415048394,0.04924484289222131,0.049987241258262635,0.05214645378544322,0.2704544077707044,0.2798145199631207,0.29166705238954416,0.3015167887309432
0.1,16384,5,fixed,0.09992850156063598,0.0007154959620869761,0.0,0.0001220703125,0.006072998046875,0.04974258698646372,0.04974233477250457,0.05000025221395915,0.05198782161762136,0.2452194637458726,0.25096915749530924,0.05029431366347634,0.05241767883335452
0.1,16384,6,full,0.10004146260842586,-0.00041445424071961945,0.0,0.000701904296875,0.006927490234375,0.049254993442010384,0.04924484289222131,0.05001015054978908,0.05215445860498781,0.2703034177100835,0.2796086114366066,0.2906591666984051,0.30043418492777435
0.1,16384,6,selected,0.10004146260842586,-0.00041445424071961945,0,0.000701904296875,0.006927490234375,0.049254993442010384,0.04924484289222131,0.05001015054978908,0.05215445860498781,0.2703034177100835,0.2796086114366066,0.2906591666984051,0.30043418492777435
0.1,16384,6,level,0.10004146260842586,-0.00041445424071961945,0,0.000701904296875,0.006927490234375,0.049254993442010384,0.04924484289222131,0.05001015054978908,0.05215445860498781,0.2703034177100835,0.2796086114366066,0.2906591666984051,0.30043418492777435
0.1,16384,6,fixed,0.10004146260842586,-0.00041445424071961945,0.0,9.1552734375e-05,0.006072998046875,0.0497421393530264,0.04974230271007905,0.04999983664294734,0.05198783163019287,0.2452185371205148,0.2509695671310808,0.0502938317838033,0.05241784390448094
0.1,16384,7,full,0.09986803239880455,0.0013214198580429048,0.0,0.0015869140625,0.0062255859375,0.049220819987031914,0.04924484289222131,0.04997597709481061,0.052143565870047925,0.27054003155452455,0.27992552316301456,0.29221078872707434,0.30210275414908794
0.1,16384,7,selected,0.09986803239880455,0.0013214198580429048,0,0.0015869140625,0.0062255859375,0.049220819987031914,0.04924484289222131,0.04997597709481061,0.052143565870047925,0.27054003155452455,0.27992552316301456,0.29221078872707434,0.30210275414908794
0.1,16384,7,level,0.09986803239880455,0.0013214198580429048,0,0.0015869140625,0.0062255859375,0.049220819987031914,0.04924484289222131,0.04997597709481061,0.052143565870047925,0.27054003155452455,0.27992552316301456,0.29221078872707434,0.30210275414908794
0.1,16384,7,fixed,0.09986803239880455,0.0013214198580429048,0.0,0.0001220703125,0.006072998046875,0.049742748702272056,0.04974234409222712,0.05000040461004494,0.05198784188652753,0.24522001960763354,0.2509689909656025,0.05029434295057922,0.052417532301184885
0.1,16384,8,full,0.10013149425403811,-0.0013132157371436026,0.0,0.001556396484375,0.007232666015625,0.04927147818588653,0.04924484289222131,0.05002663529366522,0.0521603354212673,0.27019577444538745,0.2794505029820613,0.2898601159364749,0.2995793496250511
0.1,16384,8,selected,0.10013149425403811,-0.0013132157371436026,0,0.001556396484375,0.007232666015625,0.04927147818588653,0.04924484289222131,0.05002663529366522,0.0521603354212673,0.27019577444538745,0.2794505029820613,0.2898601159364749,0.2995793496250511
0.1,16384,8,level,0.10013149425403811,-0.0013132157371436026,0,0.001556396484375,0.007232666015625,0.04927147818588653,0.04924484289222131,0.05002663529366522,0.0521603354212673,0.27019577444538745,0.2794505029820613,0.2898601159364749,0.2995793496250511
0.1,16384,8,fixed,0.10013149425403811,-0.0013132157371436026,0.0,0.0001220703125,0.006072998046875,0.049741869422597784,0.04974228175833929,0.049999587664258494,0.05198792657429231,0.24521791861425302,0.25096966207320937,0.05029361148451533,0.05241786630164241
0.1,16384,9,full,0.10002941785996333,-0.0002940920840358574,0.0,0.000579833984375,0.006866455078125,0.04925202744412924,0.04924484289222131,0.05000718455190793,0.052154031595831714,0.27031927027150904,0.27962810683443573,0.2907669473123973,0.30055086826407074
0.1,16384,9,selected,0.10002941785996333,-0.0002940920840358574,0,0.000579833984375,0.006866455078125,0.04925202744412924,0.04924484289222131,0.05000718455190793,0.052154031595831714,0.27031927027150904,0.27962810683443573,0.2907669473123973,0.30055086826407074
0.1,16384,9,level,0.10002941785996333,-0.0002940920840358574,0,0.000579833984375,0.006866455078125,0.04925202744412924,0.04924484289222131,0.05000718455190793,0.052154031595831714,0.27031927027150904,0.27962810683443573,0.2907669473123973,0.30055086826407074
0.1,16384,9,fixed,0.10002941785996333,-0.0002940920840358574,0.0,9.1552734375e-05,0.006072998046875,0.049742174580319216,0.049742263232274986,0.04999991134804424,0.05198783169770883,0.2452186794534688,0.2509695705244081,0.050293992349824145,0.05241788248872995
0.1,16384,10,full,0.09982250359994807,0.0017781200996849211,0.0,0.00201416015625,0.006591796875,0.04921299506729794,0.04924484289222131,0.049968152175076636,0.05214249173474254,0.2706041597343456,0.28000952818985103,0.29262528700540885,0.30254799961167167
0.1,16384,10,selected,0.09982250359994807,0.0017781200996849211,0,0.00201416015625,0.006591796875,0.04921299506729794,0.04924484289222131,0.049968152175076636,0.05214249173474254,0.2706041597343456,0.28000952818985103,0.29262528700540885,0.30254799961167167
0.1,16384,10,level,0.09982250359994807,0.0017781200996849211,0,0.00201416015625,0.006591796875,0.04921299506729794,0.04924484289222131,0.049968152175076636,0.05214249173474254,0.2706041597343456,0.28000952818985103,0.29262528700540885,0.30254799961167167
0.1,16384,10,fixed,0.09982250359994807,0.0017781200996849211,0.0,0.0001220703125,0.006072998046875,0.04974284651935871,0.04974234220160105,0.05000050431775767,0.051987774487381726,0.2452204369805309,0.2509689096090666,0.05029441032204776,0.05241748149869423
0.1,16384,11,full,0.10000612060705294,-6.120232457562658e-05,0.0,0.000274658203125,0.0067138671875,0.049246124914292144,0.04924484289222131,0.05000128202207084,0.05215279825756715,0.2703507820032631,0.2796705063249344,0.2909760843996584,0.3007721527802715
0.1,16384,11,selected,0.10000612060705294,-6.120232457562658e-05,0,0.000274658203125,0.0067138671875,0.049246124914292144,0.04924484289222131,0.05000128202207084,0.05215279825756715,0.2703507820032631,0.2796705063249344,0.2909760843996584,0.3007721527802715
0.1,16384,11,level,0.10000612060705294,-6.120232457562658e-05,0,0.000274658203125,0.0067138671875,0.049246124914292144,0.04924484289222131,0.05000128202207084,0.05215279825756715,0.2703507820032631,0.2796705063249344,0.2909760843996584,0.3007721527802715
0.1,16384,11,fixed,0.10000612060705294,-6.120232457562658e-05,0.0,6.103515625e-05,0.006072998046875,0.049742275366327804,0.04974228626167778,0.049999989104650026,0.0519878352751913,0.24521886897597972,0.2509695453674213,0.05029400396542158,0.0524178745604236
0.1,16384,12,full,0.09967278589729195,0.003282883083505217,0.0,0.003265380859375,0.007537841796875,0.049194403569134695,0.04924484289222131,0.04994956067691339,0.052132188902979756,0.27083769091975435,0.2802835544631306,0.2939947034363543,0.3039876758327412
0.1,16384,12,selected,0.09967278589729195,0.003282883083505217,0,0.003265380859375,0.007537841796875,0.049194403569134695,0.04924484289222131,0.04994956067691339,0.052132188902979756,0.27083769091975435,0.2802835544631306,0.2939947034363543,0.3039876758327412
0.1,16384,12,level,0.09967278589729195,0.003282883083505217,0,0.003265380859375,0.007537841796875,0.049194403569134695,0.04924484289222131,0.04994956067691339,0.052132188902979756,0.27083769091975435,0.2802835544631306,0.2939947034363543,0.3039876758327412
0.1,16384,12,fixed,0.09967278589729195,0.003282883083505217,0.0,0.000152587890625,0.006072998046875,0.0497433786462627,0.04974235786907571,0.050001020777186996,0.05198787089678063,0.24522164647830705,0.25096848440133823,0.05029480395401566,0.05241732848135272
0.1,16384,13,full,0.09981994561740068,0.0018037916318793812,0.0,0.002044677734375,0.006591796875,0.04921228494534572,0.04924484289222131,0.04996744205312442,0.05214197058694026,0.27060784779437136,0.28001542964515524,0.29264702424655015,0.30257326789654837
0.1,16384,13,selected,0.09981994561740068,0.0018037916318793812,0,0.002044677734375,0.006591796875,0.04921228494534572,0.04924484289222131,0.04996744205312442,0.05214197058694026,0.27060784779437136,0.28001542964515524,0.29264702424655015,0.30257326789654837
0.1,16384,13,level,0.09981994561740068,0.0018037916318793812,0,0.002044677734375,0.006591796875,0.04921228494534572,0.04924484289222131,0.04996744205312442,0.05214197058694026,0.27060784779437136,0.28001542964515524,0.29264702424655015,0.30257326789654837
0.1,16384,13,fixed,0.09981994561740068,0.0018037916318793812,0.0,0.0001220703125,0.006072998046875,0.04974285496977372,0.04974234220160105,0.050000512768172675,0.051987774487381726,0.24522046062990452,0.2509689391948129,0.05029441032255566,0.052417481255744885
0.1,16384,14,full,0.10007474350892005,-0.0007468768472375098,0.0,0.001068115234375,0.007080078125,0.04926148973249286,0.04924484289222131,0.050016646840271545,0.05215541810547555,0.27026272228950127,0.27955041073171893,0.29036554443515494,0.30011830276302087
0.1,16384,14,selected,0.10007474350892005,-0.0007468768472375098,0,0.001068115234375,0.007080078125,0.04926148973249286,0.04924484289222131,0.050016646840271545,0.05215541810547555,0.27026272228950127,0.27955041073171893,0.29036554443515494,0.30011830276302087
0.1,16384,14,level,0.10007474350892005,-0.0007468768472375098,0,0.001068115234375,0.007080078125,0.04926148973249286,0.04924484289222131,0.050016646840271545,0.05215541810547555,0.27026272228950127,0.27955041073171893,0.29036554443515494,0.30011830276302087
0.1,16384,14,fixed,0.10007474350892005,-0.0007468768472375098,0.0,9.1552734375e-05,0.006072998046875,0.04974206346869095,0.049742272562540935,0.04999979090615002,0.05198786798098963,0.24521833179780064,0.25096953547697654,0.05029374841025711,0.05241787611340147
0.1,16384,15,full,0.100277696711805,-0.002769276927082731,0.0,0.0028076171875,0.008056640625,0.04930250851536696,0.04924484289222131,0.05005766562314565,0.052176472142828514,0.2700281527060061,0.27918616268749513,0.28858071705156074,0.29818931895601236
0.1,16384,15,selected,0.100277696711805,-0.002769276927082731,0,0.0028076171875,0.008056640625,0.04930250851536696,0.04924484289222131,0.05005766562314565,0.052176472142828514,0.2700281527060061,0.27918616268749513,0.28858071705156074,0.29818931895601236
0.1,16384,15,level,0.100277696711805,-0.002769276927082731,0,0.0028076171875,0.008056640625,0.04930250851536696,0.04924484289222131,0.05005766562314565,0.052176472142828514,0.2700281527060061,0.27918616268749513,0.28858071705156074,0.29818931895601236
0.1,16384,15,fixed,0.100277696711805,-0.002769276927082731,0.0,0.0001220703125,0.006072998046875,0.04974132482896789,0.04974223624241933,0.04999908858654856,0.05198784584027273,0.24521691453847638,0.2509698538045235,0.05029333140209901,0.05241802595455906
0.1,16384,16,full,0.10001468175447444,-0.0001467959925171014,0.0,0.000396728515625,0.0067138671875,0.04924826270177929,0.04924484289222131,0.050003419809557983,0.05215348517545105,0.2703389634637363,0.2796542680294133,0.29089719405266556,0.3006907453043398
0.1,16384,16,selected,0.10001468175447444,-0.0001467959925171014,0,0.000396728515625,0.0067138671875,0.04924826270177929,0.04924484289222131,0.050003419809557983,0.05215348517545105,0.2703389634637363,0.2796542680294133,0.29089719405266556,0.3006907453043398
0.1,16384,16,level,0.10001468175447444,-0.0001467959925171014,0,0.000396728515625,0.0067138671875,0.04924826270177929,0.04924484289222131,0.050003419809557983,0.05215348517545105,0.2703389634637363,0.2796542680294133,0.29089719405266556,0.3006907453043398
0.1,16384,16,fixed,0.10001468175447444,-0.0001467959925171014,0.0,9.1552734375e-05,0.006072998046875,0.049742228244162454,0.049742242876768455,0.049999985367394,0.051987858542184504,0.24521876853248406,0.25096957971758366,0.05029402012273858,0.05241787454719188
0.1,16384,17,full,0.09983494024362367,0.0016533265405231923,0.0,0.001922607421875,0.006500244140625,0.049214622878842304,0.04924484289222131,0.049969779986621,0.0521442913245853,0.27058533022686354,0.2799870003717023,0.29251156512201903,0.30242434281534075
0.1,16384,17,selected,0.09983494024362367,0.0016533265405231923,0,0.001922607421875,0.006500244140625,0.049214622878842304,0.04924484289222131,0.049969779986621,0.0521442913245853,0.27058533022686354,0.2799870003717023,0.29251156512201903,0.30242434281534075
0.1,16384,17,level,0.09983494024362367,0.0016533265405231923,0,0.001922607421875,0.006500244140625,0.049214622878842304,0.04924484289222131,0.049969779986621,0.0521442913245853,0.27058533022686354,0.2799870003717023,0.29251156512201903,0.30242434281534075
0.1,16384,17,fixed,0.09983494024362367,0.0016533265405231923,0.0,0.0001220703125,0.006072998046875,0.049742837709811555,0.049742326563659595,0.05000051114615196,0.05198781216820401,0.24522034488035999,0.25096888561726804,0.05029440996955947,0.05241749469763629
0.1,16384,18,full,0.10027305937905806,-0.0027231579523850913,0.0,0.002777099609375,0.008026123046875,0.0493015039756715,0.04924484289222131,0.050056661083450193,0.05217561775481398,0.27003467869768616,0.27919558389348287,0.2886211174960055,0.2982334152719678
0.1,16384,18,selected,0.10027305937905806,-0.0027231579523850913,0,0.002777099609375,0.008026123046875,0.0493015039756715,0.04924484289222131,0.050056661083450193,0.05217561775481398,0.27003467869768616,0.27919558389348287,0.2886211174960055,0.2982334152719678
0.1,16384,18,level,0.10027305937905806,-0.0027231579523850913,0,0.002777099609375,0.008026123046875,0.0493015039756715,0.04924484289222131,0.050056661083450193,0.05217561775481398,0.27003467869768616,0.27919558389348287,0.2886211174960055,0.2982334152719678
0.1,16384,18,fixed,0.10027305937905806,-0.0027231579523850913,0.0,0.0001220703125,0.006072998046875,0.049741327936671256,0.04974223624242255,0.04999909169424871,0.05198784620063905,0.24521692500635145,0.25096983925955046,0.05029329781668336,0.052417994432994344
0.1,16384,19,full,0.09987861326491555,0.0012153426155656621,0.0,0.00152587890625,0.006134033203125,0.0492226578456691,0.04924484289222131,0.0499778149534478,0.05214361042227311,0.2705262703052546,0.27990298319276674,0.2921145416084363,0.3020004113705491
0.1,16384,19,selected,0.09987861326491555,0.0012153426155656621,0,0.00152587890625,0.006134033203125,0.0492226578456691,0.04924484289222131,0.0499778149534478,0.05214361042227311,0.2705262703052546,0.27990298319276674,0.2921145416084363,0.3020004113705491
0.1,16384,19,level,0.09987861326491555,0.0012153426155656621,0,0.00152587890625,0.006134033203125,0.0492226578456691,0.04924484289222131,0.0499778149534478,0.05214361042227311,0.2705262703052546,0.27990298319276674,0.2921145416084363,0.3020004113705491
0.1,16384,19,fixed,0.09987861326491555,0.0012153426155656621,0.0,0.0001220703125,0.006072998046875,0.04974274726612417,0.049742362949647664,0.05000038431647651,0.05198784189240605,0.24521992689989605,0.25096904387954233,0.05029430119100054,0.05241756483306227
0.1,16384,20,full,0.10027424452350525,-0.0027349447987210507,0.0,0.002777099609375,0.008056640625,0.04930176271231315,0.04924484289222131,0.05005691982009185,0.052175903014594155,0.2700325260454997,0.2791931193308578,0.288611248225909,0.2982219253836831
0.1,16384,20,selected,0.10027424452350525,-0.0027349447987210507,0,0.002777099609375,0.008056640625,0.04930176271231315,0.04924484289222131,0.05005691982009185,0.052175903014594155,0.2700325260454997,0.2791931193308578,0.288611248225909,0.2982219253836831
0.1,16384,20,level,0.10027424452350525,-0.0027349447987210507,0,0.002777099609375,0.008056640625,0.04930176271231315,0.04924484289222131,0.05005691982009185,0.052175903014594155,0.2700325260454997,0.2791931193308578,0.288611248225909,0.2982219253836831
0.1,16384,20,fixed,0.10027424452350525,-0.0027349447987210507,0.0,0.0001220703125,0.006072998046875,0.04974132482923713,0.04974223624242255,0.04999908858681458,0.05198784620063905,0.24521692500635145,0.2509698701677118,0.05029332471288716,0.052417994432994344
0.1,16384,21,full,0.09983516581870587,0.0016510633296635824,0.0,0.001922607421875,0.006500244140625,0.04921472237930062,0.04924484289222131,0.049969879487079316,0.05214433594437559,0.27058480108279337,0.2799864493622729,0.29250922486841135,0.3024225554528498
0.1,16384,21,selected,0.09983516581870587,0.0016510633296635824,0,0.001922607421875,0.006500244140625,0.04921472237930062,0.04924484289222131,0.049969879487079316,0.05214433594437559,0.27058480108279337,0.2799864493622729,0.29250922486841135,0.3024225554528498
0.1,16384,21,level,0.09983516581870587,0.0016510633296635824,0,0.001922607421875,0.006500244140625,0.04921472237930062,0.04924484289222131,0.049969879487079316,0.05214433594437559,0.27058480108279337,0.2799864493622729,0.29250922486841135,0.3024225554528498
0.1,16384,21,fixed,0.09983516581870587,0.0016510633296635824,0.0,0.0001220703125,0.006072998046875,0.049742837709811555,0.049742326563659595,0.05000051114615196,0.05198781216820401,0.24522034488035999,0.25096888561726804,0.05029440996955918,0.05241749469763629
0.1,16384,22,full,0.09979674090189468,0.002036730821752375,0.0,0.002288818359375,0.0067138671875,0.04920986329187098,0.04924484289222131,0.04996502039964967,0.052142061898165226,0.270644355438526,0.28005937994649943,0.29285768329273987,0.30279151914592073
0.1,16384,22,selected,0.09979674090189468,0.002036730821752375,0,0.002288818359375,0.0067138671875,0.04920986329187098,0.04924484289222131,0.04996502039964967,0.052142061898165226,0.270644355438526,0.28005937994649943,0.29285768329273987,0.30279151914592073
0.1,16384,22,level,0.09979674090189468,0.002036730821752375,0,0.002288818359375,0.0067138671875,0.04920986329187098,0.04924484289222131,0.04996502039964967,0.052142061898165226,0.270644355438526,0.28005937994649943,0.29285768329273987,0.30279151914592073
0.1,16384,22,fixed,0.09979674090189468,0.002036730821752375,0.0,0.0001220703125,0.006072998046875,0.04974296691562481,0.04974235737678365,0.05000060953884117,0.05198774230996041,0.2452205839210408,0.25096892317771585,0.050294449198014346,0.05241743045556653
0.1,16384,23,full,0.10008261758065835,-0.0008254938035745507,0.0,0.001129150390625,0.007110595703125,0.049262505560367854,0.04924484289222131,0.050017662668146556,0.05215568258397786,0.2702533143011504,0.27953504195132317,0.2902944842290179,0.30004151416174635
0.1,16384,23,selected,0.10008261758065835,-0.0008254938035745507,0,0.001129150390625,0.007110595703125,0.049262505560367854,0.04924484289222131,0.050017662668146556,0.05215568258397786,0.2702533143011504,0.27953504195132317,0.2902944842290179,0.30004151416174635
0.1,16384,23,level,0.10008261758065835,-0.0008254938035745507,0,0.001129150390625,0.007110595703125,0.049262505560367854,0.04924484289222131,0.050017662668146556,0.05215568258397786,0.2702533143011504,0.27953504195132317,0.2902944842290179,0.30004151416174635
0.1,16384,23,fixed,0.10008261758065835,-0.0008254938035745507,0.0,9.1552734375e-05,0.006072998046875,0.049742047313835025,0.049742273121262066,0.04999977419257296,0.05198787889432831,0.24521820144396045,0.25096955145623606,0.05029375057691821,0.05241788541282039
0.1,16384,24,full,0.09952874091123423,0.004734904555721009,0.0,0.004638671875,0.0084228515625,0.04918013270227648,0.04924484289222131,0.04993528981005518,0.05212876710470376,0.27108118112536994,0.2805561766630241,0.29532716751687266,0.3053705969502788
0.1,16384,24,selected,0.09952874091123423,0.004734904555721009,0,0.004638671875,0.0084228515625,0.04918013270227648,0.04924484289222131,0.04993528981005518,0.05212876710470376,0.27108118112536994,0.2805561766630241,0.29532716751687266,0.3053705969502788
0.1,16384,24,level,0.09952874091123423,0.004734904555721009,0,0.004638671875,0.0084228515625,0.04918013270227648,0.04924484289222131,0.04993528981005518,0.05212876710470376,0.27108118112536994,0.2805561766630241,0.29532716751687266,0.3053705969502788
0.1,16384,24,fixed,0.09952874091123423,0.004734904555721009,0.0,0.000152587890625,0.006072998046875,0.049744000764172416,0.04974237220730128,0.05000162855687114,0.05198789255390676,0.24522263304307187,0.25096828794538817,0.05029511609363832,0.05241721229257257
0.1,16384,25,full,0.10053752234638952,-0.0053464849127426994,0.0,0.0048828125,0.0093994140625,0.04937717170903809,0.04924484289222131,0.050132328816816785,0.052198435054112924,0.2697852287606656,0.2787255143397105,0.2863486453160179,0.29573303752157737
0.1,16384,25,selected,0.10053752234638952,-0.0053464849127426994,0,0.0048828125,0.0093994140625,0.04937717170903809,0.04924484289222131,0.050132328816816785,0.052198435054112924,0.2697852287606656,0.2787255143397105,0.2863486453160179,0.29573303752157737
0.1,16384,25,level,0.10053752234638952,-0.0053464849127426994,0,0.0048828125,0.0093994140625,0.04937717170903809,0.04924484289222131,0.050132328816816785,0.052198435054112924,0.2697852287606656,0.2787255143397105,0.2863486453160179,0.29573303752157737
0.1,16384,25,fixed,0.10053752234638952,-0.0053464849127426994,0.0,0.00018310546875,0.006103515625,0.049740452216884376,0.049742195984645264,0.049998256232239115,0.05198775260894829,0.2452145198807319,0.25097025647456556,0.0502925112545717,0.052418142619956254
0.1,16384,26,full,0.09989041037550181,0.001097098551164466,0.0,0.001434326171875,0.00604248046875,0.0492246675094957,0.04924484289222131,0.049979824617274404,0.05214405609105825,0.27050885470533015,0.27988089472135713,0.29201067553919297,0.30188834482778554
0.1,16384,26,selected,0.09989041037550181,0.001097098551164466,0,0.001434326171875,0.00604248046875,0.0492246675094957,0.04924484289222131,0.049979824617274404,0.05214405609105825,0.27050885470533015,0.27988089472135713,0.29201067553919297,0.30188834482778554
0.1,16384,26,level,0.09989041037550181,0.001097098551164466,0,0.001434326171875,0.00604248046875,0.0492246675094957,0.04924484289222131,0.049979824617274404,0.05214405609105825,0.27050885470533015,0.27988089472135713,0.29201067553919297,0.30188834482778554
0.1,16384,26,fixed,0.09989041037550181,0.001097098551164466,0.0,0.0001220703125,0.006072998046875,0.049742662376035515,0.04974233956942195,0.05000032280661357,0.05198784045272245,0.24521984666830343,0.2509690744448281,0.0502943130794401,0.05241757817053664
0.1,16384,27,full,0.10025439085794839,-0.002537453529679601,0.0,0.002655029296875,0.0079345703125,0.04929782505380882,0.04924484289222131,0.05005298216158752,0.05217411483113936,0.27005294454040474,0.27922947002705795,0.28878220866103654,0.2984125937891574
0.1,16384,27,selected,0.10025439085794839,-0.002537453529679601,0,0.002655029296875,0.0079345703125,0.04929782505380882,0.04924484289222131,0.05005298216158752,0.05217411483113936,0.27005294454040474,0.27922947002705795,0.28878220866103654,0.2984125937891574
0.1,16384,27,level,0.10025439085794839,-0.002537453529679601,0,0.002655029296875,0.0079345703125,0.04929782505380882,0.04924484289222131,0.05005298216158752,0.05217411483113936,0.27005294454040474,0.27922947002705795,0.28878220866103654,0.2984125937891574
0.1,16384,27,fixed,0.10025439085794839,-0.002537453529679601,0.0,0.0001220703125,0.006072998046875,0.04974144541631485,0.049742235870321165,0.04999920954599369,0.05198785059144055,0.24521700872103205,0.2509698285247082,0.05029338954082764,0.05241798667375851
0.1,16384,28,full,0.09983303322906135,0.0016724601621143087,0.0,0.001922607421875,0.006500244140625,0.0492140207134315,0.04924484289222131,0.04996917782121019,0.05214353098736503,0.270587757202451,0.2799908105646597,0.29252874556197445,0.30244295982178704
0.1,16384,28,selected,0.09983303322906135,0.0016724601621143087,0,0.001922607421875,0.006500244140625,0.0492140207134315,0.04924484289222131,0.04996917782121019,0.05214353098736503,0.270587757202451,0.2799908105646597,0.29252874556197445,0.30244295982178704
0.1,16384,28,level,0.09983303322906135,0.0016724601621143087,0,0.001922607421875,0.006500244140625,0.0492140207134315,0.04924484289222131,0.04996917782121019,0.05214353098736503,0.270587757202451,0.2799908105646597,0.29252874556197445,0.30244295982178704
0.1,16384,28,fixed,0.09983303322906135,0.0016724601621143087,0.0,0.0001220703125,0.006072998046875,0.049742837709811555,0.049742326563659595,0.05000051114615196,0.05198781142047032,0.24522034489454048,0.2509688842738753,0.05029440996955947,0.05241749469763629
0.1,16384,29,full,0.10007940007861511,-0.0007933708490732716,0.0,0.001129150390625,0.007080078125,0.049262335611061144,0.04924484289222131,0.050017492718839845,0.05215549344587257,0.27025755373912563,0.2795423979191615,0.2903232093309842,0.30007464298696307
0.1,16384,29,selected,0.10007940007861511,-0.0007933708490732716,0,0.001129150390625,0.007080078125,0.049262335611061144,0.04924484289222131,0.050017492718839845,0.05215549344587257,0.27025755373912563,0.2795423979191615,0.2903232093309842,0.30007464298696307
0.1,16384,29,level,0.10007940007861511,-0.0007933708490732716,0,0.001129150390625,0.007080078125,0.049262335611061144,0.04924484289222131,0.050017492718839845,0.05215549344587257,0.27025755373912563,0.2795423979191615,0.2903232093309842,0.30007464298696307
0.1,16384,29,fixed,0.10007940007861511,-0.0007933708490732716,0.0,9.1552734375e-05,0.006072998046875,0.04974204732304836,0.04974227310350028,0.049999774219548085,0.05198787889432831,0.2452183060103634,0.25096955206372995,0.05029374197224172,0.05241787657184894
0.1,16384,30,full,0.10044773198377162,-0.00445736279883302,0.0,0.003997802734375,0.00897216796875,0.04934859689721352,0.04924484289222131,0.050103754004992215,0.052192368060987704,0.2698623659033776,0.2788828095098876,0.2871065547926964,0.29657852216462405
0.1,16384,30,selected,0.10044773198377162,-0.00445736279883302,0,0.003997802734375,0.00897216796875,0.04934859689721352,0.04924484289222131,0.050103754004992215,0.052192368060987704,0.2698623659033776,0.2788828095098876,0.2871065547926964,0.29657852216462405
0.1,16384,30,level,0.10044773198377162,-0.00445736279883302,0,0.003997802734375,0.00897216796875,0.04934859689721352,0.04924484289222131,0.050103754004992215,0.052192368060987704,0.2698623659033776,0.2788828095098876,0.2871065547926964,0.29657852216462405
0.1,16384,30,fixed,0.10044773198377162,-0.00445736279883302,0.0,0.000152587890625,0.006103515625,0.04974066174040608,0.04974224738120885,0.049998414359197225,0.051987859108723465,0.24521541552791787,0.25097015130463357,0.050292757191814495,0.05241802726380529
0.1,16384,31,full,0.09984887035878105,0.001513583886086023,0.0,0.001739501953125,0.00640869140625,0.04921688195289389,0.04924484289222131,0.04997203906067259,0.0521431017645842,0.27056581347953285,0.2799606649816635,0.29238496684857807,0.30228970597665844
0.1,16384,31,selected,0.09984887035878105,0.001513583886086023,0,0.001739501953125,0.00640869140625,0.04921688195289389,0.04924484289222131,0.04997203906067259,0.0521431017645842,0.27056581347953285,0.2799606649816635,0.29238496684857807,0.30228970597665844
0.1,16384,31,level,0.09984887035878105,0.001513583886086023,0,0.001739501953125,0.00640869140625,0.04921688195289389,0.04924484289222131,0.04997203906067259,0.0521431017645842,0.27056581347953285,0.2799606649816635,0.29238496684857807,0.30228970597665844
0.1,16384,31,fixed,0.09984887035878105,0.001513583886086023,0.0,0.0001220703125,0.006072998046875,0.04974277238473646,0.04974232657425059,0.050000445810485884,0.05198781208888696,0.24522017791757172,0.2509688815359499,0.05029440853400153,0.052417567242522646
0.1,16384,32,full,0.0998110130460783,0.001893447908744017,0.0,0.002166748046875,0.00665283203125,0.04921144539475689,0.04924484289222131,0.049966602502535595,0.05214164148195713,0.2706219859215926,0.28003099081968397,0.29272914966008046,0.302659361833462
0.1,16384,32,selected,0.0998110130460783,0.001893447908744017,0,0.002166748046875,0.00665283203125,0.04921144539475689,0.04924484289222131,0.049966602502535595,0.05214164148195713,0.2706219859215926,0.28003099081968397,0.29272914966008046,0.302659361833462
0.1,16384,32,level,0.0998110130460783,0.001893447908744017,0,0.002166748046875,0.00665283203125,0.04921144539475689,0.04924484289222131,0.049966602502535595,0.05214164148195713,0.2706219859215926,0.28003099081968397,0.29272914966008046,0.302659361833462
0.1,16384,32,fixed,0.0998110130460783,0.001893447908744017,0.0,0.0001220703125,0.006072998046875,0.04974287633849815,0.0497423804235416,0.050000495914956554,0.05198777416195928,0.24522046316348733,0.25096892849071106,0.05029444914808885,0.052417430452006905
0.1,16384,33,full,0.10005149359196418,-0.0005146708971099923,0.0,0.0008544921875,0.0069580078125,0.049256582632638865,0.04924484289222131,0.05001173974041756,0.052155473869855765,0.2702897137419317,0.2795883116732871,0.29057087693625927,0.30033805720484635
0.1,16384,33,selected,0.10005149359196418,-0.0005146708971099923,0,0.0008544921875,0.0069580078125,0.049256582632638865,0.04924484289222131,0.05001173974041756,0.052155473869855765,0.2702897137419317,0.2795883116732871,0.29057087693625927,0.30033805720484635
0.1,16384,33,level,0.10005149359196418,-0.0005146708971099923,0,0.0008544921875,0.0069580078125,0.049256582632638865,0.04924484289222131,0.05001173974041756,0.052155473869855765,0.2702897137419317,0.2795883116732871,0.29057087693625927,0.30033805720484635
0.1,16384,33,fixed,0.10005149359196418,-0.0005146708971099923,0.0,9.1552734375e-05,0.006072998046875,0.049742159047865796,0.04974230272981623,0.04999985631804956,0.051987820368823885,0.24521841672032915,0.25096955226364825,0.0502938334469718,0.05241786773541345
0.1,16384,34,full,0.09984277237732204,0.0015747521721829472,0.0,0.00177001953125,0.0064697265625,0.04921639707644699,0.04924484289222131,0.04997155418422569,0.05214413492372669,0.2705725464719869,0.27997243256744153,0.29244245453695594,0.302348172109999
0.1,16384,34,selected,0.09984277237732204,0.0015747521721829472,0,0.00177001953125,0.0064697265625,0.04921639707644699,0.04924484289222131,0.04997155418422569,0.05214413492372669,0.2705725464719869,0.27997243256744153,0.29244245453695594,0.302348172109999
0.1,16384,34,level,0.09984277237732204,0.0015747521721829472,0,0.00177001953125,0.0064697265625,0.04921639707644699,0.04924484289222131,0.04997155418422569,0.05214413492372669,0.2705725464719869,0.27997243256744153,0.29244245453695594,0.302348172109999
0.1,16384,34,fixed,0.09984277237732204,0.0015747521721829472,0.0,0.0001220703125,0.006072998046875,0.04974281263351492,0.049742326565538925,0.050000486067976,0.05198781216770493,0.24522024025612948,0.250968860367341,0.05029440996950126,0.052417514815942784
0.1,16384,35,full,0.09989287765274324,0.0010723722228640487,0.0,0.001434326171875,0.00604248046875,0.04922510268726624,0.04924484289222131,0.04998025979504493,0.05214471724801246,0.2705047952932302,0.2798759684588399,0.2919898960781837,0.3018651410905109
0.1,16384,35,selected,0.09989287765274324,0.0010723722228640487,0,0.001434326171875,0.00604248046875,0.04922510268726624,0.04924484289222131,0.04998025979504493,0.05214471724801246,0.2705047952932302,0.2798759684588399,0.2919898960781837,0.3018651410905109
0.1,16384,35,level,0.09989287765274324,0.0010723722228640487,0,0.001434326171875,0.00604248046875,0.04922510268726624,0.04924484289222131,0.04998025979504493,0.05214471724801246,0.2705047952932302,0.2798759684588399,0.2919898960781837,0.3018651410905109
0.1,16384,35,fixed,0.09989287765274324,0.0010723722228640487,0.0,0.0001220703125,0.006072998046875,0.049742646740169635,0.04974233956942195,0.05000030717074769,0.05198784049757247,0.24521981217773553,0.25096908205545054,0.05029431307944414,0.052417578170337834
0.1,16384,36,full,0.10009235286553118,-0.0009226765370902168,0.0,0.001190185546875,0.007171630859375,0.04926455676418268,0.04924484289222131,0.050019713871961385,0.052157183807536533,0.2702418492584849,0.2795182751922023,0.2902080155283408,0.29994759603982407
0.1,16384,36,selected,0.10009235286553118,-0.0009226765370902168,0,0.001190185546875,0.007171630859375,0.04926455676418268,0.04924484289222131,0.050019713871961385,0.052157183807536533,0.2702418492584849,0.2795182751922023,0.2902080155283408,0.29994759603982407
0.1,16384,36,level,0.10009235286553118,-0.0009226765370902168,0,0.001190185546875,0.007171630859375,0.04926455676418268,0.04924484289222131,0.050019713871961385,0.052157183807536533,0.2702418492584849,0.2795182751922023,0.2902080155283408,0.29994759603982407
0.1,16384,36,fixed,0.10009235286553118,-0.0009226765370902168,0.0,9.1552734375e-05,0.006072998046875,0.049741978281081387,0.04974227312126206,0.04999970515981933,0.05198787827866544,0.24521816375948435,0.25096955482772965,0.05029371239911619,0.05241785279173683
0.1,16384,37,full,0.09987337314954259,0.0012678739734544031,0.0,0.001556396484375,0.006195068359375,0.04922209893469057,0.04924484289222131,0.04997725604246926,0.05214403870780064,0.2705328212952325,0.279913330957408,0.29216189939293047,0.3020490492585765
0.1,16384,37,selected,0.09987337314954259,0.0012678739734544031,0,0.001556396484375,0.006195068359375,0.04922209893469057,0.04924484289222131,0.04997725604246926,0.05214403870780064,0.2705328212952325,0.279913330957408,0.29216189939293047,0.3020490492585765
0.1,16384,37,level,0.09987337314954259,0.0012678739734544031,0,0.001556396484375,0.006195068359375,0.04922209893469057,0.04924484289222131,0.04997725604246926,0.05214403870780064,0.2705328212952325,0.279913330957408,0.29216189939293047,0.3020490492585765
0.1,16384,37,fixed,0.09987337314954259,0.0012678739734544031,0.0,0.0001220703125,0.006072998046875,0.049742748702269614,0.04974237898940917,0.050000369712860454,0.05198784189175819,0.2452199466482679,0.2509690441597315,0.05029430263259963,0.05241756484763274
0.1,16384,38,full,0.10005012990367268,-0.0005010478619162928,0.0,0.0008544921875,0.0069580078125,0.049256396308735045,0.04924484289222131,0.05001155341651374,0.05215570904096178,0.2702922159188468,0.27959156133184765,0.2905834121687938,0.3003520698307811
0.1,16384,38,selected,0.10005012990367268,-0.0005010478619162928,0,0.0008544921875,0.0069580078125,0.049256396308735045,0.04924484289222131,0.05001155341651374,0.05215570904096178,0.2702922159188468,0.27959156133184765,0.2905834121687938,0.3003520698307811
0.1,16384,38,level,0.10005012990367268,-0.0005010478619162928,0,0.0008544921875,0.0069580078125,0.049256396308735045,0.04924484289222131,0.05001155341651374,0.05215570904096178,0.2702922159188468,0.27959156133184765,0.2905834121687938,0.3003520698307811
0.1,16384,38,fixed,0.10005012990367268,-0.0005010478619162928,0.0,9.1552734375e-05,0.006072998046875,0.049742159047865796,0.04974230272981623,0.04999985631804956,0.051987820368823885,0.24521842039354685,0.2509695522626558,0.0502938334469718,0.05241786773541345
0.1,16384,39,full,0.10011077924097962,-0.0011065665637559619,0.0,0.00140380859375,0.007171630859375,0.04926834545018276,0.04924484289222131,0.05002350255796145,0.05215766380284721,0.27021968498018,0.27948565921042634,0.29004617728982807,0.29977298298862454
0.1,16384,39,selected,0.10011077924097962,-0.0011065665637559619,0,0.00140380859375,0.007171630859375,0.04926834545018276,0.04924484289222131,0.05002350255796145,0.05215766380284721,0.27021968498018,0.27948565921042634,0.29004617728982807,0.29977298298862454
0.1,16384,39,level,0.10011077924097962,-0.0011065665637559619,0,0.00140380859375,0.007171630859375,0.04926834545018276,0.04924484289222131,0.05002350255796145,0.05215766380284721,0.27021968498018,0.27948565921042634,0.29004617728982807,0.29977298298862454
0.1,16384,39,fixed,0.10011077924097962,-0.0011065665637559619,0.0,0.0001220703125,0.006072998046875,0.04974190234703252,0.04974228037415579,0.04999962197287673,0.051987896808384934,0.24521799680395207,0.25096961015211305,0.05029367674978237,0.05241786139698845
0.1,16384,40,full,0.0999184712729651,0.000815952506040496,0.0,0.00115966796875,0.00616455078125,0.049229938488033906,0.04924484289222131,0.0499850955958126,0.05214520405849488,0.2704684850315348,0.2798325675325281,0.2917582793619333,0.3016109251054443
0.1,16384,40,selected,0.0999184712729651,0.000815952506040496,0,0.00115966796875,0.00616455078125,0.049229938488033906,0.04924484289222131,0.0499850955958126,0.05214520405849488,0.2704684850315348,0.2798325675325281,0.2917582793619333,0.3016109251054443
0.1,16384,40,level,0.0999184712729651,0.000815952506040496,0,0.00115966796875,0.00616455078125,0.049229938488033906,0.04924484289222131,0.0499850955958126,0.05214520405849488,0.2704684850315348,0.2798325675325281,0.2917582793619333,0.3016109251054443
0.1,16384,40,fixed,0.0999184712729651,0.000815952506040496,0.0,0.0001220703125,0.006072998046875,0.04974260362294776,0.049742335497538696,0.050000268125409066,0.051987799047330537,0.245219606886052,0.25096914168315676,0.05029432028068381,0.05241767788833476
0.1,16384,41,full,0.0999095572350635,0.0009052463792198484,0.0,0.001251220703125,0.006072998046875,0.049227922464609955,0.04924484289222131,0.04998307957238865,0.05214425670221549,0.27047974468957503,0.2798477280251123,0.291836939726104,0.3016984877275335
0.1,16384,41,selected,0.0999095572350635,0.0009052463792198484,0,0.001251220703125,0.006072998046875,0.049227922464609955,0.04924484289222131,0.04998307957238865,0.05214425670221549,0.27047974468957503,0.2798477280251123,0.291836939726104,0.3016984877275335
0.1,16384,41,level,0.0999095572350635,0.0009052463792198484,0,0.001251220703125,0.006072998046875,0.049227922464609955,0.04924484289222131,0.04998307957238865,0.05214425670221549,0.27047974468957503,0.2798477280251123,0.291836939726104,0.3016984877275335
0.1,16384,41,fixed,0.0999095572350635,0.0009052463792198484,0.0,0.0001220703125,0.006072998046875,0.04974264673852677,0.04974235597674245,0.05000029076178432,0.051987819005221786,0.24521968511360814,0.2509690984083164,0.05029432989285761,0.05241764451520546
0.1,16384,42,full,0.10002033301368768,-0.00020328880213671408,0.0,0.000457763671875,0.006805419921875,0.04924981546806333,0.04924484289222131,0.05000497257584202,0.05215304333649464,0.2703306967554242,0.2796444846469592,0.2908467594098847,0.3006371849684785
0.1,16384,42,selected,0.10002033301368768,-0.00020328880213671408,0,0.000457763671875,0.006805419921875,0.04924981546806333,0.04924484289222131,0.05000497257584202,0.05215304333649464,0.2703306967554242,0.2796444846469592,0.2908467594098847,0.3006371849684785
0.1,16384,42,level,0.10002033301368768,-0.00020328880213671408,0,0.000457763671875,0.006805419921875,0.04924981546806333,0.04924484289222131,0.05000497257584202,0.05215304333649464,0.2703306967554242,0.2796444846469592,0.2908467594098847,0.3006371849684785
0.1,16384,42,fixed,0.10002033301368768,-0.00020328880213671408,0.0,9.1552734375e-05,0.006072998046875,0.049742224460813056,0.049742242875496966,0.04999998158531609,0.051987819912445374,0.24521874897392343,0.25096957791708063,0.05029399836427091,0.05241786830702687
0.1,16384,43,full,0.09985764942802629,0.0014255349769305425,0.0,0.00164794921875,0.00634765625,0.04921908837686798,0.04924484289222131,0.049974245484646684,0.05214368728697824,0.27055277884279527,0.2799447157483773,0.2923072978533666,0.30220362787390637
0.1,16384,43,selected,0.09985764942802629,0.0014255349769305425,0,0.00164794921875,0.00634765625,0.04921908837686798,0.04924484289222131,0.049974245484646684,0.05214368728697824,0.27055277884279527,0.2799447157483773,0.2923072978533666,0.30220362787390637
0.1,16384,43,level,0.09985764942802629,0.0014255349769305425,0,0.00164794921875,0.00634765625,0.04921908837686798,0.04924484289222131,0.049974245484646684,0.05214368728697824,0.27055277884279527,0.2799447157483773,0.2923072978533666,0.30220362787390637
0.1,16384,43,fixed,0.09985764942802629,0.0014255349769305425,0.0,0.0001220703125,0.006072998046875,0.04974274871587023,0.04974234409222708,0.05000040462364315,0.05198781707447542,0.2452200521752927,0.25096894233028005,0.05029437372416769,0.052417572337080845
0.1,16384,44,full,0.10032921919820628,-0.0032813890194429707,0.0,0.003143310546875,0.0084228515625,0.04931521858405696,0.04924484289222131,0.05007037569183566,0.05218006811192656,0.26997387985601157,0.2790959488971401,0.28812665727126086,0.2976968644516741
0.1,16384,44,selected,0.10032921919820628,-0.0032813890194429707,0,0.003143310546875,0.0084228515625,0.04931521858405696,0.04924484289222131,0.05007037569183566,0.05218006811192656,0.26997387985601157,0.2790959488971401,0.28812665727126086,0.2976968644516741
0.1,16384,44,level,0.10032921919820628,-0.0032813890194429707,0,0.003143310546875,0.0084228515625,0.04931521858405696,0.04924484289222131,0.05007037569183566,0.05218006811192656,0.26997387985601157,0.2790959488971401,0.28812665727126086,0.2976968644516741
0.1,16384,44,fixed,0.10032921919820628,-0.0032813890194429707,0.0,0.0001220703125,0.006072998046875,0.049741113105400823,0.049742239495948914,0.049998873609451905,0.0519877811979845,0.24521625877933578,0.25096987305947527,0.050293198254261526,0.05241800678998933
0.1,16384,45,full,0.09982941557964953,0.0017087590802771224,0.0,0.00201416015625,0.006561279296875,0.04921367670049606,0.04924484289222131,0.04996883380827476,0.05214343034317662,0.27059342022437205,0.27999737289489457,0.2925622634878533,0.30247816868118743
0.1,16384,45,selected,0.09982941557964953,0.0017087590802771224,0,0.00201416015625,0.006561279296875,0.04921367670049606,0.04924484289222131,0.04996883380827476,0.05214343034317662,0.27059342022437205,0.27999737289489457,0.2925622634878533,0.30247816868118743
0.1,16384,45,level,0.09982941557964953,0.0017087590802771224,0,0.00201416015625,0.006561279296875,0.04921367670049606,0.04924484289222131,0.04996883380827476,0.05214343034317662,0.27059342022437205,0.27999737289489457,0.2925622634878533,0.30247816868118743
0.1,16384,45,fixed,0.09982941557964953,0.0017087590802771224,0.0,0.0001220703125,0.006072998046875,0.049742837709811555,0.049742326563655834,0.050000511146155724,0.05198782919023967,0.2452203451362926,0.2509688922042047,0.050294409969578,0.05241749469543764
0.1,16384,46,full,0.10012492607691499,-0.0012477020639098946,0.0,0.001495361328125,0.0072021484375,0.04927035562520457,0.04924484289222131,0.050025512732983266,0.05215926328324029,0.2702019602174617,0.2794620848584193,0.28991830431153587,0.29964129537975387
0.1,16384,46,selected,0.10012492607691499,-0.0012477020639098946,0,0.001495361328125,0.0072021484375,0.04927035562520457,0.04924484289222131,0.050025512732983266,0.05215926328324029,0.2702019602174617,0.2794620848584193,0.28991830431153587,0.29964129537975387
0.1,16384,46,level,0.10012492607691499,-0.0012477020639098946,0,0.001495361328125,0.0072021484375,0.04927035562520457,0.04924484289222131,0.050025512732983266,0.05215926328324029,0.2702019602174617,0.2794620848584193,0.28991830431153587,0.29964129537975387
0.1,16384,46,fixed,0.10012492607691499,-0.0012477020639098946,0.0,0.0001220703125,0.006072998046875,0.04974187044571268,0.04974228209284954,0.049999588352863146,0.05198792657429277,0.2452179487536056,0.25096960633185017,0.05029363635965139,0.05241786629697945
0.1,16384,47,full,0.09989383450731845,0.001062783235874054,0.0,0.00140380859375,0.006011962890625,0.049225693651953506,0.04924484289222131,0.0499808507597322,0.05214476830093062,0.2705039107493389,0.279874466186395,0.2919818908202009,0.30185530559646667
0.1,16384,47,selected,0.09989383450731845,0.001062783235874054,0,0.00140380859375,0.006011962890625,0.049225693651953506,0.04924484289222131,0.0499808507597322,0.05214476830093062,0.2705039107493389,0.279874466186395,0.2919818908202009,0.30185530559646667
0.1,16384,47,level,0.09989383450731845,0.001062783235874054,0,0.00140380859375,0.006011962890625,0.049225693651953506,0.04924484289222131,0.0499808507597322,0.05214476830093062,0.2705039107493389,0.279874466186395,0.2919818908202009,0.30185530559646667
0.1,16384,47,fixed,0.09989383450731845,0.001062783235874054,0.0,0.0001220703125,0.006072998046875,0.04974264673891394,0.04974233956942195,0.050000307169492,0.05198784049757247,0.2452198116358443,0.25096908205545054,0.05029431307944414,0.05241761361994231
0.1,16384,48,full,0.10037292664082612,-0.003715410652123219,0.0,0.003448486328125,0.0086669921875,0.04932542457628049,0.04924484289222131,0.05008058168405918,0.052184273688209284,0.26993024190868015,0.27901897941802517,0.28774889488378835,0.2972830506362194
0.1,16384,48,selected,0.10037292664082612,-0.003715410652123219,0,0.003448486328125,0.0086669921875,0.04932542457628049,0.04924484289222131,0.05008058168405918,0.052184273688209284,0.26993024190868015,0.27901897941802517,0.28774889488378835,0.2972830506362194
0.1,16384,48,level,0.10037292664082612,-0.003715410652123219,0,0.003448486328125,0.0086669921875,0.04932542457628049,0.04924484289222131,0.05008058168405918,0.052184273688209284,0.26993024190868015,0.27901897941802517,0.28774889488378835,0.2972830506362194
0.1,16384,48,fixed,0.10037292664082612,-0.003715410652123219,0.0,0.0001220703125,0.006072998046875,0.04974103051907285,0.04974226556798914,0.049998764951083706,0.05198779479067027,0.24521591174428314,0.25096986564501195,0.05029311501355388,0.052418031635010576
0.1,16384,49,full,0.10007282366240698,-0.0007277066814127542,0.0,0.00103759765625,0.007080078125,0.04926104473194513,0.04924484289222131,0.05001620183972383,0.05215515140124397,0.2702650788260088,0.27955365169128454,0.29038276929980306,0.3001358386282435
0.1,16384,49,selected,0.10007282366240698,-0.0007277066814127542,0,0.00103759765625,0.007080078125,0.04926104473194513,0.04924484289222131,0.05001620183972383,0.05215515140124397,0.2702650788260088,0.27955365169128454,0.29038276929980306,0.3001358386282435
0.1,16384,49,level,0.10007282366240698,-0.0007277066814127542,0,0.00103759765625,0.007080078125,0.04926104473194513,0.04924484289222131,0.05001620183972383,0.05215515140124397,0.2702650788260088,0.27955365169128454,0.29038276929980306,0.3001358386282435
0.1,16384,49,fixed,0.10007282366240698,-0.0007277066814127542,0.0,9.1552734375e-05,0.006072998046875,0.04974207849976617,0.049742272562540935,0.049999805937225236,0.05198786798098963,0.24521833179780064,0.2509695221809247,0.05029374841189787,0.052417876113400666
0.1,16384,50,full,0.09987444409487982,0.0012571374615202302,0.0,0.001556396484375,0.006195068359375,0.04922202327733519,0.04924484289222131,0.049977180385113895,0.052143888198585314,0.27053116710441677,0.27991080465423135,0.2921523276544054,0.30203891430911556
0.1,16384,50,selected,0.09987444409487982,0.0012571374615202302,0,0.001556396484375,0.006195068359375,0.04922202327733519,0.04924484289222131,0.049977180385113895,0.052143888198585314,0.27053116710441677,0.27991080465423135,0.2921523276544054,0.30203891430911556
0.1,16384,50,level,0.09987444409487982,0.0012571374615202302,0,0.001556396484375,0.006195068359375,0.04922202327733519,0.04924484289222131,0.049977180385113895,0.052143888198585314,0.27053116710441677,0.27991080465423135,0.2921523276544054,0.30203891430911556
0.1,16384,50,fixed,0.09987444409487982,0.0012571374615202302,0.0,0.0001220703125,0.006072998046875,0.04974274870225816,0.04974237898940917,0.05000036971284899,0.05198784189240605,0.2452199466482679,0.2509690438132739,0.05029430260056701,0.05241756484763274
0.1,16384,51,full,0.10017990101500429,-0.001795779524451202,0.0,0.00201416015625,0.00750732421875,0.04928058538215904,0.04924484289222131,0.05003574248993774,0.052165891679556244,0.2701386548464,0.27936546662358785,0.2894318997824693,0.2991166496644264
0.1,16384,51,selected,0.10017990101500429,-0.001795779524451202,0,0.00201416015625,0.00750732421875,0.04928058538215904,0.04924484289222131,0.05003574248993774,0.052165891679556244,0.2701386548464,0.27936546662358785,0.2894318997824693,0.2991166496644264
0.1,16384,51,level,0.10017990101500429,-0.001795779524451202,0,0.00201416015625,0.00750732421875,0.04928058538215904,0.04924484289222131,0.05003574248993774,0.052165891679556244,0.2701386548464,0.27936546662358785,0.2894318997824693,0.2991166496644264
0.1,16384,51,fixed,0.10017990101500429,-0.001795779524451202,0.0,0.0001220703125,0.006072998046875,0.04974166796787385,0.04974230482913602,0.049999363138737825,0.05198783524032033,0.24521753620952963,0.2509697453884798,0.050293523283491945,0.052417919801322904
0.1,16384,52,full,0.09997956624684054,0.00020437929395500376,0.0,0.000457763671875,0.00653076171875,0.04924152723553127,0.04924484289222131,0.04999668434330996,0.05214986735454717,0.27038595624151635,0.27972175967990576,0.2912136809391923,0.30102837571050967
0.1,16384,52,selected,0.09997956624684054,0.00020437929395500376,0,0.000457763671875,0.00653076171875,0.04924152723553127,0.04924484289222131,0.04999668434330996,0.05214986735454717,0.27038595624151635,0.27972175967990576,0.2912136809391923,0.30102837571050967
0.1,16384,52,level,0.09997956624684054,0.00020437929395500376,0,0.000457763671875,0.00653076171875,0.04924152723553127,0.04924484289222131,0.04999668434330996,0.05214986735454717,0.27038595624151635,0.27972175967990576,0.2912136809391923,0.30102837571050967
0.1,16384,52,fixed,0.09997956624684054,0.00020437929395500376,0.0,9.1552734375e-05,0.006072998046875,0.049742349196931955,0.04974229507995068,0.050000054116981274,0.05198784971270362,0.24521908334533155,0.2509694449692613,0.05029409713138947,0.05241778166674231
0.1,16384,53,full,0.0996450179287728,0.0035624668308149587,0.0,0.00347900390625,0.007781982421875,0.04919206878162188,0.04924484289222131,0.049947225889400565,0.05213128746099198,0.27088584791417536,0.28033840962034917,0.29425078381294767,0.30425241873849274
0.1,16384,53,selected,0.0996450179287728,0.0035624668308149587,0,0.00347900390625,0.007781982421875,0.04919206878162188,0.04924484289222131,0.049947225889400565,0.05213128746099198,0.27088584791417536,0.28033840962034917,0.29425078381294767,0.30425241873849274
0.1,16384,53,level,0.0996450179287728,0.0035624668308149587,0,0.00347900390625,0.007781982421875,0.04919206878162188,0.04924484289222131,0.049947225889400565,0.05213128746099198,0.27088584791417536,0.28033840962034917,0.29425078381294767,0.30425241873849274
0.1,16384,53,fixed,0.0996450179287728,0.0035624668308149587,0.0,0.000152587890625,0.006072998046875,0.04974357319404314,0.04974239619712146,0.050001176996921685,0.051987839620825406,0.24522182811339663,0.2509685642771091,0.05029493613059695,0.05241733134890836
0.1,16384,54,full,0.09999281665193505,7.183864106918847e-05,0.0,0.000274658203125,0.006561279296875,0.04924360897115576,0.04924484289222131,0.049998766078934456,0.05215199320384899,0.2703669593423739,0.27969680401908864,0.2910936965999639,0.3009003262968011
0.1,16384,54,selected,0.09999281665193505,7.183864106918847e-05,0,0.000274658203125,0.006561279296875,0.04924360897115576,0.04924484289222131,0.049998766078934456,0.05215199320384899,0.2703669593423739,0.27969680401908864,0.2910936965999639,0.3009003262968011
0.1,16384,54,level,0.09999281665193505,7.183864106918847e-05,0,0.000274658203125,0.006561279296875,0.04924360897115576,0.04924484289222131,0.049998766078934456,0.05215199320384899,0.2703669593423739,0.27969680401908864,0.2910936965999639,0.3009003262968011
0.1,16384,54,fixed,0.09999281665193505,7.183864106918847e-05,0.0,6.103515625e-05,0.006072998046875,0.04974234696322084,0.04974231470134388,0.050000032261876964,0.051987811309655824,0.24521898035756648,0.25096948054791046,0.05029409789151569,0.052417818331005964
0.1,16384,55,full,0.10007792861613372,-0.000778679347297695,0.0,0.0010986328125,0.007080078125,0.049262303993074914,0.04924484289222131,0.050017461100853616,0.05215557540019679,0.2702593599755915,0.2795448966164742,0.29033640319202014,0.30008779765225224
0.1,16384,55,selected,0.10007792861613372,-0.000778679347297695,0,0.0010986328125,0.007080078125,0.049262303993074914,0.04924484289222131,0.050017461100853616,0.05215557540019679,0.2702593599755915,0.2795448966164742,0.29033640319202014,0.30008779765225224
0.1,16384,55,level,0.10007792861613372,-0.000778679347297695,0,0.0010986328125,0.007080078125,0.049262303993074914,0.04924484289222131,0.050017461100853616,0.05215557540019679,0.2702593599755915,0.2795448966164742,0.29033640319202014,0.30008779765225224
0.1,16384,55,fixed,0.10007792861613372,-0.000778679347297695,0.0,9.1552734375e-05,0.006072998046875,0.04974206192917591,0.0497422725623093,0.04999978936686661,0.05198786788978764,0.2452183060103634,0.25096954072409733,0.05029374197224172,0.05241787657184894
0.1,16384,56,full,0.09994590741156659,0.000541218643507646,0.0,0.00091552734375,0.006378173828125,0.04923487223337206,0.04924484289222131,0.04999002934115075,0.052146680513422985,0.2704315429348741,0.27978204384701527,0.29151127103184066,0.3013523936227025
0.1,16384,56,selected,0.09994590741156659,0.000541218643507646,0,0.00091552734375,0.006378173828125,0.04923487223337206,0.04924484289222131,0.04999002934115075,0.052146680513422985,0.2704315429348741,0.27978204384701527,0.29151127103184066,0.3013523936227025
0.1,16384,56,level,0.09994590741156659,0.000541218643507646,0,0.00091552734375,0.006378173828125,0.04923487223337206,0.04924484289222131,0.04999002934115075,0.052146680513422985,0.2704315429348741,0.27978204384701527,0.29151127103184066,0.3013523936227025
0.1,16384,56,fixed,0.09994590741156659,0.000541218643507646,0.0,9.1552734375e-05,0.006072998046875,0.04974243922154144,0.0497423348109622,0.05000010441057924,0.05198781782734263,0.2452192626680436,0.2509692593255166,0.05029423894291933,0.05241776535860576
0.1,16384,57,full,0.10021190523912589,-0.0021145715034579515,0.0,0.0023193359375,0.007659912109375,0.04928787955978555,0.04924484289222131,0.05004303666756424,0.05217051837250467,0.27010213924865295,0.27930746855444033,0.28915005511582015,0.2988124255801068
0.1,16384,57,selected,0.10021190523912589,-0.0021145715034579515,0,0.0023193359375,0.007659912109375,0.04928787955978555,0.04924484289222131,0.05004303666756424,0.05217051837250467,0.27010213924865295,0.27930746855444033,0.28915005511582015,0.2988124255801068
0.1,16384,57,level,0.10021190523912589,-0.0021145715034579515,0,0.0023193359375,0.007659912109375,0.04928787955978555,0.04924484289222131,0.05004303666756424,0.05217051837250467,0.27010213924865295,0.27930746855444033,0.28915005511582015,0.2988124255801068
0.1,16384,57,fixed,0.10021190523912589,-0.0021145715034579515,0.0,0.0001220703125,0.006072998046875,0.049741564386036684,0.049742205323849625,0.049999359062187054,0.0519878504957255,0.24521731116672174,0.2509697379214937,0.05029341377849783,0.052417899166422546
0.1,16384,58,full,0.09993421932741427,0.0006582397203727108,0.0,0.00103759765625,0.006317138671875,0.049232736150312706,0.04924484289222131,0.0499878932580914,0.05214646248808022,0.2704473470092401,0.2798026140804785,0.29161575950868407,0.3014642575239121
0.1,16384,58,selected,0.09993421932741427,0.0006582397203727108,0,0.00103759765625,0.006317138671875,0.049232736150312706,0.04924484289222131,0.0499878932580914,0.05214646248808022,0.2704473470092401,0.2798026140804785,0.29161575950868407,0.3014642575239121
0.1,16384,58,level,0.09993421932741427,0.0006582397203727108,0,0.00103759765625,0.006317138671875,0.049232736150312706,0.04924484289222131,0.0499878932580914,0.05214646248808022,0.2704473470092401,0.2798026140804785,0.29161575950868407,0.3014642575239121
0.1,16384,58,fixed,0.09993421932741427,0.0006582397203727108,0.0,9.1552734375e-05,0.006072998046875,0.049742527508065834,0.049742334773073944,0.05000019273499189,0.05198782161762136,0.24521937633031338,0.2509692169510456,0.05029431464319448,0.05241767980780651
0.1,16384,59,full,0.09997013090737722,0.00029878016915318995,0.0,0.000579833984375,0.006500244140625,0.049240374849487206,0.04924484289222131,0.0499955319572659,0.05214843806072228,0.2703993472000118,0.2797390947804846,0.29129752054072555,0.3011209037629293
0.1,16384,59,selected,0.09997013090737722,0.00029878016915318995,0,0.000579833984375,0.006500244140625,0.049240374849487206,0.04924484289222131,0.0499955319572659,0.05214843806072228,0.2703993472000118,0.2797390947804846,0.29129752054072555,0.3011209037629293
0.1,16384,59,level,0.09997013090737722,0.00029878016915318995,0,0.000579833984375,0.006500244140625,0.049240374849487206,0.04924484289222131,0.0499955319572659,0.05214843806072228,0.2703993472000118,0.2797390947804846,0.29129752054072555,0.3011209037629293
0.1,16384,59,fixed,0.09997013090737722,0.00029878016915318995,0.0,9.1552734375e-05,0.006072998046875,0.04974236550606613,0.049742295079710584,0.05000007042635555,0.051987813470187876,0.2452191753406069,0.25096942122248356,0.05029412380950749,0.05241776712984149
0.1,16384,60,full,0.10013394400328457,-0.0013376483331184463,0.0,0.0015869140625,0.00726318359375,0.0492719250119128,0.04924484289222131,0.05002708211969149,0.05216075140241816,0.2701926370610237,0.2794472567388186,0.28983928640436846,0.29955578224848994
0.1,16384,60,selected,0.10013394400328457,-0.0013376483331184463,0,0.0015869140625,0.00726318359375,0.0492719250119128,0.04924484289222131,0.05002708211969149,0.05216075140241816,0.2701926370610237,0.2794472567388186,0.28983928640436846,0.29955578224848994
0.1,16384,60,level,0.10013394400328457,-0.0013376483331184463,0,0.0015869140625,0.00726318359375,0.0492719250119128,0.04924484289222131,0.05002708211969149,0.05216075140241816,0.2701926370610237,0.2794472567388186,0.28983928640436846,0.29955578224848994
0.1,16384,60,fixed,0.10013394400328457,-0.0013376483331184463,0.0,0.0001220703125,0.006072998046875,0.04974186942257554,0.04974228175833929,0.04999958766423625,0.05198788843858266,0.24521791859275088,0.2509696663901557,0.0502936114508935,0.05241786630164241
0.1,16384,61,full,0.09992605890163088,0.0007399581168503477,0.0,0.001129150390625,0.006256103515625,0.0492316292672976,0.04924484289222131,0.049986786375076295,0.05214550901789214,0.27045821388537433,0.2798193692452031,0.2916889522985919,0.3015411241037247
0.1,16384,61,selected,0.09992605890163088,0.0007399581168503477,0,0.001129150390625,0.006256103515625,0.0492316292672976,0.04924484289222131,0.049986786375076295,0.05214550901789214,0.27045821388537433,0.2798193692452031,0.2916889522985919,0.3015411241037247
0.1,16384,61,level,0.09992605890163088,0.0007399581168503477,0,0.001129150390625,0.006256103515625,0.0492316292672976,0.04924484289222131,0.049986786375076295,0.05214550901789214,0.27045821388537433,0.2798193692452031,0.2916889522985919,0.3015411241037247
0.1,16384,61,fixed,0.09992605890163088,0.0007399581168503477,0.0,0.0001220703125,0.006072998046875,0.04974258700422553,0.049742335528551854,0.05000025147567368,0.051987820900321086,0.2452195217025332,0.2509691499344133,0.05029431838443407,0.05241767883335169
0.1,16384,62,full,0.09981406305499521,0.001862833145088505,0.0,0.00213623046875,0.006622314453125,0.04921195121406894,0.04924484289222131,0.04996710832184764,0.05214189086906382,0.2706171706131246,0.2800256373020355,0.2927010416619133,0.30262935311433337
0.1,16384,62,selected,0.09981406305499521,0.001862833145088505,0,0.00213623046875,0.006622314453125,0.04921195121406894,0.04924484289222131,0.04996710832184764,0.05214189086906382,0.2706171706131246,0.2800256373020355,0.2927010416619133,0.30262935311433337
0.1,16384,62,level,0.09981406305499521,0.001862833145088505,0,0.00213623046875,0.006622314453125,0.04921195121406894,0.04924484289222131,0.04996710832184764,0.05214189086906382,0.2706171706131246,0.2800256373020355,0.2927010416619133,0.30262935311433337
0.1,16384,62,fixed,0.09981406305499521,0.001862833145088505,0.0,0.0001220703125,0.006072998046875,0.049742871107341324,0.049742379851583245,0.05000049125575808,0.05198777416195695,0.24522043619088613,0.2509689392394845,0.05029444854052868,0.052417430444758994
0.1,16384,63,full,0.09991021579543534,0.0008986488904048073,0.0,0.001251220703125,0.006072998046875,0.04922796938133562,0.04924484289222131,0.04998312648911432,0.052144248493150774,0.27047894209515244,0.2798463818275133,0.2918305149485969,0.30169204871011057
0.1,16384,63,selected,0.09991021579543534,0.0008986488904048073,0,0.001251220703125,0.006072998046875,0.04922796938133562,0.04924484289222131,0.04998312648911432,0.052144248493150774,0.27047894209515244,0.2798463818275133,0.2918305149485969,0.30169204871011057
0.1,16384,63,level,0.09991021579543534,0.0008986488904048073,0,0.001251220703125,0.006072998046875,0.04922796938133562,0.04924484289222131,0.04998312648911432,0.052144248493150774,0.27047894209515244,0.2798463818275133,0.2918305149485969,0.30169204871011057
0.1,16384,63,fixed,0.09991021579543534,0.0008986488904048073,0.0,0.0001220703125,0.006072998046875,0.04974264673852677,0.04974235597674245,0.05000029076178432,0.051987819005223465,0.24521968511360814,0.2509690984083164,0.05029432989285761,0.05241764451520546
1.0,64,0,full,0.9519809481559733,0.05044118995977964,0.0,0.0474853515625,0.048614501953125,0.05174857131378389,0.04924484289222131,0.05250372842156259,0.052273047740696216,0.2884631161810082,0.290176783045757,0.3468691272703598,0.34879313340862783
1.0,64,0,selected,0.9519809481559733,0.05044118995977964,10,0.0009765625,0.00555419921875,0.04984622732672351,0.04977796455694745,0.05006826276977607,0.05200628646887666,0.24610972378667864,0.25163487386135286,0.05131057480982518,0.053372833540518014
1.0,64,0,level,0.9519809481559733,0.05044118995977964,1,0.005584716796875,0.008636474609375,0.050715850016627005,0.05006305048046375,0.05065279953616325,0.052184727670104805,0.2544255613580355,0.2581702639454442,0.062293731221149964,0.06393864104802378
1.0,64,0,fixed,0.9519809481559733,0.05044118995977964,0.0,0.010894775390625,0.01446533203125,0.05127493203888031,0.04942521028316575,0.05184972175571456,0.052081862417630805,0.2590661202049903,0.2611127390290933,0.0715842164310943,0.07257226656035146
1.0,64,1,full,1.028041075407621,-0.02727622084215131,0.0,0.018798828125,0.0189208984375,0.05060033011731409,0.04924484289222131,0.05135548722509278,0.052403009160500454,0.26980797232622894,0.2753287769022854,0.26958367229919844,0.27516079887424655
1.0,64,1,selected,1.028041075407621,-0.02727622084215131,10,0.0006103515625,0.006072998046875,0.049757106454575394,0.04977796455694745,0.04997914189762794,0.052007981669708186,0.24581598056854043,0.25157642029686644,0.051076138970742035,0.053222130966411256
1.0,64,1,level,1.028041075407621,-0.02727622084215131,1,0.002716064453125,0.0078125,0.0498634670745073,0.05006305048046375,0.04980041659404355,0.0522076687088803,0.2516225031169428,0.25761291578090256,0.05963045672737037,0.06215648320766298
1.0,64,1,fixed,1.028041075407621,-0.02727622084215131,0.0,0.00634765625,0.009796142578125,0.048513526767296596,0.04938010525544667,0.049133421511849934,0.05209530926851667,0.25232545094394315,0.261686109221989,0.0682712288221092,0.0727005828932368
1.0,64,2,full,0.9598797104326601,0.041797205557408734,0.0,0.038299560546875,0.03961181640625,0.0507816596037783,0.04924484289222131,0.05153681671155699,0.05220519009572666,0.2836360032870726,0.2882736258530666,0.33574969314929565,0.34087206201563325
1.0,64,2,selected,0.9598797104326601,0.041797205557408734,10,0.000885009765625,0.00567626953125,0.049832564977238675,0.04977796455694745,0.05005460042029123,0.05200687546518269,0.2460676593648611,0.2516272092189057,0.05128031404576562,0.05335487843596416
1.0,64,2,level,0.9598797104326601,0.041797205557408734,1,0.00457763671875,0.007781982421875,0.05057322770860573,0.05006305048046375,0.05051017722814198,0.052187814520973194,0.254003529268581,0.25811186609741643,0.06193815640096124,0.06373208303981347
1.0,64,2,fixed,0.9598797104326601,0.041797205557408734,0.0,0.009246826171875,0.012908935546875,0.05093429493737107,0.04941932370203933,0.05151497123533175,0.052084997331551676,0.2582416661008373,0.2611794376860205,0.07117660582808205,0.07258908137915328
1.0,64,3,full,0.8580393262082128,0.16544774750491897,0.0,0.2205810546875,0.214813232421875,0.09871111089312848,0.04924484289222131,0.09946626800090719,0.05148133246710915,0.4268870631289641,0.3053709484943212,0.5359821051890412,0.4156008264868736
1.0,64,3,selected,0.8580393262082128,0.16544774750491897,10,0.003021240234375,0.006805419921875,0.050146813504329694,0.04977796455694745,0.05036884894738224,0.05200496356810265,0.24696254078767127,0.2517168868462955,0.05183718028756844,0.05361339146176083
1.0,64,3,level,0.8580393262082128,0.16544774750491897,1,0.022369384765625,0.024993896484375,0.05363248845766428,0.05006305048046375,0.05356943797720054,0.052134974742998566,0.26292111805579577,0.2589632721269677,0.06876597147793481,0.06699731211407915
1.0,64,3,fixed,0.8580393262082128,0.16544774750491897,0.0,0.034454345703125,0.036590576171875,0.05633824036005812,0.049497908077154304,0.05684033228290382,0.052078199842269524,0.27138422858980005,0.26028296596347844,0.07765436961510705,0.07235398060117078
1.0,64,4,full,0.9722974581980838,0.02849183813897449,0.0,0.025421142578125,0.0272216796875,0.049758427704434054,0.04924484289222131,0.05051358481221274,0.05212176305997478,0.2776704681529671,0.2853617248488758,0.31981889868089597,0.32820459470623636
1.0,64,4,selected,0.9722974581980838,0.02849183813897449,10,0.000640869140625,0.005767822265625,0.04981184752540319,0.04977796455694745,0.050033882968455755,0.05200735345031594,0.2460023880361088,0.2516179391982498,0.05123385294265151,0.05332851065230626
1.0,64,4,level,0.9722974581980838,0.02849183813897449,1,0.003265380859375,0.006591796875,0.05038250499253942,0.05006305048046375,0.05031945451207567,0.05218920222515985,0.2534025883829211,0.25801115836985455,0.06140819970044718,0.06341610456925188
1.0,64,4,fixed,0.9722974581980838,0.02849183813897449,0.0,0.00665283203125,0.010406494140625,0.05042076501449464,0.04941227168607755,0.0510084933284171,0.05208610838837521,0.2570024593120205,0.2612819722723523,0.07056318771751388,0.07261171141530307
1.0,64,5,full,0.993603206545194,0.0064379758566279754,0.0,0.00604248046875,0.0093994140625,0.04916880280584456,0.04924484289222131,0.04992395991362325,0.052121180667028484,0.2713885089616954,0.2808769117800418,0.29691146312216676,0.3070019912128137
1.0,64,5,selected,0.993603206545194,0.0064379758566279754,10,0.00030517578125,0.005889892578125,0.04978508068859876,0.04977796455694745,0.05000711613165131,0.052007589655043436,0.24591653855939422,0.2516018104605072,0.051165748605674743,0.05328530073172455
1.0,64,5,level,0.993603206545194,0.0064379758566279754,1,0.001007080078125,0.006103515625,0.050123928671906376,0.05006305048046375,0.05006087819144263,0.05219366852436436,0.2525568115814191,0.2578541427233302,0.06063059920119984,0.06290232426715592
1.0,64,5,fixed,0.993603206545194,0.0064379758566279754,0.0,0.00201416015625,0.006439208984375,0.049620200961005966,0.049401362401002166,0.050218838560003795,0.052086229638317244,0.25504017353635233,0.26144568735308676,0.06960440722565728,0.07264342838709995
1.0,64,6,full,1.0112975054314988,-0.011171297635781618,0.0,0.008880615234375,0.01171875,0.049598753106254695,0.04924484289222131,0.05035391021403339,0.05223608014191842,0.2694125992315825,0.27776634995109845,0.2815280405518623,0.29020234880466783
1.0,64,6,selected,1.0112975054314988,-0.011171297635781618,10,0.0003662109375,0.006011962890625,0.049768048403351514,0.04977796455694745,0.04999008384640407,0.05200775190248138,0.24585959552098816,0.25158904165507123,0.051117596417848896,0.05325228576047354
1.0,64,6,level,1.0112975054314988,-0.011171297635781618,1,0.00140380859375,0.007080078125,0.04996998492716416,0.05006305048046375,0.04990693444670041,0.05220130253363782,0.2520158110188611,0.2577287829100885,0.06007653628761671,0.06250626598570327
1.0,64,6,fixed,1.0112975054314988,-0.011171297635781618,0.0,0.00299072265625,0.0072021484375,0.04902400129285876,0.0493930796698439,0.04963092162301486,0.052091140140977404,0.2535822339942796,0.26157145458725223,0.06888129718553684,0.07267495940366395
1.0,64,7,full,1.000590540121523,-0.0005901915897098542,0.0,0.000885009765625,0.006988525390625,0.04925758967441719,0.04924484289222131,0.05001274678219589,0.052155674050942194,0.2702816929389568,0.2795765693943325,0.2905050379175136,0.30026584986623317
1.0,64,7,selected,1.000590540121523,-0.0005901915897098542,10,0.0001220703125,0.00592041015625,0.04977743457795468,0.04977796455694745,0.049999470021007235,0.05200735605089302,0.24589321700995803,0.2515974006746061,0.05114662380276691,0.05327166028341552
1.0,64,7,level,1.000590540121523,-0.0005901915897098542,1,0.000274658203125,0.006500244140625,0.050057669248696986,0.05006305048046375,0.049994618768233245,0.05219525675081659,0.25232383098301525,0.2578096714944344,0.06040385723300111,0.06274283707127527
1.0,64,7,fixed,1.000590540121523,-0.0005901915897098542,0.0,0.000396728515625,0.005706787109375,0.04938083833444809,0.04940059465880741,0.04998024367564068,0.05209019530116416,0.25445049331607694,0.2614951669993865,0.06931197362120434,0.07265602167117387
1.0,64,8,full,0.9594307981654732,0.04228465660274727,0.0,0.0389404296875,0.04034423828125,0.050830834826093914,0.04924484289222131,0.051585991933872616,0.05221058164238194,0.28389265796275187,0.2883772819673446,0.3363591138575582,0.34133467311256427
1.0,64,8,selected,0.9594307981654732,0.04228465660274727,10,0.000885009765625,0.005645751953125,0.04983311256488015,0.04977796455694745,0.0500551480079327,0.05200700247960151,0.24607004874188598,0.2516273045340469,0.051281966296611976,0.05335565770727416
1.0,64,8,level,0.9594307981654732,0.04228465660274727,1,0.004608154296875,0.0078125,0.050581417074011786,0.05006305048046375,0.05051836659354804,0.05218760861063532,0.2540267161721992,0.25811587247157286,0.06195835692724182,0.0637427532049222
1.0,64,8,fixed,0.9594307981654732,0.04228465660274727,0.0,0.009307861328125,0.012969970703125,0.050953007974158075,0.04941890597953981,0.05153410199461826,0.05208426080651875,0.2582888503505344,0.2611758393356501,0.07119910612097227,0.0725882761831274
1.0,64,9,full,0.9999941852319982,5.814801813386339e-06,0.0,0.000152587890625,0.006622314453125,0.04924481317001159,0.04924484289222131,0.04999997027779028,0.05215299873375487,0.2703586113586825,0.27968341945237796,0.2910343932134935,0.30083731769607003
1.0,64,9,selected,0.9999941852319982,5.814801813386339e-06,10,6.103515625e-05,0.00592041015625,0.049777964556947454,0.04977796455694745,0.05000000000000001,0.052007340076958834,0.2458950978700592,0.2515979621410931,0.05114810333827423,0.05327311717902988
1.0,64,9,level,0.9999941852319982,5.814801813386339e-06,1,0.0001220703125,0.0064697265625,0.050063098763846306,0.05006305048046375,0.05000004828338256,0.05219541528866653,0.2523430022176718,0.25781363146451036,0.06042283288694961,0.06275597240161598
1.0,64,9,fixed,0.9999941852319982,5.814801813386339e-06,0.0,9.1552734375e-05,0.005645751953125,0.0494022403583254,0.04940193659771906,0.05000030376060634,0.05208925759599306,0.2544998738687212,0.26149005102236744,0.06933465192099018,0.07265550893877822
1.0,64,10,full,1.00201549478599,-0.0020114407376709,0.0,0.002197265625,0.007598876953125,0.04928539140709844,0.04924484289222131,0.05004054851487713,0.05216839600196437,0.27011419986179547,0.2793251586649105,0.28923855894586625,0.29891052841931104
1.0,64,10,selected,1.00201549478599,-0.0020114407376709,10,0.00018310546875,0.00592041015625,0.049776179955781596,0.04977796455694745,0.04999821539883415,0.05200743127554508,0.24588843751852935,0.25159654768789713,0.051142773933667104,0.05326920800777389
1.0,64,10,level,1.00201549478599,-0.0020114407376709,1,0.00048828125,0.006561279296875,0.050044066373563574,0.05006305048046375,0.049981015893099834,0.05219619347438068,0.2522803938897676,0.2578014125189898,0.060358312663006675,0.0627093420332345
1.0,64,10,fixed,1.00201549478599,-0.0020114407376709,0.0,0.0008544921875,0.005828857421875,0.04933196795303911,0.04939968985860965,0.04993227809442946,0.05208980718044201,0.25432919772761997,0.26150620728219504,0.06925504973691263,0.07265808458817302
1.0,64,11,full,0.9574783337919744,0.04441005577601298,0.0,0.04132080078125,0.04254150390625,0.05104681816528982,0.04924484289222131,0.05180197527306851,0.05222751248830372,0.2850211418084723,0.28885191227843765,0.33905015954897466,0.34330861022190207
1.0,64,11,selected,0.9574783337919744,0.04441005577601298,10,0.00091552734375,0.005615234375,0.049836257548363995,0.04977796455694745,0.05005829299141656,0.052006925349722524,0.24608021409616804,0.25162987882926346,0.05128948966275636,0.053360399272468245
1.0,64,11,level,0.9574783337919744,0.04441005577601298,1,0.004852294921875,0.008026123046875,0.05061413287056776,0.05006305048046375,0.050551082390104016,0.05218604063945198,0.2541266044864628,0.2581308331678108,0.06204605423135556,0.06379359774906285
1.0,64,11,fixed,0.9574783337919744,0.04441005577601298,0.0,0.009765625,0.0133056640625,0.05103710558223373,0.04942138437101243,0.05161572121122131,0.052083771054493896,0.25848736151602447,0.2611596238971066,0.07129721339202338,0.07258455754606452
1.0,64,12,full,0.9991464718362365,0.0008542572964251871,0.0,0.001220703125,0.006103515625,0.04922869264436257,0.04924484289222131,0.04998384975214126,0.05214523840767628,0.27047287435132816,0.27983920385988226,0.29179177874610385,0.30164905201427483
1.0,64,12,selected,0.9991464718362365,0.0008542572964251871,10,0.0001220703125,0.00592041015625,0.049778991245532936,0.04977796455694745,0.05000102668858549,0.0520072744026646,0.2458982434717878,0.25159907291483263,0.051150452087687356,0.05327445443136451
1.0,64,12,level,0.9991464718362365,0.0008542572964251871,1,0.000274658203125,0.00640869140625,0.05007130704221137,0.05006305048046375,0.05000825656174762,0.05219524820575603,0.25237046372853433,0.25782168901647057,0.06045029854034558,0.06277506145216706
1.0,64,12,fixed,0.9991464718362365,0.0008542572964251871,0.0,0.000579833984375,0.005462646484375,0.04943071571999834,0.04940109111377775,0.05002962460622059,0.05208865609213143,0.2545698723507094,0.26148502158068554,0.06936859400573772,0.07265536685197563
1.0,64,13,full,0.9548849067989819,0.04724662928462808,0.0,0.0445556640625,0.04522705078125,0.05136052924168837,0.04924484289222131,0.05211568634946706,0.0522465513416433,0.28658580701388536,0.2894704524636643,0.3427084696902539,0.34591344001566626
1.0,64,13,selected,0.9548849067989819,0.04724662928462808,10,0.000946044921875,0.005584716796875,0.04984081985827141,0.04977796455694745,0.05006285530132396,0.05200706422514324,0.24609402181153228,0.2516318738421419,0.05129945567183618,0.05336612866815018
1.0,64,13,level,0.9548849067989819,0.04724662928462808,1,0.00518798828125,0.00823974609375,0.05066108039395404,0.05006305048046375,0.0505980299134903,0.05218496866373671,0.25426331207040587,0.25814842974638674,0.06215962003963665,0.0638593743615137
1.0,64,13,fixed,0.9548849067989819,0.04724662928462808,0.0,0.01025390625,0.013885498046875,0.05114699299124334,0.049423078489874483,0.05172391450136886,0.05208304496230553,0.25876029514835686,0.2611391860540563,0.07142822598516561,0.07257907560171653
1.0,64,14,full,1.0290288178437645,-0.028209917293270492,0.0,0.019317626953125,0.019287109375,0.050676584746515055,0.04924484289222131,0.05143174185429375,0.05241371967531229,0.2698920213295616,0.2751999258058738,0.26894896047083794,0.274297791179391
1.0,64,14,selected,1.0290288178437645,-0.028209917293270492,10,0.0006103515625,0.006103515625,0.04975638568411833,0.04977796455694745,0.04997842112717089,0.05200822373896899,0.24581385471840456,0.25157603390672617,0.05107374761381085,0.05322019665018006
1.0,64,14,level,1.0290288178437645,-0.028209917293270492,1,0.00274658203125,0.007843017578125,0.04985904815794405,0.05006305048046375,0.0497959976774803,0.05220683051288701,0.2516020936101758,0.25760796042862244,0.05960669114093227,0.06213721166545256
1.0,64,14,fixed,1.0290288178437645,-0.028209917293270492,0.0,0.006622314453125,0.010009765625,0.04848485294127507,0.04937950322370778,0.04910534971756729,0.05209566391666838,0.2522518867619492,0.2616953006104715,0.06823729660270406,0.07270114459193931
1.0,64,15,full,0.9734395937986777,0.02728510980088128,0.0,0.024383544921875,0.026092529296875,0.049691672646738544,0.04924484289222131,0.05044682975451724,0.052118197435903166,0.27721278204581556,0.28509846976502623,0.31845344960088184,0.3270371070473507
1.0,64,15,selected,0.9734395937986777,0.02728510980088128,10,0.000640869140625,0.005767822265625,0.04981032467996831,0.04977796455694745,0.05003236012302086,0.05200732552545982,0.24599773938293973,0.2516174373425881,0.051230481950271106,0.053325692122747854
1.0,64,15,level,0.9734395937986777,0.02728510980088128,1,0.003204345703125,0.006500244140625,0.05036694916641712,0.05006305048046375,0.05030389868595336,0.052189235363344105,0.2533498678198077,0.2580025297255251,0.06136230562797568,0.0633867690229416
1.0,64,15,fixed,0.9734395937986777,0.02728510980088128,0.0,0.006317138671875,0.010223388671875,0.05037493595987054,0.04941199449213617,0.05096294146773437,0.052085587219007,0.25689366921860535,0.2612913432119441,0.07050917615689561,0.07261347402065405
1.0,64,16,full,0.9861189754688439,0.014076419657736094,0.0,0.012451171875,0.01470947265625,0.04922130319443912,0.04924484289222131,0.04997646030221781,0.05209547713640329,0.27307138298084854,0.28235301929906975,0.3043569938343698,0.31433928538105094
1.0,64,16,selected,0.9861189754688439,0.014076419657736094,10,0.00042724609375,0.005859375,0.049792846211645085,0.04977796455694745,0.050014881654697634,0.052008254024014,0.24594615102323403,0.2516074603421327,0.05118897190183269,0.053300108083468065
1.0,64,16,level,0.9861189754688439,0.014076419657736094,1,0.00177001953125,0.005645751953125,0.050205312316359524,0.05006305048046375,0.05014226183589578,0.052192285355839474,0.2528257820935492,0.25790792063254686,0.06088939409165763,0.06307940188821282
1.0,64,16,fixed,0.9861189754688439,0.014076419657736094,0.0,0.00360107421875,0.007781982421875,0.04989411859524367,0.04940288285662155,0.05049123573862212,0.05208764513206879,0.25569974261948775,0.2613905261721936,0.06992780335955415,0.07263413966483373
1.0,64,17,full,1.0306485227424305,-0.02973712382653837,0.0,0.020050048828125,0.01983642578125,0.05080114883865802,0.04924484289222131,0.05155630594643672,0.052436469821219425,0.27005093705331534,0.2749892033746307,0.26792383211422977,0.2728942269268757
1.0,64,17,selected,1.0306485227424305,-0.02973712382653837,10,0.000640869140625,0.006103515625,0.049755875913857765,0.04977796455694745,0.049977911356910314,0.052008572331379205,0.24581051846702678,0.25157495693259624,0.05107095586862385,0.053217850746623475
1.0,64,17,level,1.0306485227424305,-0.02973712382653837,1,0.00286865234375,0.007904052734375,0.0498514640309876,0.05006305048046375,0.04978841355052385,0.05220536991912552,0.2515688400501462,0.25759663004006556,0.05956549188363132,0.06210453703639408
1.0,64,17,fixed,1.0306485227424305,-0.02973712382653837,0.0,0.006805419921875,0.010223388671875,0.0484388555504782,0.04937798818077365,0.04906086736970456,0.05209625419298457,0.252139566654735,0.26170715924773047,0.06818114521652643,0.07270287425760391
1.0,64,18,full,0.9784130941985457,0.022063181624870642,0.0,0.01947021484375,0.02130126953125,0.0494504674455113,0.04924484289222131,0.05020562455329,0.052101371892783285,0.27538038196723785,0.28398936996719165,0.3126915956500598,0.32201144667480797
1.0,64,18,selected,0.9784130941985457,0.022063181624870642,10,0.00054931640625,0.005828857421875,0.04980341185137252,0.04977796455694745,0.050025447294425075,0.052007694798288734,0.24597665158520338,0.2516127237991392,0.05121284838754915,0.05331520521779542
1.0,64,18,level,0.9784130941985457,0.022063181624870642,1,0.0025634765625,0.006134033203125,0.05029914117190801,0.05006305048046375,0.05023609069144426,0.05218915463110449,0.2531370097923896,0.2579666003166201,0.06116973297330299,0.06326328827622174
1.0,64,18,fixed,0.9784130941985457,0.022063181624870642,0.0,0.0052490234375,0.00921630859375,0.05018148962100932,0.04940696892575264,0.05077452069525669,0.05208727092647142,0.2564118739383761,0.2613313253920845,0.07027567062047693,0.07262050381387944
1.0,64,19,full,1.0331989392732772,-0.03213218482069713,0.0,0.02117919921875,0.02093505859375,0.05101552898120523,0.04924484289222131,0.05177068608898393,0.05246484936798087,0.2703199498944582,0.27466453850075206,0.26634918172169564,0.27070040137880225
1.0,64,19,selected,1.0331989392732772,-0.03213218482069713,10,0.00067138671875,0.006103515625,0.04975441117795164,0.04977796455694745,0.04997644662100419,0.05200838929607568,0.24580652304744458,0.25157282555677624,0.05106586095501912,0.0532135151424493
1.0,64,19,level,1.0331989392732772,-0.03213218482069713,1,0.002960205078125,0.007965087890625,0.049840148672093215,0.05006305048046375,0.04977709819162947,0.05220560867245874,0.2515208713933566,0.25757902094543117,0.05950234607895116,0.06205165079723038
1.0,64,19,fixed,1.0331989392732772,-0.03213218482069713,0.0,0.007232666015625,0.01055908203125,0.048367662284386936,0.049378150862451814,0.048989511421935125,0.052098498334990605,0.25195911943928606,0.2617301485025574,0.06809169433220251,0.0727029560190251
1.0,64,20,full,0.9134261632859683,0.09477923908221575,0.0,0.10430908203125,0.1036376953125,0.06108527142832879,0.04924484289222131,0.061840428536107495,0.05224490720534722,0.3256977176209954,0.2987458336316135,0.4124008829161371,0.3834201415546391
1.0,64,20,selected,0.9134261632859683,0.09477923908221575,10,0.001617431640625,0.005615234375,0.049939364879130935,0.04977796455694745,0.05016140032218349,0.052003182189403335,0.24637349654390506,0.2516666926725643,0.05148819343777175,0.053461030700492324
1.0,64,20,level,0.9134261632859683,0.09477923908221575,1,0.01116943359375,0.014190673828125,0.05159683104633259,0.05006305048046375,0.05153378056586885,0.05216808822390914,0.25706610218346476,0.25849065526286463,0.06440457288959923,0.06505686363866456
1.0,64,20,fixed,0.9134261632859683,0.09477923908221575,0.0,0.020050048828125,0.02313232421875,0.053117681576372644,0.0494543629848523,0.05366331859152035,0.05208206138817625,0.2635523030717556,0.26077776948672393,0.07380284197636272,0.07249028753136433
1.0,64,21,full,0.9840608583306565,0.01619731293487514,0.0,0.014251708984375,0.016357421875,0.049263945774613585,0.04924484289222131,0.05001910288239228,0.05209007204783524,0.2736253258606314,0.28278182541716745,0.3065082801664971,0.31636572288393844
1.0,64,21,selected,0.9840608583306565,0.01619731293487514,10,0.000457763671875,0.005828857421875,0.049795237932180186,0.04977796455694745,0.05001727337523274,0.05200808228452268,0.24595396728466423,0.2516088592012886,0.05119528352935643,0.053303583132983445
1.0,64,21,level,0.9840608583306565,0.01619731293487514,1,0.00201416015625,0.005645751953125,0.05022905460948365,0.05006305048046375,0.050166004129019906,0.052191271085521046,0.2529077536371117,0.25792379767403695,0.06096157821036593,0.06312708876161094
1.0,64,21,fixed,0.9840608583306565,0.01619731293487514,0.0,0.004180908203125,0.0081787109375,0.04997078219672595,0.04940435289294094,0.05056642930378501,0.052087289270341106,0.25588608745066516,0.2613699211176855,0.07001712828339461,0.07263130893660164
1.0,64,22,full,0.9514444442131516,0.051033516546522106,0.0,0.048248291015625,0.04913330078125,0.05182453216815479,0.04924484289222131,0.05257968927593348,0.05228246756362972,0.2888184835580977,0.2903105162441185,0.3476452996527619,0.349323857935408
1.0,64,22,selected,0.9514444442131516,0.051033516546522106,10,0.0009765625,0.00555419921875,0.04984699884288039,0.04977796455694745,0.05006903428593295,0.05200618907081159,0.24611290184203338,0.2516354882719831,0.05131265861759815,0.05337373966589892
1.0,64,22,level,0.9514444442131516,0.051033516546522106,1,0.00567626953125,0.008697509765625,0.05072607710278283,0.05006305048046375,0.050663026622319085,0.052184316390061394,0.2544547184310523,0.2581745897999322,0.062319612205551746,0.06395309427652227
1.0,64,22,fixed,0.9514444442131516,0.051033516546522106,0.0,0.011016845703125,0.014495849609375,0.0512969616385289,0.04942601897782942,0.051870942660699484,0.05208147278517894,0.2591228962766376,0.2611083035954134,0.07161104111156366,0.07257226980214784
1.0,64,23,full,1.0190103771431285,-0.018655724779197524,0.0,0.0137939453125,0.015472412109375,0.049992385922130914,0.04924484289222131,0.05074754302990961,0.052321452602583196,0.26935486974382905,0.2765842519861052,0.27573772651008965,0.28315600762838167
1.0,64,23,selected,1.0190103771431285,-0.018655724779197524,10,0.00048828125,0.00604248046875,0.04976257733416082,0.04977796455694745,0.04998461277721338,0.05200771588883045,0.2458375607079747,0.2515825191426225,0.051098031168034866,0.05323792281191206
1.0,64,23,level,1.0190103771431285,-0.018655724779197524,1,0.0020751953125,0.007537841796875,0.04991604336136225,0.05006305048046375,0.049852992880898506,0.052204446218974215,0.2518220065313351,0.257674805909776,0.05986572736871864,0.06233958236902081
1.0,64,23,fixed,1.0190103771431285,-0.018655724779197524,0.0,0.004486083984375,0.008392333984375,0.048781404245115234,0.049389153146539994,0.04939225109857524,0.052092083586425225,0.252988134293459,0.2616239122760406,0.06859416015616168,0.07268793878271136
1.0,64,24,full,1.0280641281798155,-0.027298032691309815,0.0,0.018798828125,0.0189208984375,0.05060230355883029,0.04924484289222131,0.051357460666608984,0.052403057573244344,0.2698099104748878,0.27532559604064494,0.2695685159463609,0.27514117366616364
1.0,64,24,selected,1.0280641281798155,-0.027298032691309815,10,0.0006103515625,0.006072998046875,0.04975709759639293,0.04977796455694745,0.04997913303944548,0.05200796069109716,0.24581590521397895,0.2515764799604037,0.051075999567252256,0.05322212147540692
1.0,64,24,level,1.0280641281798155,-0.027298032691309815,1,0.002716064453125,0.0078125,0.04986328266902594,0.05006305048046375,0.04980023218856219,0.052207677191619076,0.2516218325684264,0.25761262117896333,0.05962970642486887,0.062155994467326274
1.0,64,24,fixed,1.0280641281798155,-0.027298032691309815,0.0,0.00634765625,0.00982666015625,0.04851299133634292,0.04938009920199886,0.04913289213434406,0.052095247193207975,0.2523235920458311,0.2616865892927557,0.0682702973954303,0.07270074265279826
1.0,64,25,full,1.0088628278743652,-0.008784968213209732,0.0,0.007080078125,0.01068115234375,0.04949599008778363,0.04924484289222131,0.050251147195562326,0.052219034524601755,0.26953580639739927,0.2781574514208467,0.28346814065253473,0.2924555584603164
1.0,64,25,selected,1.0088628278743652,-0.008784968213209732,10,0.000335693359375,0.0059814453125,0.04977048628067494,0.04977796455694745,0.0499925217237275,0.05200786505841501,0.24586704099323517,0.2515910901574283,0.05112421817172606,0.05325625063831815
1.0,64,25,level,1.0088628278743652,-0.008784968213209732,1,0.001220703125,0.006927490234375,0.049988839737745705,0.05006305048046375,0.04992578925728196,0.05219886147165313,0.2520814756321379,0.25774923529095134,0.06014812039189879,0.06255703760641945
1.0,64,25,fixed,1.0088628278743652,-0.008784968213209732,0.0,0.00244140625,0.006866455078125,0.049103629945387826,0.04939555745416861,0.04970807249121921,0.052090394092711045,0.2537717182341461,0.26155509691360124,0.06897918807876198,0.07267166500761973
1.0,64,26,full,1.032736681055472,-0.03169896223886859,0.0,0.021087646484375,0.020751953125,0.05097319157825614,0.04924484289222131,0.051728348686034833,0.052460402252823654,0.2702671557592341,0.2747240844246112,0.2666320585050921,0.2710976133742732
1.0,64,26,selected,1.032736681055472,-0.03169896223886859,10,0.00067138671875,0.006103515625,0.04975456474272792,0.04977796455694745,0.04997660018578048,0.05200838480228416,0.2458073480937011,0.25157313284606647,0.05106657208599201,0.05321439208344004
1.0,64,26,level,1.032736681055472,-0.03169896223886859,1,0.0029296875,0.007965087890625,0.04984196103509199,0.05006305048046375,0.04977891055462824,0.052205734350304844,0.25152960490777665,0.2575821682912478,0.05951332996172558,0.062061851229258294
1.0,64,26,fixed,1.032736681055472,-0.03169896223886859,0.0,0.00714111328125,0.010528564453125,0.04838052690449693,0.0493777245756495,0.049002802328847433,0.05209804059075063,0.25199145406045065,0.2617266350683835,0.06810797267679766,0.07270353061524254
1.0,64,27,full,1.0216657864888834,-0.02120633457183818,0.0,0.0152587890625,0.0166015625,0.05015441228276259,0.04924484289222131,0.05090956939054128,0.05234480168130198,0.2694292018671728,0.27621461141670545,0.2738635268548257,0.2807804379308607
1.0,64,27,selected,1.0216657864888834,-0.02120633457183818,10,0.000518798828125,0.006072998046875,0.04976078730015865,0.04977796455694745,0.049982822743211204,0.05200766017499255,0.24583107736273963,0.25158019088072014,0.05109047384136214,0.05323268843822991
1.0,64,27,level,1.0216657864888834,-0.02120633457183818,1,0.002227783203125,0.007568359375,0.04990019772203628,0.05006305048046375,0.04983714724157254,0.05220624236525562,0.2517603959158759,0.25765527028100654,0.05979443607295733,0.06228672099973588
1.0,64,27,fixed,1.0216657864888834,-0.02120633457183818,0.0,0.00506591796875,0.008941650390625,0.04870171044716541,0.0493866473237429,0.049315063123422515,0.05209298498093498,0.2527916230606655,0.26164215557943404,0.0684950747870268,0.07269022342534359
1.0,64,28,full,0.9794670499709882,0.020963390273945448,0.0,0.018463134765625,0.020477294921875,0.04940814506628573,0.04924484289222131,0.05016330217406442,0.0521006095554106,0.2750211539871823,0.2837552735991844,0.3115112648894732,0.3209498616493432
1.0,64,28,selected,0.9794670499709882,0.020963390273945448,10,0.00054931640625,0.005828857421875,0.04980222196041507,0.04977796455694745,0.05002425740346763,0.052007816191553174,0.2459721166280171,0.25161216336117653,0.05120938375836781,0.05331296659297451
1.0,64,28,level,0.9794670499709882,0.020963390273945448,1,0.002471923828125,0.0059814453125,0.05028543969072065,0.05006305048046375,0.0502223892102569,0.052189810821799555,0.25309318672481573,0.2579569345391707,0.06112909807582257,0.06323770194530694
1.0,64,28,fixed,0.9794670499709882,0.020963390273945448,0.0,0.005035400390625,0.00897216796875,0.05014306842491116,0.04940637276588418,0.050736695659026984,0.0520876988532747,0.25631332969431675,0.2613398658056806,0.07022935595218324,0.07262247037887792
1.0,64,29,full,0.9594601388543966,0.04225278310572467,0.0,0.03887939453125,0.04022216796875,0.05082706562275187,0.04924484289222131,0.051582222730530564,0.05221016496527374,0.28387531015412015,0.28837095634877224,0.3363182133309892,0.3413042466416699
1.0,64,29,selected,0.9594601388543966,0.04225278310572467,10,0.000885009765625,0.005645751953125,0.04983310207980459,0.04977796455694745,0.05005513752285714,0.052007010391403104,0.24606992949766723,0.2516272713336952,0.05128179983114745,0.053355656412620314
1.0,64,29,level,0.9594601388543966,0.04225278310572467,1,0.004608154296875,0.0078125,0.05058079968396423,0.05006305048046375,0.05051774920350048,0.05218776451895506,0.25402517623019816,0.2581156070031683,0.061956912916046415,0.06374202566499004
1.0,64,29,fixed,0.9594601388543966,0.04225278310572467,0.0,0.009307861328125,0.012969970703125,0.050951735801539735,0.04941891002849221,0.051532825773047526,0.052084255558262765,0.25828553450508257,0.26117601918395783,0.07119699617197522,0.07258829258303473
1.0,64,30,full,0.9733758661250662,0.027352366954527474,0.0,0.024444580078125,0.026092529296875,0.04969486611173213,0.04924484289222131,0.05045002321951082,0.05211802576066054,0.27723808624933155,0.2851125899583385,0.31852689559587954,0.3271032452702091
1.0,64,30,selected,0.9733758661250662,0.027352366954527474,10,0.000640869140625,0.005767822265625,0.04981040814723489,0.04977796455694745,0.05003244359028745,0.05200732291132426,0.2459980866728049,0.2516174887570164,0.05123076292724824,0.0533257868655895
1.0,64,30,level,0.9733758661250662,0.027352366954527474,1,0.003204345703125,0.006500244140625,0.05036748709247119,0.05006305048046375,0.05030443661200745,0.05218922920059857,0.25335257560321933,0.2580028048473386,0.06136471669655359,0.06338862615119636
1.0,64,30,fixed,0.9733758661250662,0.027352366954527474,0.0,0.00634765625,0.01025390625,0.05037738307370963,0.0494118904273497,0.05096549264635994,0.052085808605249424,0.2568999834539731,0.2612908911179111,0.07051191009013758,0.07261352832655973
1.0,64,31,full,0.9972016407654046,0.002806212023926724,0.0,0.00286865234375,0.007232666015625,0.049197751399106524,0.04924484289222131,0.04995290850688522,0.05213468906086133,0.2707631128065858,0.2801991146127565,0.29355513596187743,0.30352751480831247
1.0,64,31,selected,0.9972016407654046,0.002806212023926724,10,0.00018310546875,0.00592041015625,0.049780996699694026,0.04977796455694745,0.05000303214274659,0.052007463328777204,0.24590456295884222,0.25159952796290064,0.05115587160654296,0.05327804668799746
1.0,64,31,level,0.9972016407654046,0.002806212023926724,1,0.000579833984375,0.00628662109375,0.05008967017975229,0.05006305048046375,0.05002661969928854,0.05219389605689403,0.25243521707937955,0.25783228294491445,0.06051260515243341,0.06281819358375654
1.0,64,31,fixed,0.9972016407654046,0.002806212023926724,0.0,0.00103759765625,0.005523681640625,0.04949547537621761,0.04940122422843411,0.0500942511477835,0.05208880460099277,0.2547316373094589,0.2614710129211628,0.0694491682161789,0.0726495127575346
1.0,64,32,full,0.9920838051442755,0.007979361032481869,0.0,0.007293701171875,0.010528564453125,0.049168980731422424,0.04924484289222131,0.04992413783920112,0.05211686317207676,0.2716890811605628,0.2811687404551237,0.2983806443842264,0.3084727167154591
1.0,64,32,selected,0.9920838051442755,0.007979361032481869,10,0.00030517578125,0.005889892578125,0.04978636958257989,0.04977796455694745,0.05000840502563244,0.052007686065546094,0.2459218817221308,0.251602840513868,0.051170367776602374,0.053288481591811626
1.0,64,32,level,0.9920838051442755,0.007979361032481869,1,0.001251220703125,0.006011962890625,0.05014005945552954,0.05006305048046375,0.050077008975065784,0.052193977681055895,0.25260981270773664,0.2578657518394446,0.06068166581873858,0.06293771607865195
1.0,64,32,fixed,0.9920838051442755,0.007979361032481869,0.0,0.00238037109375,0.006683349609375,0.049674283483441634,0.04940144449103028,0.050272838992411355,0.05208747273787453,0.25516969005314544,0.26143441105151266,0.06966852290174994,0.07264322879784829
1.0,64,33,full,1.0005256376824923,-0.0005253615326737959,0.0,0.0008544921875,0.0069580078125,0.0492567228998173,0.04924484289222131,0.05001188000759599,0.05215533205322769,0.2702883583764338,0.27958636464230935,0.2905612063374258,0.300328356380766
1.0,64,33,selected,1.0005256376824923,-0.0005253615326737959,10,0.0001220703125,0.00592041015625,0.04977750635162344,0.04977796455694745,0.04999954179467599,0.05200727617911982,0.24589338820246825,0.25159746750452183,0.0511467900299557,0.05327169977181069
1.0,64,33,level,1.0005256376824923,-0.0005253615326737959,1,0.000244140625,0.006500244140625,0.050058259361592666,0.05006305048046375,0.04999520888112892,0.05219527337976166,0.2523259046103218,0.25781027625424574,0.060405846173236924,0.06274453893109057
1.0,64,33,fixed,1.0005256376824923,-0.0005253615326737959,0.0,0.0003662109375,0.005706787109375,0.04938272024992614,0.049400951185667015,0.04998176906425913,0.05209028502264694,0.2544560808671109,0.2614946118244955,0.06931419077817973,0.07265578954738072
1.0,64,34,full,1.0031744699485403,-0.0031644245778136293,0.0,0.0030517578125,0.008392333984375,0.04931237743677032,0.04924484289222131,0.050067534544549014,0.05217981466619649,0.2699869862261748,0.27911582360257847,0.28823007285743535,0.2978074096958052
1.0,64,34,selected,1.0031744699485403,-0.0031644245778136293,10,0.000213623046875,0.00592041015625,0.04977504974018364,0.04977796455694745,0.049997085183236194,0.05200745295839694,0.2458853964572373,0.25159598379463244,0.051139070025598726,0.053266477837851295
1.0,64,34,level,1.0031744699485403,-0.0031644245778136293,1,0.00067138671875,0.006622314453125,0.050033862665665625,0.05006305048046375,0.049970812185201885,0.05219687456000437,0.25224654631197996,0.257793107194092,0.06032363508689986,0.0626841978570281
1.0,64,34,fixed,1.0031744699485403,-0.0031644245778136293,0.0,0.001068115234375,0.00592041015625,0.04929184366417656,0.049399202573833685,0.04989264109034288,0.05209118290941397,0.2542330793896881,0.261516146182349,0.0692066761358045,0.07266160850449353
1.0,64,35,full,1.0305869705579136,-0.029679174520666818,0.0,0.01995849609375,0.01983642578125,0.05079711316308959,0.04924484289222131,0.05155227027086828,0.05243553272595277,0.27004404534151616,0.27499647029074586,0.26796347663259945,0.2729480327966248
1.0,64,35,selected,1.0305869705579136,-0.029679174520666818,10,0.000640869140625,0.006103515625,0.04975593848920165,0.04977796455694745,0.049977973932254206,0.052008477719332855,0.24581059013259815,0.25157492833609507,0.051071183622550566,0.05321793828369567
1.0,64,35,level,1.0305869705579136,-0.029679174520666818,1,0.00286865234375,0.007904052734375,0.049851974621872276,0.05006305048046375,0.049788924141408536,0.05220540792839157,0.2515703138237603,0.2575971148552363,0.05956686627069918,0.062106071372024896
1.0,64,35,fixed,1.0305869705579136,-0.029679174520666818,0.0,0.00677490234375,0.010223388671875,0.04844101338351451,0.049378179063880326,0.049062834319634194,0.052096176846991214,0.25214391949316595,0.2617068332301874,0.06818297416394278,0.07270361047991616
1.0,64,36,full,1.044867850951756,-0.042941172810405104,0.0,0.026092529296875,0.024627685546875,0.05211311992742912,0.04924484289222131,0.052868277035207814,0.052577506909821645,0.2720721302868776,0.27328230630651024,0.25970880543414687,0.26084974918443715
1.0,64,36,selected,1.044867850951756,-0.042941172810405104,10,0.000732421875,0.00616455078125,0.04974974744352931,0.04977796455694745,0.04997178288658186,0.052008848062010685,0.24578554412005488,0.2515654857520693,0.05104090285173138,0.05319156744517432
1.0,64,36,level,1.044867850951756,-0.042941172810405104,1,0.003631591796875,0.008392333984375,0.049799354386715934,0.05006305048046375,0.049736303906252194,0.05220756271089129,0.25133225366344947,0.2575025138168643,0.05923977534309005,0.061824287136987496
1.0,64,36,fixed,1.044867850951756,-0.042941172810405104,0.0,0.009246826171875,0.01214599609375,0.048051301449570434,0.04937359972648616,0.048677701723084284,0.05210137746382224,0.25118855907691495,0.26180501605407813,0.06772218146885572,0.07272101840266684
1.0,64,37,full,0.9924665699584311,0.007590613396564638,0.0,0.00689697265625,0.010223388671875,0.04916816804367949,0.04924484289222131,0.049923325151458184,0.0521168491117428,0.27160900990572245,0.28109757725714357,0.2980060668813467,0.3081036048044833
1.0,64,37,selected,0.9924665699584311,0.007590613396564638,10,0.00030517578125,0.005889892578125,0.049785988179829654,0.04977796455694745,0.05000802362288221,0.05200759922857966,0.24592058664031863,0.25160262098212494,0.0511690701464592,0.05328761626798395
1.0,64,37,level,0.9924665699584311,0.007590613396564638,1,0.001190185546875,0.00604248046875,0.05013585529540216,0.05006305048046375,0.05007280481493842,0.05219360135684204,0.2525969754401226,0.25786376888754625,0.06066841356307681,0.06292827356384692
1.0,64,37,fixed,0.9924665699584311,0.007590613396564638,0.0,0.0023193359375,0.006622314453125,0.049659735527939855,0.04940141449903703,0.050258321028902826,0.05208741263545911,0.2551367139722124,0.2614372943173623,0.06965121703135431,0.07264337919662868
1.0,64,38,full,0.9866368868547422,0.013544104546767466,0.0,0.01190185546875,0.014312744140625,0.049211762252023734,0.04924484289222131,0.049966919359802436,0.052097113566271044,0.27293895373892485,0.2822459894375788,0.303821376368657,0.31382418429615766
1.0,64,38,selected,0.9866368868547422,0.013544104546767466,10,0.00042724609375,0.005859375,0.049792028268163646,0.04977796455694745,0.0500140637112162,0.05200829131163533,0.24594402430339013,0.2516074441516008,0.05118750877986409,0.05329938311966366
1.0,64,38,level,0.9866368868547422,0.013544104546767466,1,0.001708984375,0.005706787109375,0.050198885015122985,0.05006305048046375,0.05013583453465924,0.05219231933563619,0.2528057540316938,0.2579043109193599,0.06087028556859514,0.06306664693174197
1.0,64,38,fixed,0.9866368868547422,0.013544104546767466,0.0,0.00347900390625,0.00762939453125,0.04987571126712684,0.049402336234480496,0.050473375032646345,0.05208822749380139,0.2556530027562617,0.2613941774437222,0.06990487272082772,0.07263442192688188
1.0,64,39,full,0.9871908453735964,0.012975357993272318,0.0,0.011444091796875,0.013885498046875,0.049201213097997826,0.04924484289222131,0.04995637020577652,0.05209687560741685,0.27279563448479094,0.2821359322616236,0.30324856016184215,0.3132779507042384
1.0,64,39,selected,0.9871908453735964,0.012975357993272318,10,0.000396728515625,0.005859375,0.049791348086151446,0.04977796455694745,0.050013383529204,0.05200827331118755,0.24594156013759888,0.2516069715277263,0.051185895277356105,0.05329825076526132
1.0,64,39,level,0.9871908453735964,0.012975357993272318,1,0.001678466796875,0.005767822265625,0.050192050479240746,0.05006305048046375,0.050128999998777,0.052192482184186866,0.2527856799556547,0.2579000108990885,0.060850509577716455,0.06305429273566354
1.0,64,39,fixed,0.9871908453735964,0.012975357993272318,0.0,0.00341796875,0.00750732421875,0.04985521845395474,0.049401945616458984,0.05045327283749576,0.052087882474832974,0.25560414361267925,0.26139802737126827,0.06988166854380234,0.07263519519447398
1.0,64,40,full,1.0062289718620252,-0.006190411960111275,0.0,0.005401611328125,0.009857177734375,0.04940352490985529,0.04924484289222131,0.05015868201763399,0.05220067952565491,0.2697181700660416,0.27857963770069244,0.28563378909897164,0.29492733145528793
1.0,64,40,selected,1.0062289718620252,-0.006190411960111275,10,0.00030517578125,0.00592041015625,0.04977273400097859,0.04977796455694745,0.04999476944403115,0.05200798792049226,0.24587568599893894,0.25159350310383566,0.05113118903041682,0.05326118421481936
1.0,64,40,level,1.0062289718620252,-0.006190411960111275,1,0.001007080078125,0.00677490234375,0.050008900904197136,0.05006305048046375,0.049945850423733396,0.05219882506941857,0.2521565354308464,0.2577689630687954,0.06022795015144534,0.06261616108469273
1.0,64,40,fixed,1.0062289718620252,-0.006190411960111275,0.0,0.0018310546875,0.00640869140625,0.049190069718503274,0.049396535249213246,0.04979353446929003,0.05208925930762033,0.25398144887054735,0.26153479867460516,0.06908089682409405,0.07266596547189243
1.0,64,41,full,0.9720854598907691,0.02871613789220495,0.0,0.02569580078125,0.027435302734375,0.04977183647981955,0.04924484289222131,0.05052699358759824,0.05212206504109093,0.2777551586228409,0.285407256232734,0.32007561383355243,0.32842343050514555
1.0,64,41,selected,0.9720854598907691,0.02871613789220495,10,0.000640869140625,0.005767822265625,0.0498120687512858,0.04977796455694745,0.050034104194338354,0.05200724862680545,0.2460033663450689,0.25161816747613386,0.051234779279707106,0.05332888577523168
1.0,64,41,level,0.9720854598907691,0.02871613789220495,1,0.0032958984375,0.006622314453125,0.050385713098177194,0.05006305048046375,0.050322662617713454,0.0521888207449317,0.2534110948472609,0.25801175068612536,0.06141764505127199,0.0634210319564473
1.0,64,41,fixed,0.9720854598907691,0.02871613789220495,0.0,0.006683349609375,0.01043701171875,0.05042882150524258,0.04941245951384783,0.051016361991394754,0.052086040575215896,0.257022832934806,0.2612808002969589,0.07057279806917062,0.07261057096729201
1.0,64,42,full,0.9688161650318637,0.032187566737297946,0.0,0.02911376953125,0.030517578125,0.04999295643850525,0.04924484289222131,0.050748113546283946,0.05213422863300955,0.2791554789499598,0.28614263496964987,0.3240891114507616,0.33174891210409285
1.0,64,42,selected,0.9688161650318637,0.032187566737297946,10,0.000732421875,0.0057373046875,0.049817178765417275,0.04977796455694745,0.05003921420846983,0.0520068893868257,0.2460200657674183,0.25162044613565243,0.05124583490430533,0.053335985788496604
1.0,64,42,level,0.9688161650318637,0.032187566737297946,1,0.003631591796875,0.0069580078125,0.050433168291989086,0.05006305048046375,0.05037011781152534,0.052188590186669576,0.2535612610689367,0.2580387754351895,0.06155200967932451,0.06350196623422193
1.0,64,42,fixed,0.9688161650318637,0.032187566737297946,0.0,0.007354736328125,0.011077880859375,0.05056252539088217,0.04941260982322333,0.05114991556765884,0.05208643626217857,0.25733833375426374,0.2612538916430598,0.07073233303388826,0.07260556381688714
1.0,64,43,full,1.015290753632052,-0.015060467730402816,0.0,0.0115966796875,0.013885498046875,0.049787783998304365,0.04924484289222131,0.05054294110608307,0.05227922868059353,0.26933427785081065,0.27714171891088074,0.2784642388537782,0.2865336321954997
1.0,64,43,selected,1.015290753632052,-0.015060467730402816,10,0.00042724609375,0.00604248046875,0.04976521416939381,0.04977796455694745,0.04998724961244636,0.0520077632812036,0.24584826941474613,0.2515855074249257,0.05110730430195985,0.05324521495929156
1.0,64,43,level,1.015290753632052,-0.015060467730402816,1,0.00177001953125,0.007293701171875,0.049941003946248605,0.05006305048046375,0.04987795346578486,0.05220197727292318,0.251914322503118,0.2576998499365189,0.059965127533479004,0.06242126918036014
1.0,64,43,fixed,1.015290753632052,-0.015060467730402816,0.0,0.003662109375,0.00775146484375,0.04889603108058428,0.04939203961322094,0.04950399146736335,0.05209202629891993,0.25326904024074015,0.26159683375420517,0.06872895327228881,0.07268451463988859
1.0,64,44,full,1.0141023542700844,-0.013906243497713633,0.0,0.01080322265625,0.013092041015625,0.04973283054963317,0.04924484289222131,0.05048798765741186,0.0522684543272278,0.26935046513443983,0.2773308968903916,0.27936662890545944,0.28761424238158373
1.0,64,44,selected,1.0141023542700844,-0.013906243497713633,10,0.000396728515625,0.00604248046875,0.04976617709538482,0.04977796455694745,0.049988212538437375,0.052007702519461095,0.24585204046646703,0.2515866470280693,0.0511105912620263,0.05324710274001564
1.0,64,44,level,1.0141023542700844,-0.013906243497713633,1,0.001678466796875,0.0072021484375,0.04994930543865973,0.05006305048046375,0.049886254958195986,0.05220119252639422,0.25194451958186226,0.2577079272576455,0.05999642845094052,0.062447371807084893
1.0,64,44,fixed,1.0141023542700844,-0.013906243497713633,0.0,0.003448486328125,0.007537841796875,0.048933077041349915,0.04939359474378449,0.049539482297565426,0.05209218654173283,0.25335950189663536,0.26158946858998533,0.06877451558486532,0.07268271149207378
1.0,64,45,full,0.9875666477880292,0.012589886707716769,0.0,0.011077880859375,0.013580322265625,0.049197545361959305,0.04924484289222131,0.049952702469738,0.0520997240622886,0.27270332146100723,0.28205921297464537,0.30286593040783677,0.31290616945020583
1.0,64,45,selected,0.9875666477880292,0.012589886707716769,10,0.000396728515625,0.005859375,0.049790972909652745,0.04977796455694745,0.0500130083527053,0.052008350906003115,0.24594012099577672,0.2516063567483448,0.0511845806200603,0.05329706651043523
1.0,64,45,level,0.9875666477880292,0.012589886707716769,1,0.001617431640625,0.00579833984375,0.050188042229896465,0.05006305048046375,0.05012499174943272,0.05219245733153806,0.25277073433486164,0.2578966646540082,0.06083751946048095,0.06304502292549335
1.0,64,45,fixed,0.9875666477880292,0.012589886707716769,0.0,0.0032958984375,0.007415771484375,0.04984124939280066,0.049401515519669745,0.050439733873130915,0.052087526236497116,0.25557094807845826,0.2614006753913235,0.06986424481214021,0.07263656781850794
1.0,64,46,full,0.9652788483534971,0.03597007404205299,0.0,0.032470703125,0.03387451171875,0.050274393253803076,0.04924484289222131,0.05102955036158177,0.0521660494978856,0.28080865664546356,0.2869698358861977,0.32859367004726486,0.3353683292343532
1.0,64,46,selected,0.9652788483534971,0.03597007404205299,10,0.000762939453125,0.005706787109375,0.04982240540003076,0.04977796455694745,0.050044440843083314,0.05200732965893468,0.24603741368379342,0.25162268719181424,0.051258991136960266,0.053343402408624334
1.0,64,46,level,0.9652788483534971,0.03597007404205299,1,0.003997802734375,0.00726318359375,0.050487421416586784,0.05006305048046375,0.050424370936123036,0.05218828321382538,0.2537294303091766,0.2580656574410583,0.06170085543092206,0.06359060954317027
1.0,64,46,fixed,0.9652788483534971,0.03597007404205299,0.0,0.008087158203125,0.01171875,0.05070687879498562,0.049416133438029065,0.05129074535695657,0.05208656790574863,0.2576895655022181,0.2612257120857255,0.07090497597652244,0.07259854816194768
1.0,64,47,full,0.9742336835911114,0.026447778231103225,0.0,0.02349853515625,0.025115966796875,0.04964834244229288,0.04924484289222131,0.050403499550071576,0.052115198634503306,0.27689774566308484,0.2849138698044385,0.3175043544298536,0.32623088922913285
1.0,64,47,selected,0.9742336835911114,0.026447778231103225,10,0.000640869140625,0.005767822265625,0.04980929813761016,0.04977796455694745,0.05003133358066272,0.05200752614714601,0.24599420343852166,0.25161646899853907,0.05122710245388215,0.05332368945925696
1.0,64,47,level,0.9742336835911114,0.026447778231103225,1,0.003143310546875,0.0064697265625,0.050356231570581715,0.05006305048046375,0.05029318109011796,0.05218910056964465,0.25331568373292207,0.2579981639774105,0.0613304773272026,0.06336547467733764
1.0,64,47,fixed,0.9742336835911114,0.026447778231103225,0.0,0.006103515625,0.010040283203125,0.05034361838039348,0.04941185546037569,0.050931762920017803,0.05208614036287282,0.25681772596684505,0.2612987445078855,0.07046911915125134,0.07261400309830832
1.0,64,48,full,1.0627212893524713,-0.05901950961261737,0.0,0.031646728515625,0.02886962890625,0.054244255117158094,0.04924484289222131,0.05499941222493679,0.05272500603256478,0.2761788655365901,0.27135077407601793,0.25122538294848645,0.2464143769160811
1.0,64,48,selected,1.0627212893524713,-0.05901950961261737,10,0.0008544921875,0.0062255859375,0.04974594081684584,0.04977796455694745,0.0499679762598984,0.05200810548361631,0.2457630590345041,0.25155466378034885,0.05100870704568989,0.053162839397968384
1.0,64,48,level,1.0627212893524713,-0.05901950961261737,1,0.004608154296875,0.008819580078125,0.049770447666974076,0.05006305048046375,0.04970739718651032,0.05221331107005004,0.2511337924691964,0.25738302293084664,0.058889576099910156,0.061491755814141326
1.0,64,48,fixed,1.0627212893524713,-0.05901950961261737,0.0,0.01214599609375,0.014312744140625,0.04762042340987158,0.049366307578850195,0.0482541158310214,0.0521030679562822,0.2501251086293462,0.2619202583498643,0.06720938940335862,0.0727491169863075
1.0,64,49,full,1.0004091435090154,-0.0004089761790664337,0.0,0.000701904296875,0.006927490234375,0.04925497764181017,0.04924484289222131,0.050010134749588875,0.05215436163212213,0.270304339769302,0.27960945018110817,0.2906637152395378,0.3004396677068376
1.0,64,49,selected,1.0004091435090154,-0.0004089761790664337,10,0.0001220703125,0.00592041015625,0.04977762821015955,0.04977796455694745,0.0499996636532121,0.05200732892015124,0.24589376632795037,0.25159755190193156,0.05114698119160731,0.05327203012018628
1.0,64,49,level,1.0004091435090154,-0.0004089761790664337,1,0.000244140625,0.006500244140625,0.05005920743272575,0.05006305048046375,0.049996156952262005,0.05219570938214259,0.25232966319845807,0.2578108997063285,0.060409986467663976,0.06274692020760839
1.0,64,49,fixed,1.0004091435090154,-0.0004089761790664337,0.0,0.000335693359375,0.005706787109375,0.049387160481309714,0.04940105059594476,0.049986109885364956,0.05209031780824137,0.2544665745712133,0.2614937263845175,0.06931910720938453,0.07265558754021056
1.0,64,50,full,1.0202226391327665,-0.019821790222138702,0.0,0.0146484375,0.015838623046875,0.05006421993436576,0.04924484289222131,0.050819377042144454,0.05233357936845995,0.2693861879013597,0.2764146405888021,0.27487474838257786,0.2820657365035956
1.0,64,50,selected,1.0202226391327665,-0.019821790222138702,10,0.00048828125,0.00604248046875,0.049761877874951455,0.04977796455694745,0.04998391331800401,0.0520075898119951,0.24583433310895425,0.2515815232495035,0.05109474791430139,0.053235310178483694
1.0,64,50,level,1.0202226391327665,-0.019821790222138702,1,0.002166748046875,0.007537841796875,0.04990923898747348,0.05006305048046375,0.049846188507009725,0.05220470837662673,0.251793350931661,0.25766535404140845,0.05983313163460008,0.062314479727072915
1.0,64,50,fixed,1.0202226391327665,-0.019821790222138702,0.0,0.00469970703125,0.008636474609375,0.04874236746210025,0.0493877754511559,0.049354592010944345,0.05209242910065004,0.2528989780433323,0.26163244161424676,0.06854783843620703,0.07268763660203191
1.0,64,51,full,0.9999946997382986,5.300289794396562e-06,0.0,0.000152587890625,0.006622314453125,0.04924481251899437,0.04924484289222131,0.049999969626773055,0.052153054092410236,0.2703586209964798,0.27968314745362566,0.2910340135734291,0.3008368947954312
1.0,64,51,selected,0.9999946997382986,5.300289794396562e-06,10,6.103515625e-05,0.00592041015625,0.049777964556947454,0.04977796455694745,0.05000000000000001,0.052007340076958834,0.2458950978700592,0.2515979621410931,0.05114810333827423,0.05327311717902988
1.0,64,51,level,0.9999946997382986,5.300289794396562e-06,1,0.0001220703125,0.0064697265625,0.05006307812410304,0.05006305048046375,0.05000002764363928,0.05219541528866653,0.25234299368280166,0.25781363090775344,0.060422823561835044,0.06275597237671764
1.0,64,51,fixed,0.9999946997382986,5.300289794396562e-06,0.0,9.1552734375e-05,0.005645751953125,0.04940218041873759,0.04940193659771906,0.05000024382101853,0.052089267841546785,0.2544998490655665,0.26149009291112896,0.06933464896749644,0.07265549001359206
1.0,64,52,full,0.9898904791082264,0.010212767073869644,0.0,0.00909423828125,0.01202392578125,0.04917683167119626,0.04924484289222131,0.04993198877897495,0.05210964984035956,0.27215686383643467,0.28159289936973003,0.3005260705890547,0.3106328874515798
1.0,64,52,selected,0.9898904791082264,0.010212767073869644,3,0.000701904296875,0.005889892578125,0.049903521904909265,0.049867418664621355,0.05003610324028791,0.052050886916411646,0.2477618737677817,0.25328335279325,0.05363482366500062,0.05574032785517619
1.0,64,52,level,0.9898904791082264,0.010212767073869644,0.3,0.003173828125,0.006927490234375,0.0507536512614382,0.050486324237994665,0.05026732702344354,0.05271186966132892,0.2667970112572767,0.27184267605864587,0.08902760431485895,0.09182815350468838
1.0,64,52,fixed,0.9898904791082264,0.010212767073869644,0.0,0.002899169921875,0.007049560546875,0.0497561217740653,0.04940132079455458,0.05035480097951072,0.05208758738794511,0.2553624710972166,0.26141956614767736,0.06976362450622778,0.07264008464663961
1.0,64,53,full,0.9599089338472976,0.04176548914074396,0.0,0.03826904296875,0.03955078125,0.050778812759487715,0.04924484289222131,0.05153396986726641,0.05220459229120377,0.2836193145723107,0.2882660263733348,0.33570943528852526,0.3408413996373454
1.0,64,53,selected,0.9599089338472976,0.04176548914074396,10,0.000885009765625,0.00567626953125,0.04983248211890281,0.04977796455694745,0.05005451756195536,0.05200687536034357,0.2460675765413433,0.2516272596704352,0.051280143750507025,0.05335482996631212
1.0,64,53,level,0.9599089338472976,0.04176548914074396,1,0.00457763671875,0.007781982421875,0.050572832291514366,0.05006305048046375,0.05050978181105062,0.05218796071994568,0.2540018749082124,0.2581111966570559,0.061937089592988534,0.06373152921675265
1.0,64,53,fixed,0.9599089338472976,0.04176548914074396,0.0,0.00921630859375,0.012908935546875,0.05093304844462134,0.04941922400522193,0.051513824439399405,0.05208504806543483,0.25823847141384937,0.26117938166060095,0.07117546744308367,0.07258930112218118
1.0,64,54,full,0.9649275984885859,0.03634718456218877,0.0,0.03289794921875,0.034088134765625,0.050303706659987305,0.04924484289222131,0.051058863767766,0.05216898427419809,0.2809802990634882,0.2870496163734543,0.32904342224578786,0.3357257342056845
1.0,64,54,selected,0.9649275984885859,0.03634718456218877,10,0.000762939453125,0.005706787109375,0.04982293864894659,0.04977796455694745,0.05004497409199914,0.0520072383001593,0.24603905124684752,0.2516232999481249,0.0512606074080765,0.05334413132882352
1.0,64,54,level,0.9649275984885859,0.03634718456218877,1,0.0040283203125,0.007354736328125,0.0504936737326542,0.05006305048046375,0.05043062325219044,0.052188190735695764,0.2537474402156478,0.2580689281910208,0.061715857197478546,0.0636002062895803
1.0,64,54,fixed,0.9649275984885859,0.03634718456218877,0.0,0.008209228515625,0.011810302734375,0.05072114658679247,0.04941652605140807,0.051304620535384406,0.052087105857728,0.2577262197787643,0.26122110579211905,0.07092328065171694,0.0725973517584263
1.0,64,55,full,0.9573279734197294,0.04457409348213148,0.0,0.04144287109375,0.04266357421875,0.05106539988610152,0.04924484289222131,0.05182055699388022,0.05222850870474242,0.285109681056141,0.28889040841621416,0.3392621252309425,0.3434589325220684
1.0,64,55,selected,0.9573279734197294,0.04457409348213148,10,0.00091552734375,0.005615234375,0.049836602499104654,0.04977796455694745,0.05005863794215721,0.05200693009941741,0.24608077995113098,0.2516299356537529,0.05129008836178269,0.053360580318748255
1.0,64,55,level,0.9573279734197294,0.04457409348213148,1,0.0048828125,0.008026123046875,0.05061692121154614,0.05006305048046375,0.05055387073108239,0.05218639822816631,0.25413468990599175,0.2581322182483916,0.062052559249710315,0.06379766336472754
1.0,64,55,fixed,0.9573279734197294,0.04457409348213148,0.0,0.00982666015625,0.013336181640625,0.05104354687269967,0.0494207838855367,0.05162276298716297,0.05208357036308002,0.258502922953249,0.26115867004129134,0.07130452821330098,0.07258384793275599
1.0,64,56,full,0.9749621853252491,0.025680805934435558,0.0,0.022735595703125,0.0244140625,0.0496076147942691,0.04924484289222131,0.0503627719020478,0.052112262676244414,0.27661643635427846,0.28475344765827826,0.31665768110462333,0.3254898947019357
1.0,64,56,selected,0.9749621853252491,0.025680805934435558,10,0.000640869140625,0.005767822265625,0.04980819877603494,0.04977796455694745,0.0500302342190875,0.052007575708136605,0.24599154966654924,0.2516158421006357,0.05122458880601507,0.053321863711706066
1.0,64,56,level,0.9749621853252491,0.025680805934435558,1,0.003082275390625,0.006439208984375,0.050346305670878194,0.05006305048046375,0.05028325519041445,0.052189219298555516,0.25328420319473566,0.2579926769343132,0.0613035834950548,0.06334893211762199
1.0,64,56,fixed,0.9749621853252491,0.025680805934435558,0.0,0.005950927734375,0.0098876953125,0.05031628257295203,0.04941162847997094,0.05090465409298109,0.05208614778381861,0.256745937300339,0.26130433512083073,0.07043697830727726,0.0726155936055104
1.0,64,57,full,0.9887648910109308,0.011362770959213897,0.0,0.0101318359375,0.01287841796875,0.049183898704838316,0.04924484289222131,0.04993905581261701,0.052103703069355745,0.2724151966450146,0.28181656089193297,0.30165452566127393,0.3117321284632607
1.0,64,57,selected,0.9887648910109308,0.011362770959213897,10,0.000396728515625,0.005889892578125,0.04978988536554599,0.04977796455694745,0.050011920808598544,0.05200835045215936,0.24593519441101697,0.25160498909129947,0.05118076939369665,0.05329472061289866
1.0,64,57,level,0.9887648910109308,0.011362770959213897,1,0.001556396484375,0.005828857421875,0.05017503408823633,0.05006305048046375,0.05011198360777258,0.052192736172147695,0.25272631424232095,0.25788834742793953,0.06079611238010861,0.06301636835805592
1.0,64,57,fixed,0.9887648910109308,0.011362770959213897,0.0,0.003082275390625,0.0072021484375,0.049796849951845704,0.04940084067038443,0.050396009281461276,0.052088355711363735,0.2554625525653036,0.2614108121486029,0.06981308117849658,0.0726370234343652
1.0,64,58,full,1.0086663464853791,-0.008591886222412692,0.0,0.00689697265625,0.01055908203125,0.04948819448427015,0.04924484289222131,0.050243351592048846,0.0522182944425578,0.2695456722768609,0.278190281785439,0.28362783412514836,0.29264100580144403
1.0,64,58,selected,1.0086663464853791,-0.008591886222412692,10,0.000335693359375,0.0059814453125,0.04977057936391753,0.04977796455694745,0.049992614806970086,0.052007882016029794,0.24586770447119993,0.2515914203095538,0.051124627342472154,0.05325652566349247
1.0,64,58,level,1.0086663464853791,-0.008591886222412692,1,0.001190185546875,0.00689697265625,0.049989959689353575,0.05006305048046375,0.04992690920888983,0.05219891374794525,0.2520864951090306,0.2577502740938024,0.06015411599615164,0.06256122103510411
1.0,64,58,fixed,1.0086663464853791,-0.008591886222412692,0.0,0.00238037109375,0.006866455078125,0.049110064049833244,0.04939516537413674,0.049714898675696506,0.05208999260247299,0.2537876526228068,0.2615543032471045,0.06898643246825295,0.07267047890083503
1.0,64,59,full,0.9953588495154999,0.004662791200137795,0.0,0.00457763671875,0.00836181640625,0.04918083270818689,0.04924484289222131,0.04993598981596559,0.05212877738697838,0.2710683205221578,0.2805418473105814,0.2952633589060333,0.30530043593692124
1.0,64,59,selected,0.9953588495154999,0.004662791200137795,10,0.000244140625,0.005889892578125,0.049783393050090184,0.04977796455694745,0.05000542849314273,0.0520074697724876,0.24591063323611012,0.2516009017853545,0.05116107076785273,0.05328181971696944
1.0,64,59,level,0.9953588495154999,0.004662791200137795,1,0.00079345703125,0.00616455078125,0.050106986272519055,0.05006305048046375,0.05004393579205531,0.05219494036341707,0.2524950674968364,0.25784408456138763,0.06057432511532995,0.06286032444904222
1.0,64,59,fixed,0.9953588495154999,0.004662791200137795,0.0,0.001495361328125,0.006011962890625,0.049557929873281836,0.049401119730343404,0.050156810142938435,0.052086693287980206,0.25489052335738593,0.26145844261264745,0.069528493532832,0.07264782878453235
1.0,64,60,full,1.019139711600669,-0.018780262787138513,0.0,0.01385498046875,0.01544189453125,0.049999127965315776,0.04924484289222131,0.05075428507309447,0.05232188024979768,0.26935829521570126,0.2765648555570451,0.27564478034597595,0.2830379475572594
1.0,64,60,selected,1.019139711600669,-0.018780262787138513,10,0.00048828125,0.00604248046875,0.049762480072597835,0.04977796455694745,0.049984515515650384,0.052007737990445495,0.2458373354299652,0.2515824616423122,0.05109781221020508,0.053237765845816874
1.0,64,60,level,1.019139711600669,-0.018780262787138513,1,0.002105712890625,0.007537841796875,0.049915222768803905,0.05006305048046375,0.04985217228834016,0.05220435443527239,0.251819303000925,0.25767383966354773,0.059861874887104455,0.062336614052967546
1.0,64,60,fixed,1.019139711600669,-0.018780262787138513,0.0,0.004547119140625,0.008392333984375,0.04877707917838961,0.04938892186978426,0.04938815730860535,0.052092113019181874,0.25297800003915355,0.26162547018031024,0.06858984792837992,0.07268819287626979
1.0,64,61,full,0.9314891059799033,0.07354986073403924,0.0,0.075714111328125,0.076263427734375,0.05559412176894277,0.04924484289222131,0.05634927887672146,0.052316790483737705,0.3052390894871858,0.29493408702948354,0.37921285570739743,0.3681063872313327
1.0,64,61,selected,0.9314891059799033,0.07354986073403924,3,0.003631591796875,0.0068359375,0.05024310011991626,0.049867418664621355,0.05037568145529492,0.05204744020037623,0.24879034992642635,0.253445798875944,0.05439027466635915,0.05618261167364327
1.0,64,61,level,0.9314891059799033,0.07354986073403924,0.3,0.022247314453125,0.024658203125,0.05354144357892195,0.050486324237994665,0.053055119340927284,0.05252691743053997,0.2760110711416798,0.2732630678398108,0.10005762815672244,0.09849516265264927
1.0,64,61,fixed,0.9314891059799033,0.07354986073403924,0.0,0.015655517578125,0.01910400390625,0.05221595520889541,0.04944033085268941,0.052775624356206,0.05208512710961374,0.26135527587093704,0.26093165520242856,0.0727209281562473,0.07253347233459889
1.0,64,62,full,0.9949854149258992,0.0050398578701520425,0.0,0.00494384765625,0.008514404296875,0.04917804189847355,0.04924484289222131,0.049933199006252246,0.052126915216880045,0.2711348632475722,0.28061201325050444,0.2956112619803579,0.30566101692351855
1.0,64,62,selected,0.9949854149258992,0.0050398578701520425,3,0.000518798828125,0.0059814453125,0.049884443105367285,0.049867418664621355,0.05001702444074593,0.05205215516613447,0.2476992360486261,0.25327043450166575,0.05358161452528125,0.055704075479652795
1.0,64,62,level,0.9949854149258992,0.0050398578701520425,0.3,0.00189208984375,0.00567626953125,0.05061028053554789,0.050486324237994665,0.05012395629755323,0.052724687913966596,0.2662609054330536,0.27171762193275606,0.08829786117444438,0.09131260253114346
1.0,64,62,fixed,0.9949854149258992,0.0050398578701520425,0.0,0.00164794921875,0.006103515625,0.04957110378934876,0.0494008779377168,0.05017022585163196,0.052087129135681365,0.2549226763789576,0.2614556470816821,0.06954393672053152,0.0726474345703419
1.0,64,63,full,1.0399386331311686,-0.03840479799362462,0.0,0.02392578125,0.02288818359375,0.05162143417574824,0.04924484289222131,0.05237659128352694,0.0525344021253259,0.271229573500668,0.2738446214292516,0.2623996449060681,0.2649657159879722
1.0,64,63,selected,1.0399386331311686,-0.03840479799362462,10,0.000701904296875,0.006134033203125,0.04975177567193271,0.04977796455694745,0.04997381111498527,0.05200869546784656,0.24579335539874347,0.25156818389241387,0.051051195750883606,0.05320023618230614
1.0,64,63,level,1.0399386331311686,-0.03840479799362462,1,0.003387451171875,0.0081787109375,0.049813822437732524,0.05006305048046375,0.04975077195726878,0.05220723492356786,0.2514037407275044,0.25753760793073033,0.05934771127328963,0.06192145211547115
1.0,64,63,fixed,1.0399386331311686,-0.03840479799362462,0.0,0.0084228515625,0.011566162109375,0.048179942521879154,0.04937517101741779,0.048804771504461365,0.052099681244986956,0.25150199112978666,0.26177283435286436,0.06787421269278646,0.07271245098824847
1.0,1024,0,full,1.0027265758403694,-0.002719161839392026,0.0,0.00274658203125,0.008026123046875,0.049301276964186125,0.04924484289222131,0.05005643407196482,0.05217565374968995,0.2700347726888108,0.2791963780016045,0.28862385317646244,0.2982371701202997
1.0,1024,0,selected,1.0027265758403694,-0.002719161839392026,0.3,0.00115966796875,0.005889892578125,0.05042321258037141,0.050486324237994665,0.04993688834237675,0.05274207849274133,0.2655195691138093,0.2715295432231791,0.08724782645172721,0.09055073448645665
1.0,1024,0,level,1.0027265758403694,-0.002719161839392026,0,0.00274658203125,0.008026123046875,0.049301276964186125,0.04924484289222131,0.05005643407196482,0.05217565374968995,0.2700347726888108,0.2791963780016045,0.28862385317646244,0.2982371701202997
1.0,1024,0,fixed,1.0027265758403694,-0.002719161839392026,0.0,0.001007080078125,0.005828857421875,0.04930731013338503,0.049399766483909396,0.04990754364947564,0.05209023000125737,0.2542689537750492,0.26151348777375827,0.0692255571999815,0.07266060768329648
1.0,1024,1,full,1.005034303217408,-0.005009085959844173,0.0,0.004547119140625,0.009246826171875,0.049367817800881036,0.04924484289222131,0.05012297490865973,0.05219704785109925,0.2698127313739839,0.27878644829683075,0.2866333346447559,0.29605277931539375
1.0,1024,1,selected,1.005034303217408,-0.005009085959844173,0.3,0.001800537109375,0.006195068359375,0.05037190659123536,0.050486324237994665,0.0498855823532407,0.05274733113594876,0.2653142086303203,0.27147401448825315,0.08694523205201445,0.09032232296065935
1.0,1024,1,level,1.005034303217408,-0.005009085959844173,0,0.004547119140625,0.009246826171875,0.049367817800881036,0.04924484289222131,0.05012297490865973,0.05219704785109925,0.2698127313739839,0.27878644829683075,0.2866333346447559,0.29605277931539375
1.0,1024,1,fixed,1.005034303217408,-0.005009085959844173,0.0,0.00152587890625,0.006317138671875,0.04923001589315414,0.049397040047088656,0.04983297584606548,0.05208991484080511,0.2540790191811175,0.2615277348414918,0.06913030435857366,0.07266540330146795
1.0,1024,2,full,1.0099045275693064,-0.009807390004622607,0.0,0.007781982421875,0.0111083984375,0.04953870119508964,0.04924484289222131,0.05029385830286834,0.052227432314928796,0.2694827514667554,0.27798841966535937,0.282626495381252,0.29148993286191227
1.0,1024,2,selected,1.0099045275693064,-0.009807390004622607,0.3,0.00311279296875,0.006500244140625,0.05027530460264989,0.050486324237994665,0.04978898036465522,0.0527549761605139,0.26490927789749874,0.27135710070636987,0.08633161377556632,0.08985720009458845
1.0,1024,2,level,1.0099045275693064,-0.009807390004622607,0,0.007781982421875,0.0111083984375,0.04953870119508964,0.04924484289222131,0.05029385830286834,0.052227432314928796,0.2694827514667554,0.27798841966535937,0.282626495381252,0.29148993286191227
1.0,1024,2,fixed,1.0099045275693064,-0.009807390004622607,0.0,0.002655029296875,0.00689697265625,0.049068701475931675,0.04939567899451309,0.04967302248141859,0.052090016076269265,0.2536916016882152,0.2615613391854691,0.06893719479636404,0.07267344989723587
1.0,1024,3,full,0.9904971779905934,0.00959399200781652,0.0,0.008544921875,0.011627197265625,0.049171501672020695,0.04924484289222131,0.04992665877979939,0.052108844435538024,0.27202574264304447,0.28146928766229873,0.2999231731865449,0.31003942931465744
1.0,1024,3,selected,0.9904971779905934,0.00959399200781652,0.3,0.003082275390625,0.006805419921875,0.050735269501159516,0.050486324237994665,0.050248945263164854,0.05271367665441515,0.2667304149739348,0.2718290420850622,0.08893887599623944,0.09176582206145537
1.0,1024,3,level,0.9904971779905934,0.00959399200781652,0,0.008544921875,0.011627197265625,0.049171501672020695,0.04924484289222131,0.04992665877979939,0.052108844435538024,0.27202574264304447,0.28146928766229873,0.2999231731865449,0.31003942931465744
1.0,1024,3,fixed,0.9904971779905934,0.00959399200781652,0.0,0.002777099609375,0.0069580078125,0.049732629424149355,0.049401126844895796,0.05033150257925356,0.05208735112514164,0.25530697634339283,0.2614230903216044,0.06973800995648245,0.07264107476555892
1.0,1024,4,full,1.010067263058571,-0.009966923418631035,0.0,0.007904052734375,0.01116943359375,0.04954649247364644,0.04924484289222131,0.050301649581425134,0.052228829175318923,0.26947355130228046,0.27796230583424253,0.2824987555908257,0.29133773751252456
1.0,1024,4,selected,1.010067263058571,-0.009966923418631035,0.3,0.003173828125,0.00653076171875,0.05027184198721818,0.050486324237994665,0.04978551774922352,0.05275554053353282,0.26489669509651104,0.2713529693728835,0.08631117359062729,0.08984214613648642
1.0,1024,4,level,1.010067263058571,-0.009966923418631035,0,0.007904052734375,0.01116943359375,0.04954649247364644,0.04924484289222131,0.050301649581425134,0.052228829175318923,0.26947355130228046,0.27796230583424253,0.2824987555908257,0.29133773751252456
1.0,1024,4,fixed,1.010067263058571,-0.009966923418631035,0.0,0.002685546875,0.006927490234375,0.049063685897969514,0.049395184732225046,0.04966850116574447,0.052090051666601314,0.2536785436793265,0.2615625503879559,0.06893172740849869,0.07267362164997351
1.0,1024,5,full,1.0089211593495673,-0.008842275996390647,0.0,0.007080078125,0.01068115234375,0.04949791516780684,0.04924484289222131,0.050253072275585536,0.052219786515445475,0.2695317881199396,0.27814783460333214,0.2834212567157631,0.2924012550989651
1.0,1024,5,selected,1.0089211593495673,-0.008842275996390647,0.3,0.002777099609375,0.006439208984375,0.05029503229861998,0.050486324237994665,0.04980870806062532,0.05275447283921013,0.2649895068787458,0.2713811916539705,0.0864520485783557,0.08995130983411331
1.0,1024,5,level,1.0089211593495673,-0.008842275996390647,0,0.007080078125,0.01068115234375,0.04949791516780684,0.04924484289222131,0.050253072275585536,0.052219786515445475,0.2695317881199396,0.27814783460333214,0.2834212567157631,0.2924012550989651
1.0,1024,5,fixed,1.0089211593495673,-0.008842275996390647,0.0,0.00244140625,0.006866455078125,0.04910150293538277,0.04939527359783366,0.04970622933754912,0.052090471311870196,0.2537670076016357,0.26155611175165216,0.06897675236756487,0.07267200109221555
1.0,1024,6,full,1.0138986984109284,-0.013708172653453143,0.0,0.0106201171875,0.013031005859375,0.04972204814457826,0.04924484289222131,0.05047720525235695,0.052266620209964934,0.26935445455110024,0.2773618558830693,0.2795221190576238,0.2877995606425856
1.0,1024,6,selected,1.0138986984109284,-0.013708172653453143,0.3,0.004058837890625,0.0068359375,0.05020393159211668,0.050486324237994665,0.04971760735412202,0.05276140971810503,0.2646011971538873,0.271260620021831,0.08584965013975913,0.08947858688287615
1.0,1024,6,level,1.0138986984109284,-0.013708172653453143,0,0.0106201171875,0.013031005859375,0.04972204814457826,0.04924484289222131,0.05047720525235695,0.052266620209964934,0.26935445455110024,0.2773618558830693,0.2795221190576238,0.2877995606425856
1.0,1024,6,fixed,1.0138986984109284,-0.013708172653453143,0.0,0.003448486328125,0.00750732421875,0.048938993397783404,0.04939296773427335,0.04954602566351005,0.052092212438719074,0.25337576527336486,0.2615879274679979,0.06878130207836253,0.07268209094391015
1.0,1024,7,full,0.9994797705721915,0.0005205002073336296,0.0,0.0008544921875,0.00634765625,0.04923517804833997,0.04924484289222131,0.04999033515611867,0.05214676786055559,0.2704292639216022,0.27977752082699436,0.2914916884208668,0.3013324015007568
1.0,1024,7,selected,0.9994797705721915,0.0005205002073336296,0.3,0.000457763671875,0.005615234375,0.05049848724820623,0.050486324237994665,0.050012163010211566,0.05273503302327662,0.2658192619103634,0.2716089086821738,0.08768042858187325,0.09086689429627844
1.0,1024,7,level,0.9994797705721915,0.0005205002073336296,0,0.0008544921875,0.00634765625,0.04923517804833997,0.04924484289222131,0.04999033515611867,0.05214676786055559,0.2704292639216022,0.27977752082699436,0.2914916884208668,0.3013324015007568
1.0,1024,7,fixed,0.9994797705721915,0.0005205002073336296,0.0,0.00042724609375,0.005523681640625,0.049419507575798924,0.04940117999676287,0.050018327579036057,0.05208798723210534,0.25454245907823103,0.26148770205573835,0.06935509060368761,0.07265536391270241
1.0,1024,8,full,1.000842239332659,-0.0008415305625196767,0.0,0.001129150390625,0.007110595703125,0.049262784612892664,0.04924484289222131,0.050017941720671366,0.05215609973688394,0.27025190017930173,0.27953201584892784,0.29028007345494794,0.300024670036825
1.0,1024,8,selected,1.000842239332659,-0.0008415305625196767,0.3,0.00054931640625,0.005767822265625,0.05046583788988439,0.050486324237994665,0.049979513651889726,0.05273837818883172,0.26569286984722335,0.2715719243795567,0.08749683123779198,0.09073406818725517
1.0,1024,8,level,1.000842239332659,-0.0008415305625196767,0,0.001129150390625,0.007110595703125,0.049262784612892664,0.04924484289222131,0.050017941720671366,0.05215609973688394,0.27025190017930173,0.27953201584892784,0.29028007345494794,0.300024670036825
1.0,1024,8,fixed,1.000842239332659,-0.0008415305625196767,0.0,0.000518798828125,0.0057373046875,0.04937210807323944,0.049400172991534014,0.04997193508170543,0.05208989962864309,0.25442771199188063,0.26149749256793725,0.06930242148882781,0.07265675687806084
1.0,1024,9,full,1.0057195200794857,-0.005686993207642765,0.0,0.005157470703125,0.009521484375,0.049387941731872366,0.04924484289222131,0.05014309883965107,0.052200694436381305,0.2697569767864285,0.2786657710968516,0.28606058912154325,0.29541733218726335
1.0,1024,9,selected,1.0057195200794857,-0.005686993207642765,0.3,0.00189208984375,0.0062255859375,0.05035794010683669,0.050486324237994665,0.04987161586884202,0.05274877068920443,0.26525555665249223,0.27145780083472854,0.0868569464397251,0.09025522745887912
1.0,1024,9,level,1.0057195200794857,-0.005686993207642765,0,0.005157470703125,0.009521484375,0.049387941731872366,0.04924484289222131,0.05014309883965107,0.052200694436381305,0.2697569767864285,0.2786657710968516,0.28606058912154325,0.29541733218726335
1.0,1024,9,fixed,1.0057195200794857,-0.005686993207642765,0.0,0.001739501953125,0.00634765625,0.04920718205202694,0.04939659891523199,0.049810583136794956,0.05208957408412018,0.25402349445009464,0.26153161263503255,0.06910162267355328,0.07266578639067214
1.0,1024,10,full,1.0040972787233675,-0.004080559533610972,0.0,0.003692626953125,0.008758544921875,0.049336830328468376,0.04924484289222131,0.05009198743624707,0.0521888919476884,0.26989880435979696,0.2789518087708688,0.28743176183980135,0.2969361036174916
1.0,1024,10,selected,1.0040972787233675,-0.004080559533610972,0.3,0.001556396484375,0.006072998046875,0.05039241276633552,0.050486324237994665,0.04990608852834086,0.052745604187308955,0.2653955943825984,0.27149614220045143,0.08706790847518064,0.09041389616212106
1.0,1024,10,level,1.0040972787233675,-0.004080559533610972,0,0.003692626953125,0.008758544921875,0.049336830328468376,0.04924484289222131,0.05009198743624707,0.0521888919476884,0.26989880435979696,0.2789518087708688,0.28743176183980135,0.2969361036174916
1.0,1024,10,fixed,1.0040972787233675,-0.004080559533610972,0.0,0.001312255859375,0.006103515625,0.049260796850570235,0.049398422875176005,0.04986237397539423,0.052090662771359944,0.25415670802744006,0.26152352151486286,0.0691691205314166,0.07266210570825091
1.0,1024,11,full,1.004749541570585,-0.004727090059837846,0.0,0.00433349609375,0.00909423828125,0.049358088399373355,0.04924484289222131,0.05011324550715204,0.05219385173103687,0.2698362345544998,0.27883474453232604,0.2868762327206932,0.29632453116994073
1.0,1024,11,selected,1.004749541570585,-0.004727090059837846,0.3,0.001739501953125,0.006134033203125,0.05037810328557943,0.050486324237994665,0.04989177904758477,0.05274812139437622,0.2653398913759434,0.2714798361663767,0.08698260930746783,0.09035148214636113
1.0,1024,11,level,1.004749541570585,-0.004727090059837846,0,0.00433349609375,0.00909423828125,0.049358088399373355,0.04924484289222131,0.05011324550715204,0.05219385173103687,0.2698362345544998,0.27883474453232604,0.2868762327206932,0.29632453116994073
1.0,1024,11,fixed,1.004749541570585,-0.004727090059837846,0.0,0.00146484375,0.006256103515625,0.04923922380960814,0.04939740078329369,0.04984182302631446,0.05209000314340483,0.2541021219693379,0.26152689053858197,0.06914192717303871,0.07266424252785628
1.0,1024,12,full,0.9935674642774709,0.00647418112388265,0.0,0.00604248046875,0.009429931640625,0.04916845564259853,0.04924484289222131,0.049923612750377225,0.052120943350569895,0.27139508474237173,0.28088491510473623,0.2969463088760159,0.3070365876688629
1.0,1024,12,selected,0.9935674642774709,0.00647418112388265,0.3,0.0023193359375,0.006103515625,0.050649529117721,0.050486324237994665,0.050163204879726336,0.05272108086238341,0.2664055450084243,0.2717513287892007,0.08849708087282791,0.09145604449628034
1.0,1024,12,level,0.9935674642774709,0.00647418112388265,0,0.00604248046875,0.009429931640625,0.04916845564259853,0.04924484289222131,0.049923612750377225,0.052120943350569895,0.27139508474237173,0.28088491510473623,0.2969463088760159,0.3070365876688629
1.0,1024,12,fixed,0.9935674642774709,0.00647418112388265,0.0,0.00201416015625,0.006439208984375,0.0496213287326811,0.049401271220084975,0.05022005751259613,0.05208613428633378,0.255042683576198,0.26144490617974186,0.06960581324994414,0.07264345114367288
1.0,1024,13,full,0.9869538172757374,0.013218635457810546,0.0,0.011627197265625,0.0140380859375,0.04920537029798366,0.04924484289222131,0.049960527405762345,0.05209802648121804,0.2728570471456628,0.2821863135382445,0.3034928403008169,0.31351221308486066
1.0,1024,13,selected,0.9869538172757374,0.013218635457810546,0.3,0.00396728515625,0.00762939453125,0.05084090018379954,0.050486324237994665,0.05035457594580488,0.05270210065227712,0.26712174581986736,0.27191530762292737,0.08946053037034041,0.09212640905323852
1.0,1024,13,level,0.9869538172757374,0.013218635457810546,0,0.011627197265625,0.0140380859375,0.04920537029798366,0.04924484289222131,0.049960527405762345,0.05209802648121804,0.2728570471456628,0.2821863135382445,0.3034928403008169,0.31351221308486066
1.0,1024,13,fixed,0.9869538172757374,0.013218635457810546,0.0,0.003448486328125,0.007598876953125,0.049863870285115894,0.04940211460426293,0.05046175568085297,0.05208796793194871,0.25562410004188263,0.2613959662604242,0.06989127905757088,0.0726344140993807
1.0,1024,14,full,0.9998892475350681,0.00011076473239901574,0.0,0.000335693359375,0.006561279296875,0.04924279751075072,0.04924484289222131,0.049997954618529405,0.052150935409819174,0.2703725841814739,0.27970441435858473,0.29112768015644575,0.30093889825192366
1.0,1024,14,selected,0.9998892475350681,0.00011076473239901574,0.3,0.000213623046875,0.005645751953125,0.0504887414053829,0.050486324237994665,0.050002417167388236,0.05273581888701667,0.26578315591511376,0.27159803355644574,0.08762437029265782,0.09082573692111381
1.0,1024,14,level,0.9998892475350681,0.00011076473239901574,0,0.000335693359375,0.006561279296875,0.04924279751075072,0.04924484289222131,0.049997954618529405,0.052150935409819174,0.2703725841814739,0.27970441435858473,0.29112768015644575,0.30093889825192366
1.0,1024,14,fixed,0.9998892475350681,0.00011076473239901574,0.0,0.000213623046875,0.005615234375,0.04940572745499043,0.04940204879048592,0.05000367866450452,0.05208866939268818,0.25450790300694515,0.26148928358834356,0.06933890361022238,0.07265537543735907
1.0,1024,15,full,1.0086883259349553,-0.00861348913392257,0.0,0.006927490234375,0.01055908203125,0.04948896919585144,0.04924484289222131,0.050244126303630135,0.052218243811517184,0.2695450699318573,0.27818624974992645,0.28360998451296004,0.2926208136218488
1.0,1024,15,selected,1.0086883259349553,-0.00861348913392257,0.3,0.002716064453125,0.00640869140625,0.050299054749483596,0.050486324237994665,0.049812730511488934,0.052754957180012184,0.265007744313071,0.2713851365286661,0.08648148832657457,0.08997305876108565
1.0,1024,15,level,1.0086883259349553,-0.00861348913392257,0,0.006927490234375,0.01055908203125,0.04948896919585144,0.04924484289222131,0.050244126303630135,0.052218243811517184,0.2695450699318573,0.27818624974992645,0.28360998451296004,0.2926208136218488
1.0,1024,15,fixed,1.0086883259349553,-0.00861348913392257,0.0,0.00238037109375,0.006866455078125,0.049109015956119786,0.04939528179017635,0.04971373416594344,0.05208988146241124,0.25378609092559234,0.26155447248908237,0.06898579383045692,0.0726705209998578
1.0,1024,16,full,0.9908076221209005,0.009277661650828328,0.0,0.00836181640625,0.011444091796875,0.04917131646829613,0.04924484289222131,0.049926473576074826,0.05211114544987708,0.27195718494493554,0.28140584515488987,0.29961474793100484,0.3097284045837575
1.0,1024,16,selected,0.9908076221209005,0.009277661650828328,0.3,0.003021240234375,0.00677490234375,0.05072608450656983,0.050486324237994665,0.05023976026857517,0.05271380026152902,0.266696888961064,0.2718201765647431,0.0888934505710143,0.09173342796853418
1.0,1024,16,level,0.9908076221209005,0.009277661650828328,0,0.00836181640625,0.011444091796875,0.04917131646829613,0.04924484289222131,0.049926473576074826,0.05211114544987708,0.27195718494493554,0.28140584515488987,0.29961474793100484,0.3097284045837575
1.0,1024,16,fixed,0.9908076221209005,0.009277661650828328,0.0,0.002716064453125,0.006927490234375,0.0497215915744309,0.04940092013228106,0.05032067144214984,0.052088129924156346,0.2552816842127457,0.26142606281241465,0.06972417904624686,0.07264267938807259
1.0,1024,17,full,1.0028810350819424,-0.0028727585637382536,0.0,0.00286865234375,0.008148193359375,0.049304938481074166,0.04924484289222131,0.050060095588852854,0.05217780103666721,0.270017451063399,0.2791689131422813,0.28848775502499246,0.2980933363560928
1.0,1024,17,selected,1.0028810350819424,-0.0028727585637382536,0.3,0.001190185546875,0.00592041015625,0.050420124090284034,0.050486324237994665,0.049933799852289365,0.052742480258356546,0.26550547826060045,0.27152623879271,0.08722664509496188,0.09053432517055465
1.0,1024,17,level,1.0028810350819424,-0.0028727585637382536,0,0.00286865234375,0.008148193359375,0.049304938481074166,0.04924484289222131,0.050060095588852854,0.05217780103666721,0.270017451063399,0.2791689131422813,0.28848775502499246,0.2980933363560928
1.0,1024,17,fixed,1.0028810350819424,-0.0028727585637382536,0.0,0.00103759765625,0.005889892578125,0.04930175431576492,0.049399761581580236,0.049901992734184684,0.05209059293720532,0.2542558967272138,0.2615149744665838,0.0692190634354419,0.07266148914273668
1.0,1024,18,full,0.9928298808297055,0.007221901061541969,0.0,0.006622314453125,0.00994873046875,0.04916889921081587,0.04924484289222131,0.04992405631859456,0.05211772427725239,0.27153356686073343,0.28102852963666036,0.2976566295769329,0.3077468881172481
1.0,1024,18,selected,0.9928298808297055,0.007221901061541969,0.3,0.002532958984375,0.0062255859375,0.05066865628470085,0.050486324237994665,0.05018233204670619,0.05271813260298189,0.2664830824531875,0.2717692663153557,0.08860170911297927,0.09153135705986025
1.0,1024,18,level,0.9928298808297055,0.007221901061541969,0,0.006622314453125,0.00994873046875,0.04916889921081587,0.04924484289222131,0.04992405631859456,0.05211772427725239,0.27153356686073343,0.28102852963666036,0.2976566295769329,0.3077468881172481
1.0,1024,18,fixed,0.9928298808297055,0.007221901061541969,0.0,0.00225830078125,0.006561279296875,0.049647121320762294,0.049401162680292834,0.05024595864046946,0.05208701068607813,0.25510590014230206,0.2614394198728183,0.06963573470755152,0.07264282862452107
1.0,1024,19,full,1.0093004698278034,-0.009214768154611197,0.0,0.00732421875,0.01092529296875,0.049513222113908385,0.04924484289222131,0.05026837922168709,0.0522241104990029,0.2695128043549857,0.2780887233423771,0.2831128182026923,0.2920472442472896
1.0,1024,19,selected,1.0093004698278034,-0.009214768154611197,0.3,0.00299072265625,0.0064697265625,0.050287661494869185,0.050486324237994665,0.04980133725687452,0.052755418559648805,0.26495805501912956,0.2713727890109857,0.08640689411788709,0.08991599404164954
1.0,1024,19,level,1.0093004698278034,-0.009214768154611197,0,0.00732421875,0.01092529296875,0.049513222113908385,0.04924484289222131,0.05026837922168709,0.0522241104990029,0.2695128043549857,0.2780887233423771,0.2831128182026923,0.2920472442472896
1.0,1024,19,fixed,1.0093004698278034,-0.009214768154611197,0.0,0.002532958984375,0.006866455078125,0.049088018664193156,0.049394997950137874,0.049693020714055285,0.05208993962581856,0.25373921945083,0.26155824286891505,0.06896115249645954,0.07267179504097082
1.0,1024,20,full,1.0076379348067195,-0.007580038963285518,0.0,0.00628662109375,0.010284423828125,0.049451531946085654,0.04924484289222131,0.050206689053864356,0.052210138226573014,0.26961132292035084,0.27835206692052605,0.2844686772192792,0.29360885275303983
1.0,1024,20,selected,1.0076379348067195,-0.007580038963285518,0.3,0.00238037109375,0.00634765625,0.050319636144647004,0.050486324237994665,0.04983331190665234,0.05275377654709765,0.26509391240382507,0.27141170470107684,0.08661228004253221,0.09007468848643865
1.0,1024,20,level,1.0076379348067195,-0.007580038963285518,0,0.00628662109375,0.010284423828125,0.049451531946085654,0.04924484289222131,0.050206689053864356,0.052210138226573014,0.26961132292035084,0.27835206692052605,0.2844686772192792,0.29360885275303983
1.0,1024,20,fixed,1.0076379348067195,-0.007580038963285518,0.0,0.00213623046875,0.006683349609375,0.04914331700964321,0.049396184260505877,0.049747132749137335,0.05208955571591892,0.25386959296797074,0.26154580585974396,0.06902528526527751,0.0726697693050749
1.0,1024,21,full,1.0073326900629904,-0.007279313116039021,0.0,0.006103515625,0.01025390625,0.0494397701134061,0.04924484289222131,0.05019492722118479,0.052208338133847,0.26963273814609623,0.27840088089684134,0.2847188082717561,0.2938918853805551
1.0,1024,21,selected,1.0073326900629904,-0.007279313116039021,0.3,0.0023193359375,0.006317138671875,0.05032548668644911,0.050486324237994665,0.04983916244845445,0.052752321804929,0.2651190602761133,0.2714189766887501,0.08665005540962614,0.09010467848313407
1.0,1024,21,level,1.0073326900629904,-0.007279313116039021,0,0.006103515625,0.01025390625,0.0494397701134061,0.04924484289222131,0.05019492722118479,0.052208338133847,0.26963273814609623,0.27840088089684134,0.2847188082717561,0.2938918853805551
1.0,1024,21,fixed,1.0073326900629904,-0.007279313116039021,0.0,0.0020751953125,0.006591796875,0.04915334337219681,0.049396525466261554,0.04975681790593525,0.05208883568477794,0.25389384753738936,0.26154301799421825,0.06903735323534595,0.07266902760320816
1.0,1024,22,full,0.9987470162273474,0.0012545557105998473,0.0,0.001556396484375,0.006195068359375,0.04922201515999314,0.04924484289222131,0.04997717226777183,0.052143908424368515,0.2705309784733657,0.27991040989641164,0.2921503907240821,0.3020365405249289
1.0,1024,22,selected,0.9987470162273474,0.0012545557105998473,0.3,0.00067138671875,0.005584716796875,0.0505161802846905,0.050486324237994665,0.05002985604669584,0.05273166453350875,0.2658889175272998,0.2716249252808266,0.08777790223384899,0.09093777435732475
1.0,1024,22,level,0.9987470162273474,0.0012545557105998473,0,0.001556396484375,0.006195068359375,0.04922201515999314,0.04924484289222131,0.04997717226777183,0.052143908424368515,0.2705309784733657,0.27991040989641164,0.2921503907240821,0.3020365405249289
1.0,1024,22,fixed,0.9987470162273474,0.0012545557105998473,0.0,0.000701904296875,0.005462646484375,0.049443990836515794,0.049401416459457004,0.05004257437705879,0.05208928211096704,0.25460281867432144,0.2614826035706943,0.06938508571692226,0.07265395207056612
1.0,1024,23,full,1.0057342393996354,-0.005701545373515748,0.0,0.005126953125,0.009552001953125,0.04938824942233983,0.04924484289222131,0.050143406530118534,0.05220030082502487,0.26975564841677124,0.2786618235146841,0.286047272407758,0.29540245403509424
1.0,1024,23,selected,1.0057342393996354,-0.005701545373515748,0.3,0.00189208984375,0.0062255859375,0.05035761818386911,0.050486324237994665,0.049871293945874445,0.05274880145583208,0.2652542705846047,0.27145728120907786,0.08685506810633674,0.09025416557028422
1.0,1024,23,level,1.0057342393996354,-0.005701545373515748,0,0.005126953125,0.009552001953125,0.04938824942233983,0.04924484289222131,0.050143406530118534,0.05220030082502487,0.26975564841677124,0.2786618235146841,0.286047272407758,0.29540245403509424
1.0,1024,23,fixed,1.0057342393996354,-0.005701545373515748,0.0,0.001739501953125,0.00634765625,0.04920668993421275,0.04939661552811588,0.04981007440609687,0.05208949171093162,0.25402217852547626,0.2615318024288638,0.06910097146419997,0.07266573844657456
1.0,1024,24,full,1.004791812772759,-0.004768960805458744,0.0,0.00433349609375,0.009124755859375,0.04935960477560195,0.04924484289222131,0.050114761883380654,0.052194097165044896,0.2698323778765615,0.27882741169660735,0.2868403670558792,0.29628549009823446
1.0,1024,24,selected,1.004791812772759,-0.004768960805458744,0.3,0.001739501953125,0.00616455078125,0.05037699442976623,0.050486324237994665,0.04989067019177157,0.05274797512801495,0.2653359588515173,0.27147906457946197,0.08697748286488241,0.09034694916120553
1.0,1024,24,level,1.004791812772759,-0.004768960805458744,0,0.00433349609375,0.009124755859375,0.04935960477560195,0.04924484289222131,0.050114761883380654,0.052194097165044896,0.2698323778765615,0.27882741169660735,0.2868403670558792,0.29628549009823446
1.0,1024,24,fixed,1.004791812772759,-0.004768960805458744,0.0,0.001495361328125,0.00628662109375,0.049237685117415546,0.04939754237653235,0.04984014274088319,0.05209005534378462,0.2540984195019531,0.2615274737370361,0.06914029763112295,0.07266447133783902
1.0,1024,25,full,0.9908460812360044,0.009238487124636707,0.0,0.00836181640625,0.01141357421875,0.04917090463589935,0.04924484289222131,0.049926061743678044,0.05211083432167922,0.27194904039845325,0.28139788277413175,0.29957578394431583,0.3096900117409648
1.0,1024,25,selected,0.9908460812360044,0.009238487124636707,0.3,0.00299072265625,0.0067138671875,0.050724927591167625,0.050486324237994665,0.05023860335317297,0.052713909211043714,0.2666929749637648,0.2718193402054656,0.08888838375995828,0.09172902544999581
1.0,1024,25,level,0.9908460812360044,0.009238487124636707,0,0.00836181640625,0.01141357421875,0.04917090463589935,0.04924484289222131,0.049926061743678044,0.05211083432167922,0.27194904039845325,0.28139788277413175,0.29957578394431583,0.3096900117409648
1.0,1024,25,fixed,0.9908460812360044,0.009238487124636707,0.0,0.002716064453125,0.00689697265625,0.04972058603927079,0.049400755375398585,0.05031983066387221,0.0520879808689312,0.25527847713189167,0.2614262000209233,0.06972253990748027,0.07264268351890323
1.0,1024,26,full,0.9953514914305508,0.004670218118393743,0.0,0.00457763671875,0.00836181640625,0.049180859907439436,0.04924484289222131,0.04993601701521813,0.05212882404256025,0.2710697438345351,0.2805436735446799,0.29526979963645894,0.30530795911485
1.0,1024,26,selected,0.9953514914305508,0.004670218118393743,0.3,0.00177001953125,0.005584716796875,0.05060136830531242,0.050486324237994665,0.05011504406731776,0.05272558074607848,0.26622553306269436,0.27170604504044815,0.0882457184855467,0.09127716723379563
1.0,1024,26,level,0.9953514914305508,0.004670218118393743,0,0.00457763671875,0.00836181640625,0.049180859907439436,0.04924484289222131,0.04993601701521813,0.05212882404256025,0.2710697438345351,0.2805436735446799,0.29526979963645894,0.30530795911485
1.0,1024,26,fixed,0.9953514914305508,0.004670218118393743,0.0,0.001495361328125,0.006011962890625,0.049558288376946986,0.04940103026919556,0.050157258107751436,0.05208667801786976,0.25489099465811127,0.2614582821587973,0.06952878956980221,0.07264761360474195
1.0,1024,27,full,1.01125592231342,-0.011130636731076171,0.0,0.008819580078125,0.011688232421875,0.049597077418992885,0.04924484289222131,0.05035223452677158,0.052235822189902595,0.2694143934633423,0.2777734776225336,0.281560015866299,0.2902421894061274
1.0,1024,27,selected,1.01125592231342,-0.011130636731076171,0.3,0.00347900390625,0.006591796875,0.05024985040915814,0.050486324237994665,0.049763526171163475,0.052758220326165596,0.26480331312769545,0.271325388785098,0.08616383911666264,0.08972848567472194
1.0,1024,27,level,1.01125592231342,-0.011130636731076171,0,0.008819580078125,0.011688232421875,0.049597077418992885,0.04924484289222131,0.05035223452677158,0.052235822189902595,0.2694143934633423,0.2777734776225336,0.281560015866299,0.2902421894061274
1.0,1024,27,fixed,1.01125592231342,-0.011130636731076171,0.0,0.002960205078125,0.0072021484375,0.04902535595704411,0.04939319677571007,0.04963215918133405,0.052091074405211046,0.25358518558683746,0.26157141216070723,0.06888294543773962,0.07267501723643463
1.0,1024,28,full,1.0018071700164606,-0.001803910044316126,0.0,0.002044677734375,0.007537841796875,0.0492807957017016,0.04924484289222131,0.0500359528094803,0.05216619549620355,0.27013730681482784,0.27936382581445907,0.2894238077690221,0.29910919221414345
1.0,1024,28,selected,1.0018071700164606,-0.001803910044316126,0.3,0.000823974609375,0.00579833984375,0.050443584967536426,0.050486324237994665,0.049957260729541764,0.05274098556179596,0.2656013726795852,0.2715495633549466,0.08737020130060802,0.09063910332176484
1.0,1024,28,level,1.0018071700164606,-0.001803910044316126,0,0.002044677734375,0.007537841796875,0.0492807957017016,0.04924484289222131,0.0500359528094803,0.05216619549620355,0.27013730681482784,0.27936382581445907,0.2894238077690221,0.29910919221414345
1.0,1024,28,fixed,1.0018071700164606,-0.001803910044316126,0.0,0.000823974609375,0.005828857421875,0.04933899006357008,0.04939938498084205,0.04993960508272803,0.052089316821587434,0.2543460558347384,0.2615058775209812,0.06926389850228826,0.07265712595115131
1.0,1024,29,full,0.9868532119835879,0.013321928587522125,0.0,0.011749267578125,0.014129638671875,0.04920770095894102,0.04924484289222131,0.04996285806671971,0.05209859463835213,0.272882057567298,0.282205260230324,0.30359582231955307,0.31361146577827603
1.0,1024,29,selected,0.9868532119835879,0.013321928587522125,0.3,0.0040283203125,0.007659912109375,0.05084424761337032,0.050486324237994665,0.05035792337537566,0.052702306987936196,0.2671328658259642,0.27191818509510535,0.08947547209425466,0.09213706974623681
1.0,1024,29,level,0.9868532119835879,0.013321928587522125,0,0.011749267578125,0.014129638671875,0.04920770095894102,0.04924484289222131,0.04996285806671971,0.05209859463835213,0.272882057567298,0.282205260230324,0.30359582231955307,0.31361146577827603
1.0,1024,29,fixed,0.9868532119835879,0.013321928587522125,0.0,0.003448486328125,0.007598876953125,0.04986759837731073,0.049402404830797456,0.050465193546513284,0.05208822887108366,0.25563378205517334,0.2613957476803742,0.06989608339620938,0.07263420497048771
1.0,1024,30,full,1.0008756043084472,-0.0008748382962658896,0.0,0.00115966796875,0.007110595703125,0.04926329586757869,0.04924484289222131,0.05001845297535738,0.05215649093119598,0.27024799278301426,0.2795257868032941,0.290250926293404,0.29999187855941367
1.0,1024,30,selected,1.0008756043084472,-0.0008748382962658896,0.3,0.00054931640625,0.005767822265625,0.050464830046720116,0.050486324237994665,0.049978505808725454,0.05273851104626687,0.26568998449494935,0.27157124187620585,0.08749269032067086,0.09073030168234658
1.0,1024,30,level,1.0008756043084472,-0.0008748382962658896,0,0.00115966796875,0.007110595703125,0.04926329586757869,0.04924484289222131,0.05001845297535738,0.05215649093119598,0.27024799278301426,0.2795257868032941,0.290250926293404,0.29999187855941367
1.0,1024,30,fixed,1.0008756043084472,-0.0008748382962658896,0.0,0.00054931640625,0.0057373046875,0.04937085414084954,0.049400248015419944,0.04997060612542959,0.05208998350953643,0.25442469911025833,0.2614979537626145,0.06930095958955657,0.0726568193938025
1.0,1024,31,full,0.9966855370805094,0.003325485116598914,0.0,0.003265380859375,0.007598876953125,0.04919387854703318,0.04924484289222131,0.049949035654811874,0.05213160495622616,0.27084549049794565,0.280291519140738,0.2940340800142265,0.3040271625667409
1.0,1024,31,selected,0.9966855370805094,0.003325485116598914,0.3,0.001373291015625,0.005340576171875,0.050568344883950435,0.050486324237994665,0.05008202064595578,0.05272704914278921,0.26608947174889186,0.2716727426343264,0.08806204839271112,0.09114340292644457
1.0,1024,31,level,0.9966855370805094,0.003325485116598914,0,0.003265380859375,0.007598876953125,0.04919387854703318,0.04924484289222131,0.049949035654811874,0.05213160495622616,0.27084549049794565,0.280291519140738,0.2940340800142265,0.3040271625667409
1.0,1024,31,fixed,0.9966855370805094,0.003325485116598914,0.0,0.00115966796875,0.005615234375,0.04951221273715202,0.04940150933131329,0.05011070340583873,0.05208848846483105,0.25477685392424854,0.26146562435099346,0.06947195820663085,0.07265027182146286
1.0,1024,32,full,0.9891998353316719,0.010918081749080377,0.0,0.009735107421875,0.012481689453125,0.04918022086944985,0.04924484289222131,0.04993537797722855,0.05210629544246888,0.2723123905084529,0.28173061155347945,0.3012233108543684,0.3113086145900168
1.0,1024,32,selected,0.9891998353316719,0.010918081749080377,0.3,0.00335693359375,0.007049560546875,0.050774792830496476,0.050486324237994665,0.050288468592501814,0.052710794145318235,0.2668713622004239,0.27185869217402925,0.0891282773148818,0.09189827354926691
1.0,1024,32,level,0.9891998353316719,0.010918081749080377,0,0.009735107421875,0.012481689453125,0.04918022086944985,0.04924484289222131,0.04993537797722855,0.05210629544246888,0.2723123905084529,0.28173061155347945,0.3012233108543684,0.3113086145900168
1.0,1024,32,fixed,0.9891998353316719,0.010918081749080377,0.0,0.003021240234375,0.00714111328125,0.049781426387465064,0.04940046776323891,0.05038095862422615,0.05208813502450441,0.25542512892672853,0.26141304744899707,0.06979355537716946,0.0726385324015438
1.0,1024,33,full,1.0059150641272727,-0.00588028188284917,0.0,0.00518798828125,0.009613037109375,0.049394800735366784,0.04924484289222131,0.05014995784314548,0.052200240731532926,0.2697428250893356,0.2786338936830613,0.2858956113464398,0.29523101201989377
1.0,1024,33,selected,1.0059150641272727,-0.00588028188284917,0.3,0.001983642578125,0.0062255859375,0.05035337080352545,0.050486324237994665,0.04986704656553079,0.052749583582421794,0.2652390345152227,0.27145237162982055,0.08683119553771411,0.09023658514583505
1.0,1024,33,level,1.0059150641272727,-0.00588028188284917,0,0.00518798828125,0.009613037109375,0.049394800735366784,0.04924484289222131,0.05014995784314548,0.052200240731532926,0.2697428250893356,0.2786338936830613,0.2858956113464398,0.29523101201989377
1.0,1024,33,fixed,1.0059150641272727,-0.00588028188284917,0.0,0.001800537109375,0.006378173828125,0.049201490388666835,0.04939693002994919,0.04980456035871765,0.052089703478479896,0.254006875722499,0.2615330719200084,0.0690932904649058,0.07266535986397976
1.0,1024,34,full,0.993565094046885,0.006476582150148902,0.0,0.00604248046875,0.009429931640625,0.049168507184336005,0.04924484289222131,0.0499236642921147,0.05212097404324773,0.27139558609066483,0.2808852478374974,0.2969484292136746,0.30703883462681714
1.0,1024,34,selected,0.993565094046885,0.006476582150148902,0.3,0.0023193359375,0.006103515625,0.05064953072660153,0.050486324237994665,0.050163206488606865,0.05272102638677352,0.26640583897766085,0.2717513227186489,0.08849732770354682,0.09145639864735176
1.0,1024,34,level,0.993565094046885,0.006476582150148902,0,0.00604248046875,0.009429931640625,0.049168507184336005,0.04924484289222131,0.0499236642921147,0.05212097404324773,0.27139558609066483,0.2808852478374974,0.2969484292136746,0.30703883462681714
1.0,1024,34,fixed,0.993565094046885,0.006476582150148902,0.0,0.00201416015625,0.006439208984375,0.049621393061573024,0.04940127122010626,0.050220121841466764,0.05208617391609255,0.25504270706156956,0.2614447807447777,0.06960585380357218,0.07264346896903845
1.0,1024,35,full,0.9920277893706453,0.008036277526471736,0.0,0.007354736328125,0.010589599609375,0.0491696929721845,0.04924484289222131,0.049924850079963196,0.052117249023187116,0.2717006694885917,0.2811792236147753,0.29843187760504686,0.308526535051418
1.0,1024,35,selected,0.9920277893706453,0.008036277526471736,0.3,0.002655029296875,0.006439208984375,0.050689878375968236,0.050486324237994665,0.050203554137973574,0.052716493475213955,0.26656684292163113,0.27179171064224505,0.0887131917153052,0.09160941590423939
1.0,1024,35,level,0.9920277893706453,0.008036277526471736,0,0.007354736328125,0.010589599609375,0.0491696929721845,0.04924484289222131,0.049924850079963196,0.052117249023187116,0.2717006694885917,0.2811792236147753,0.29843187760504686,0.308526535051418
1.0,1024,35,fixed,0.9920277893706453,0.008036277526471736,0.0,0.00238037109375,0.0067138671875,0.04967670672149128,0.04940147065400009,0.050275236067491194,0.05208723185565338,0.25517470221170113,0.2614346402800156,0.06967094533964832,0.07264289659526371
1.0,1024,36,full,1.0066426765199477,-0.006598842543524941,0.0,0.00567626953125,0.010040283203125,0.049417780208984505,0.04924484289222131,0.0501729373167632,0.05220341803413073,0.2696844001220275,0.2785103531732772,0.2852942845639835,0.29453760960679753
1.0,1024,36,selected,1.0066426765199477,-0.006598842543524941,0.3,0.002166748046875,0.0062255859375,0.05033991605804196,0.050486324237994665,0.0498535918200473,0.052750809200698814,0.2651780142859168,0.2714360798635945,0.08673783969089124,0.09016980735047378
1.0,1024,36,level,1.0066426765199477,-0.006598842543524941,0,0.00567626953125,0.010040283203125,0.049417780208984505,0.04924484289222131,0.0501729373167632,0.05220341803413073,0.2696844001220275,0.2785103531732772,0.2852942845639835,0.29453760960679753
1.0,1024,36,fixed,1.0066426765199477,-0.006598842543524941,0.0,0.001922607421875,0.0064697265625,0.04917627425298991,0.04939626897021743,0.04978000528277249,0.05208907722029908,0.25394889490018585,0.261538247502107,0.06906449241053787,0.07266746339569644
1.0,1024,37,full,1.0165246428126407,-0.01625601792290865,0.0,0.0123291015625,0.014495849609375,0.049851004832663734,0.04924484289222131,0.05060616194044243,0.05228970915022782,0.2693342556880023,0.2769509215794327,0.2775468751370027,0.2853997327659748
1.0,1024,37,selected,1.0165246428126407,-0.01625601792290865,0.3,0.004791259765625,0.0069580078125,0.050159053071962695,0.050486324237994665,0.04967272883396803,0.05276569483510671,0.2644069011412319,0.27119194861304696,0.08554371681892477,0.08923593380583343
1.0,1024,37,level,1.0165246428126407,-0.01625601792290865,0,0.0123291015625,0.014495849609375,0.049851004832663734,0.04924484289222131,0.05060616194044243,0.05228970915022782,0.2693342556880023,0.2769509215794327,0.2775468751370027,0.2853997327659748
1.0,1024,37,fixed,1.0165246428126407,-0.01625601792290865,0.0,0.003997802734375,0.00799560546875,0.04885820735164089,0.04939066392532214,0.04946754342631875,0.05209252873490185,0.2531740333615942,0.2616042911821662,0.06868293463738667,0.07268725064216655
1.0,1024,38,full,0.9984145152451949,0.0015880025085730498,0.0,0.001800537109375,0.0064697265625,0.049216242510911445,0.04924484289222131,0.04997139961869014,0.05214422192401434,0.270575015437317,0.27997483353046015,0.29245441051200816,0.3023615969557377
1.0,1024,38,selected,0.9984145152451949,0.0015880025085730498,0.3,0.00079345703125,0.005584716796875,0.05052460132891974,0.050486324237994665,0.05003827709092508,0.0527318939476739,0.2659196310635864,0.27163337075665084,0.08782261524524124,0.09096807734555362
1.0,1024,38,level,0.9984145152451949,0.0015880025085730498,0,0.001800537109375,0.0064697265625,0.049216242510911445,0.04924484289222131,0.04997139961869014,0.05214422192401434,0.270575015437317,0.27997483353046015,0.29245441051200816,0.3023615969557377
1.0,1024,38,fixed,0.9984145152451949,0.0015880025085730498,0.0,0.000762939453125,0.00543212890625,0.049455079835622494,0.04940149937638245,0.05005358045924004,0.052089105393476894,0.2546302927264539,0.26148018389114097,0.06939992873954226,0.07265292056704563
1.0,1024,39,full,0.9902386881204023,0.009857534346719987,0.0,0.008819580078125,0.011749267578125,0.049174203370776715,0.04924484289222131,0.04992936047855541,0.05210819391417418,0.27208238567838117,0.28152178603570077,0.300177484230417,0.3102949739942652
1.0,1024,39,selected,0.9902386881204023,0.009857534346719987,0.3,0.003143310546875,0.00689697265625,0.0507430036948491,0.050486324237994665,0.05025667945685443,0.0527127822663683,0.2667590017665229,0.2718349466213087,0.08897673677959161,0.0917921299670365
1.0,1024,39,level,0.9902386881204023,0.009857534346719987,0,0.008819580078125,0.011749267578125,0.049174203370776715,0.04924484289222131,0.04992936047855541,0.05210819391417418,0.27208238567838117,0.28152178603570077,0.300177484230417,0.3102949739942652
1.0,1024,39,fixed,0.9902386881204023,0.009857534346719987,0.0,0.0028076171875,0.00701904296875,0.04974323869157371,0.049400794622884076,0.05034244406868964,0.05208786344848977,0.2553302770529785,0.26142272543693834,0.06974921300443485,0.07264084695213105
1.0,1024,40,full,0.9958994972816442,0.004117386071132989,0.0,0.003936767578125,0.008087158203125,0.04918559687825047,0.04924484289222131,0.049940753986029165,0.05213043218176372,0.27097586070863655,0.2804397931488358,0.29475915567629074,0.30478024005753857
1.0,1024,40,selected,0.9958994972816442,0.004117386071132989,0.3,0.001617431640625,0.005462646484375,0.05058781771841357,0.050486324237994665,0.05010149348041891,0.052726711870226615,0.2661699712521265,0.2716931088776062,0.08816901872172293,0.09122244058295688
1.0,1024,40,level,0.9958994972816442,0.004117386071132989,0,0.003936767578125,0.008087158203125,0.04918559687825047,0.04924484289222131,0.049940753986029165,0.05213043218176372,0.27097586070863655,0.2804397931488358,0.29475915567629074,0.30478024005753857
1.0,1024,40,fixed,0.9958994972816442,0.004117386071132989,0.0,0.001312255859375,0.005859375,0.04953942791663633,0.04940210079784549,0.05013732711879085,0.05208815821277392,0.2548425084501865,0.26146139163826576,0.0695059552747657,0.07264993662479408
1.0,1024,41,full,0.9895043133179579,0.010607014583744911,0.0,0.009429931640625,0.0123291015625,0.04917843102439881,0.04924484289222131,0.049933588132177506,0.05210716810801348,0.27224491941663687,0.2816709358561471,0.30091473587097206,0.3110139172579711
1.0,1024,41,selected,0.9895043133179579,0.010607014583744911,0.3,0.003265380859375,0.00701904296875,0.050765708234122464,0.050486324237994665,0.0502793839961278,0.05271065478200235,0.2668388066749736,0.271852727631288,0.08908250159676179,0.09186825577745811
1.0,1024,41,level,0.9895043133179579,0.010607014583744911,0,0.009429931640625,0.0123291015625,0.04917843102439881,0.04924484289222131,0.049933588132177506,0.05210716810801348,0.27224491941663687,0.2816709358561471,0.30091473587097206,0.3110139172579711
1.0,1024,41,fixed,0.9895043133179579,0.010607014583744911,0.0,0.002960205078125,0.00714111328125,0.0497711343379459,0.04940004832525893,0.05037108601268697,0.0520880730393628,0.25539734836984374,0.261415681903872,0.06978061478031453,0.07263930981622765
1.0,1024,42,full,0.9949643968413432,0.00506108879337086,0.0,0.0050048828125,0.008544921875,0.049177393213124906,0.04924484289222131,0.0499325503209036,0.0521269878042633,0.27113824100366013,0.28061646929918727,0.2956307867934305,0.3056812598290498
1.0,1024,42,selected,0.9949643968413432,0.00506108879337086,0.3,0.00189208984375,0.00567626953125,0.05061101441696257,0.050486324237994665,0.05012469017896791,0.05272479691213755,0.26626294036518516,0.27171816409522714,0.08830068613479303,0.09131497380213302
1.0,1024,42,level,0.9949643968413432,0.00506108879337086,0,0.0050048828125,0.008544921875,0.049177393213124906,0.04924484289222131,0.0499325503209036,0.0521269878042633,0.27113824100366013,0.28061646929918727,0.2956307867934305,0.3056812598290498
1.0,1024,42,fixed,0.9949643968413432,0.00506108879337086,0.0,0.00164794921875,0.006134033203125,0.049571872304483316,0.04940094665298629,0.05017092565149703,0.05208721320099059,0.2549244259249931,0.26145531593831894,0.06954468930486005,0.07264742475737344
1.0,1024,43,full,0.9979105746216639,0.0020938002176480452,0.0,0.0023193359375,0.00677490234375,0.04920929032065338,0.04924484289222131,0.04996444742843208,0.05214141165636238,0.27065290956663823,0.2800693771493771,0.29290976301565486,0.3028462515713965
1.0,1024,43,selected,0.9979105746216639,0.0020938002176480452,0.3,0.00091552734375,0.005523681640625,0.050536876479869985,0.050486324237994665,0.050050552241875323,0.05273019545678374,0.2659694287354446,0.27164492172690846,0.08789225842214586,0.09101817720154129
1.0,1024,43,level,0.9979105746216639,0.0020938002176480452,0,0.0023193359375,0.00677490234375,0.04920929032065338,0.04924484289222131,0.04996444742843208,0.05214141165636238,0.27065290956663823,0.2800693771493771,0.29290976301565486,0.3028462515713965
1.0,1024,43,fixed,0.9979105746216639,0.0020938002176480452,0.0,0.000885009765625,0.00537109375,0.04947269225146771,0.049401487220753944,0.050071205030713765,0.052088374073885745,0.25467309766269264,0.2614758958421187,0.06942033036906006,0.07265135821836442
1.0,1024,44,full,0.9856187164399006,0.014591122632132247,0.0,0.012847900390625,0.0150146484375,0.04923191637781447,0.04924484289222131,0.04998707348559317,0.052093467020971604,0.2732042372549263,0.2824547597908239,0.3048803856360234,0.31482172956064014
1.0,1024,44,selected,0.9856187164399006,0.014591122632132247,0.3,0.00433349609375,0.008148193359375,0.050883291608145705,0.050486324237994665,0.05039696737015105,0.052696119676221065,0.2672736763078183,0.27194815801362937,0.089657219704676,0.09226649774721904
1.0,1024,44,level,0.9856187164399006,0.014591122632132247,0,0.012847900390625,0.0150146484375,0.04923191637781447,0.04924484289222131,0.04998707348559317,0.052093467020971604,0.2732042372549263,0.2824547597908239,0.3048803856360234,0.31482172956064014
1.0,1024,44,fixed,0.9856187164399006,0.014591122632132247,0.0,0.00372314453125,0.0079345703125,0.04991380739426064,0.04940405560374141,0.05050975179051923,0.05208740641820303,0.25574538935507407,0.26138577991582235,0.06994983969608419,0.07263317670976208
1.0,1024,45,full,0.9928050741067641,0.007247068010514779,0.0,0.00665283203125,0.009979248046875,0.049169070735288686,0.04924484289222131,0.04992422784306738,0.05211797018343595,0.2715376542075708,0.28103282880992686,0.297681161117322,0.3077719059746052
1.0,1024,45,selected,0.9928050741067641,0.007247068010514779,0.3,0.002532958984375,0.0062255859375,0.05066911944937462,0.050486324237994665,0.05018279521137996,0.05271793297785375,0.26648565219414444,0.27177028762497546,0.08860490950616651,0.09153342712262147
1.0,1024,45,level,0.9928050741067641,0.007247068010514779,0,0.00665283203125,0.009979248046875,0.049169070735288686,0.04924484289222131,0.04992422784306738,0.05211797018343595,0.2715376542075708,0.28103282880992686,0.297681161117322,0.3077719059746052
1.0,1024,45,fixed,0.9928050741067641,0.007247068010514779,0.0,0.00225830078125,0.006561279296875,0.04964812192081371,0.0494011591175704,0.05024696280324331,0.05208702199080795,0.2551084991062995,0.2614395519601174,0.06963677941494703,0.07264276906352736
1.0,1024,46,full,1.0087029537028993,-0.008627865786405398,0.0,0.006927490234375,0.01055908203125,0.04948950519695952,0.04924484289222131,0.050244662304738216,0.05221812701442439,0.2695439913459293,0.2781835693750675,0.28359798064730474,0.2926072189632136
1.0,1024,46,selected,1.0087029537028993,-0.008627865786405398,0.3,0.002716064453125,0.00640869140625,0.05029892643315053,0.050486324237994665,0.04981260219515586,0.05275499333681688,0.2650065242962468,0.2713848422950461,0.08648000425372701,0.08997168912110592
1.0,1024,46,level,1.0087029537028993,-0.008627865786405398,0,0.006927490234375,0.01055908203125,0.04948950519695952,0.04924484289222131,0.050244662304738216,0.05221812701442439,0.2695439913459293,0.2781835693750675,0.28359798064730474,0.2926072189632136
1.0,1024,46,fixed,1.0087029537028993,-0.008627865786405398,0.0,0.00238037109375,0.006866455078125,0.04910864232759789,0.04939525534612173,0.04971338698147616,0.05208990218074962,0.253784623967091,0.2615544503648184,0.0689852098580416,0.07267071384057067
1.0,1024,47,full,0.9933620743850547,0.006682282106506232,0.0,0.006195068359375,0.009613037109375,0.04916756924551207,0.04924484289222131,0.04992272635329076,0.052121541196479534,0.2714354796222154,0.2809213634480191,0.29714163306759533,0.3072315734664194
1.0,1024,47,selected,0.9933620743850547,0.006682282106506232,0.3,0.00238037109375,0.006134033203125,0.05065483411176027,0.050486324237994665,0.0501685098737656,0.052720350811444286,0.26642763867590663,0.2717561209574654,0.08852720662111649,0.09147573566215456
1.0,1024,47,level,0.9933620743850547,0.006682282106506232,0,0.006195068359375,0.009613037109375,0.04916756924551207,0.04924484289222131,0.04992272635329076,0.052121541196479534,0.2714354796222154,0.2809213634480191,0.29714163306759533,0.3072315734664194
1.0,1024,47,fixed,0.9933620743850547,0.006682282106506232,0.0,0.002105712890625,0.0064697265625,0.049628253597394006,0.04940149020743967,0.05022676338995434,0.05208654936371551,0.255058932579187,0.2614437526174882,0.0696132501898859,0.07264414215807358
1.0,1024,48,full,0.9943253805765843,0.005707004502012447,0.0,0.0054931640625,0.009002685546875,0.049173393527551346,0.04924484289222131,0.04992855063533004,0.052125228936296786,0.2712538000706246,0.28073724008434736,0.2962319378810718,0.3063041867573489
1.0,1024,48,selected,0.9943253805765843,0.005707004502012447,0.3,0.0020751953125,0.005859375,0.05062873845146981,0.050486324237994665,0.05014241421347515,0.05272275607967447,0.26632526698182857,0.2717315871942584,0.08838987187603803,0.09137966816270345
1.0,1024,48,level,0.9943253805765843,0.005707004502012447,0,0.0054931640625,0.009002685546875,0.049173393527551346,0.04924484289222131,0.04992855063533004,0.052125228936296786,0.2712538000706246,0.28073724008434736,0.2962319378810718,0.3063041867573489
1.0,1024,48,fixed,0.9943253805765843,0.005707004502012447,0.0,0.0018310546875,0.00628662109375,0.04959484654732278,0.04940072098840567,0.05019412555891711,0.05208642427637293,0.2549786648983683,0.26145056933974764,0.0695728902288335,0.07264495904112395
1.0,1024,49,full,0.9962558577745629,0.003758213511336983,0.0,0.003692626953125,0.00787353515625,0.04919024313562502,0.04924484289222131,0.049945400243403715,0.05213130479801349,0.27091634431295736,0.28037035473558936,0.29442837591485593,0.30443788959942214
1.0,1024,49,selected,0.9962558577745629,0.003758213511336983,0.3,0.001556396484375,0.00543212890625,0.05057839880202024,0.050486324237994665,0.05009207456402558,0.052726943754950045,0.2661341610011696,0.2716849190407726,0.08812027768532231,0.09118752334301344
1.0,1024,49,level,0.9962558577745629,0.003758213511336983,0,0.003692626953125,0.00787353515625,0.04919024313562502,0.04924484289222131,0.049945400243403715,0.05213130479801349,0.27091634431295736,0.28037035473558936,0.29442837591485593,0.30443788959942214
1.0,1024,49,fixed,0.9962558577745629,0.003758213511336983,0.0,0.001251220703125,0.00579833984375,0.049526806821986256,0.04940154291496377,0.05012526390702248,0.05208824036959581,0.254812271174096,0.2614628996780676,0.06949051998038352,0.07265104882280324
1.0,1024,50,full,1.007586522060808,-0.007529400100838357,0.0,0.0062255859375,0.010284423828125,0.04944974498970554,0.04924484289222131,0.05020490209748424,0.05221077209152257,0.2696146746521814,0.27835914863210726,0.2845118393774684,0.2936585791559142
1.0,1024,50,selected,1.007586522060808,-0.007529400100838357,0.3,0.002349853515625,0.00634765625,0.050320279314752574,0.050486324237994665,0.049833955076757905,0.052753815264325286,0.26509877440756435,0.27141355834259734,0.08661826239034356,0.09007942776558645
1.0,1024,50,level,1.007586522060808,-0.007529400100838357,0,0.0062255859375,0.010284423828125,0.04944974498970554,0.04924484289222131,0.05020490209748424,0.05221077209152257,0.2696146746521814,0.27835914863210726,0.2845118393774684,0.2936585791559142
1.0,1024,50,fixed,1.007586522060808,-0.007529400100838357,0.0,0.00213623046875,0.006683349609375,0.049144962239408424,0.04939614521897053,0.049748817020437895,0.05208940148831158,0.2538740936874622,0.2615454395517516,0.06902771924092463,0.07266984398942047
1.0,1024,51,full,0.9974025500191507,0.002604214297225793,0.0,0.002716064453125,0.007110595703125,0.04920090302321496,0.04924484289222131,0.04995606013099366,0.05213685455349421,0.2707324749492689,0.28016184283558904,0.29337380429197124,0.30333578005828554
1.0,1024,51,selected,0.9974025500191507,0.002604214297225793,0.3,0.0010986328125,0.005462646484375,0.050549770627004234,0.050486324237994665,0.05006344638900957,0.05272907432047709,0.26602015848344085,0.2716564085818608,0.08796314711788955,0.091070072505563
1.0,1024,51,level,0.9974025500191507,0.002604214297225793,0,0.002716064453125,0.007110595703125,0.04920090302321496,0.04924484289222131,0.04995606013099366,0.05213685455349421,0.2707324749492689,0.28016184283558904,0.29337380429197124,0.30333578005828554
1.0,1024,51,fixed,0.9974025500191507,0.002604214297225793,0.0,0.001007080078125,0.0054931640625,0.04948885672569734,0.04940139438259077,0.05008746234310658,0.05208867446153351,0.2547146612581834,0.2614726710639013,0.06944061255826314,0.07265008071588497
1.0,1024,52,full,0.9988763051410408,0.001124958969569878,0.0,0.001434326171875,0.006072998046875,0.049224086740694256,0.04924484289222131,0.04997924384847295,0.052143576127998734,0.2705132913602175,0.27988540870925,0.29203480744726823,0.3019140352624464
1.0,1024,52,selected,0.9988763051410408,0.001124958969569878,0.3,0.000640869140625,0.005615234375,0.05051295681651466,0.050486324237994665,0.05002663257852,0.052732661065892535,0.26587696220509616,0.27162228872490707,0.08776080892889117,0.09092480607078227
1.0,1024,52,level,0.9988763051410408,0.001124958969569878,0,0.001434326171875,0.006072998046875,0.049224086740694256,0.04924484289222131,0.04997924384847295,0.052143576127998734,0.2705132913602175,0.27988540870925,0.29203480744726823,0.3019140352624464
1.0,1024,52,fixed,0.9988763051410408,0.001124958969569878,0.0,0.000640869140625,0.005462646484375,0.04943992865636743,0.04940145274941449,0.05003847590695294,0.05208874910279767,0.25459208768304725,0.2614834603540978,0.06937961326150767,0.0726539028663076
1.0,1024,53,full,0.9904175829217091,0.00967512819191163,0.0,0.008575439453125,0.011688232421875,0.04917258433598412,0.04924484289222131,0.049927741443762816,0.0521079396969156,0.2720429232172673,0.28148651297939176,0.3000029955370652,0.31011915533425183
1.0,1024,53,selected,0.9904175829217091,0.00967512819191163,0.3,0.00311279296875,0.0068359375,0.050737861661623265,0.050486324237994665,0.0502515374236286,0.05271360284566019,0.26673893576483004,0.27183028848055046,0.08895059474815073,0.09177423398991155
1.0,1024,53,level,0.9904175829217091,0.00967512819191163,0,0.008575439453125,0.011688232421875,0.04917258433598412,0.04924484289222131,0.049927741443762816,0.0521079396969156,0.2720429232172673,0.28148651297939176,0.3000029955370652,0.31011915533425183
1.0,1024,53,fixed,0.9904175829217091,0.00967512819191163,0.0,0.002777099609375,0.006988525390625,0.04973605550112398,0.04940107998032814,0.05033497552079584,0.05208754511790613,0.2553139638971305,0.2614226805353392,0.06974151994870662,0.07264055542775277
1.0,1024,54,full,0.988233154271179,0.01190695300796607,0.0,0.01055908203125,0.013214111328125,0.04918959241508246,0.04924484289222131,0.049944749522861154,0.052101086272262474,0.272541831782506,0.28192386411319204,0.30218853724433153,0.3122517785050787
1.0,1024,54,selected,0.988233154271179,0.01190695300796607,0.3,0.00360107421875,0.007354736328125,0.05080293538719242,0.050486324237994665,0.05031661114919776,0.052707245931775684,0.26697722522402484,0.2718811555865138,0.08927094446668626,0.09199652834166128
1.0,1024,54,level,0.988233154271179,0.01190695300796607,0,0.01055908203125,0.013214111328125,0.04918959241508246,0.04924484289222131,0.049944749522861154,0.052101086272262474,0.272541831782506,0.28192386411319204,0.30218853724433153,0.3122517785050787
1.0,1024,54,fixed,0.988233154271179,0.01190695300796607,0.0,0.003204345703125,0.007293701171875,0.04981693816508245,0.04940113118282442,0.05041580698225803,0.05208802680854672,0.2555093825950689,0.26140680739253713,0.06983456100065097,0.07263641594928874
1.0,1024,55,full,0.9982074158466893,0.0017958032818161662,0.0,0.002044677734375,0.006591796875,0.04921235238221758,0.04924484289222131,0.04996750948999627,0.052142052903491304,0.2706064293669811,0.280013478113569,0.29264034352381635,0.3025657366893313
1.0,1024,55,selected,0.9982074158466893,0.0017958032818161662,0.3,0.0008544921875,0.00555419921875,0.05053016724084326,0.050486324237994665,0.0500438430028486,0.05273137445821577,0.26593995199336745,0.2716394583176589,0.08785062174211783,0.09098742684609488
1.0,1024,55,level,0.9982074158466893,0.0017958032818161662,0,0.002044677734375,0.006591796875,0.04921235238221758,0.04924484289222131,0.04996750948999627,0.052142052903491304,0.2706064293669811,0.280013478113569,0.29264034352381635,0.3025657366893313
1.0,1024,55,fixed,0.9982074158466893,0.0017958032818161662,0.0,0.00079345703125,0.005401611328125,0.0494627567360247,0.04940122914164491,0.05006152759437979,0.05208860411143042,0.2546477530856499,0.26147922308803245,0.06940836668541908,0.07265203951021697
1.0,1024,56,full,1.0063357959535724,-0.006295906375434868,0.0,0.0054931640625,0.009918212890625,0.049406928859297844,0.04924484289222131,0.05016208596707654,0.0522015924883654,0.2697096074635409,0.2785619320818452,0.2855473431760213,0.2948274832518556
1.0,1024,56,selected,1.0063357959535724,-0.006295906375434868,0.3,0.002105712890625,0.0062255859375,0.050346116294736995,0.050486324237994665,0.04985979205674233,0.05275023336648187,0.2652029511456876,0.271442123550559,0.08677751400579475,0.0901976661643326
1.0,1024,56,level,1.0063357959535724,-0.006295906375434868,0,0.0054931640625,0.009918212890625,0.049406928859297844,0.04924484289222131,0.05016208596707654,0.0522015924883654,0.2697096074635409,0.2785619320818452,0.2855473431760213,0.2948274832518556
1.0,1024,56,fixed,1.0063357959535724,-0.006295906375434868,0.0,0.001861572265625,0.00640869140625,0.04918649786657066,0.04939644003727338,0.04979005782929728,0.05208915665298987,0.2539725904156833,0.2615356625559341,0.06907651412291264,0.07266662847841424
1.0,1024,57,full,1.0047088316778559,-0.0046867625021193016,0.0,0.0042724609375,0.00909423828125,0.0493570031822563,0.04924484289222131,0.050112160290034985,0.05219339536317351,0.26983995819859613,0.2788405539577473,0.2869117502275721,0.29636274236361726
1.0,1024,57,selected,1.0047088316778559,-0.0046867625021193016,0.3,0.001708984375,0.006134033203125,0.05037895416244986,0.050486324237994665,0.0498926299244552,0.05274793465808626,0.26534311619123774,0.27148106509401737,0.08698812976293543,0.09035550124156164
1.0,1024,57,level,1.0047088316778559,-0.0046867625021193016,0,0.0042724609375,0.00909423828125,0.0493570031822563,0.04924484289222131,0.050112160290034985,0.05219339536317351,0.26983995819859613,0.2788405539577473,0.2869117502275721,0.29636274236361726
1.0,1024,57,fixed,1.0047088316778559,-0.0046867625021193016,0.0,0.00140380859375,0.006256103515625,0.04924041041297555,0.049397626770686515,0.04984278364228903,0.05208987954466142,0.254105286180489,0.26152629215667245,0.06914382020689683,0.07266405489971126
1.0,1024,58,full,1.0010818758637148,-0.001080706673249221,0.0,0.001373291015625,0.007171630859375,0.049267723017992204,0.04924484289222131,0.0500228801257709,0.05215795494769144,0.27022271397775743,0.2794904688417116,0.2900701980504403,0.29979731101346974
1.0,1024,58,selected,1.0010818758637148,-0.001080706673249221,0.3,0.0006103515625,0.005767822265625,0.05046026854982796,0.050486324237994665,0.04997394431183329,0.05273926732842637,0.2656711204900266,0.271565073763246,0.08746475006606261,0.09070935128354421
1.0,1024,58,level,1.0010818758637148,-0.001080706673249221,0,0.001373291015625,0.007171630859375,0.049267723017992204,0.04924484289222131,0.0500228801257709,0.05215795494769144,0.27022271397775743,0.2794904688417116,0.2900701980504403,0.29979731101346974
1.0,1024,58,fixed,1.0010818758637148,-0.001080706673249221,0.0,0.0006103515625,0.005767822265625,0.04936451046389914,0.04939989242731102,0.049964618036588124,0.0520897503195889,0.25440690302770647,0.26150002604412786,0.06929212685758881,0.07265669302770467
1.0,1024,59,full,1.007615761358793,-0.007558199911961494,0.0,0.006256103515625,0.010284423828125,0.04945075552987827,0.04924484289222131,0.050205912637656974,0.05221035419953339,0.2696127049992643,0.2783554915416009,0.28448797006150545,0.2936308689042787
1.0,1024,59,selected,1.007615761358793,-0.007558199911961494,0.3,0.00238037109375,0.00634765625,0.050319905616989555,0.050486324237994665,0.04983358137899489,0.05275365907308151,0.26509625630458505,0.27141279814410707,0.08661477246948307,0.09007648994086584
1.0,1024,59,level,1.007615761358793,-0.007558199911961494,0,0.006256103515625,0.010284423828125,0.04945075552987827,0.04924484289222131,0.050205912637656974,0.05221035419953339,0.2696127049992643,0.2783554915416009,0.28448797006150545,0.2936308689042787
1.0,1024,59,fixed,1.007615761358793,-0.007558199911961494,0.0,0.00213623046875,0.006683349609375,0.04914409294714007,0.049396141492403886,0.04974795145473619,0.052089478745314936,0.253871231303824,0.2615455575047041,0.06902626959429492,0.07266986627407582
1.0,1024,60,full,1.0068795316417354,-0.006832527055662951,0.0,0.005828857421875,0.01007080078125,0.04942576790853845,0.04924484289222131,0.05018092501631714,0.052205868387590684,0.26966661761826294,0.27847499107537205,0.28509313799725033,0.2943154218708358
1.0,1024,60,selected,1.0068795316417354,-0.006832527055662951,0.3,0.002227783203125,0.006256103515625,0.05033510773842814,0.050486324237994665,0.04984878350043348,0.05275119071130116,0.26515784621517685,0.27142940476023736,0.08670762349971406,0.09014897371309909
1.0,1024,60,level,1.0068795316417354,-0.006832527055662951,0,0.005828857421875,0.01007080078125,0.04942576790853845,0.04924484289222131,0.05018092501631714,0.052205868387590684,0.26966661761826294,0.27847499107537205,0.28509313799725033,0.2943154218708358
1.0,1024,60,fixed,1.0068795316417354,-0.006832527055662951,0.0,0.00201416015625,0.006500244140625,0.049168350151264494,0.049396323308429246,0.04977202684283524,0.052089390638568524,0.25392957210910877,0.2615402795951699,0.06905476394905391,0.07266828401411665
1.0,1024,61,full,0.9895553190949827,0.010554923715199394,0.0,0.009368896484375,0.01226806640625,0.049178819234234866,0.04924484289222131,0.04993397634201356,0.052106981350582934,0.2722336089979675,0.2816602753359444,0.30086064167360277,0.3109649064800816
1.0,1024,61,selected,0.9895553190949827,0.010554923715199394,0.3,0.00323486328125,0.00701904296875,0.05076393970692783,0.050486324237994665,0.05027761546893317,0.05271122587836746,0.26683321531599363,0.2718517738080948,0.08907497752674166,0.0918626763102306
1.0,1024,61,level,0.9895553190949827,0.010554923715199394,0,0.009368896484375,0.01226806640625,0.049178819234234866,0.04924484289222131,0.04993397634201356,0.052106981350582934,0.2722336089979675,0.2816602753359444,0.30086064167360277,0.3109649064800816
1.0,1024,61,fixed,0.9895553190949827,0.010554923715199394,0.0,0.002960205078125,0.00714111328125,0.049769032823472156,0.04940009535368617,0.05036893746978599,0.052088100684799854,0.25539329623225265,0.26141635509409844,0.06977864004870424,0.07263952728752751
1.0,1024,62,full,1.0049314211274554,-0.004907221551419649,0.0,0.00445556640625,0.009185791015625,0.049364500776900896,0.04924484289222131,0.05011965788467959,0.05219603680030354,0.26982004868627973,0.2788038284474035,0.28672246891191433,0.2961507625343174
1.0,1024,62,selected,1.0049314211274554,-0.004907221551419649,0.3,0.001739501953125,0.00616455078125,0.050374214892418875,0.050486324237994665,0.04988789065442421,0.05274756044423108,0.2653239168342964,0.2714755726294912,0.08695811855043241,0.09033303881242441
1.0,1024,62,level,1.0049314211274554,-0.004907221551419649,0,0.00445556640625,0.009185791015625,0.049364500776900896,0.04924484289222131,0.05011965788467959,0.05219603680030354,0.26982004868627973,0.2788038284474035,0.28672246891191433,0.2961507625343174
1.0,1024,62,fixed,1.0049314211274554,-0.004907221551419649,0.0,0.00152587890625,0.006317138671875,0.04923282501142291,0.049397382061490774,0.04983544294993214,0.05208997545437332,0.2540881764386824,0.26152786628005253,0.06913483575255354,0.07266506050684907
1.0,1024,63,full,1.0001995738992049,-0.00019953407741102325,0.0,0.00042724609375,0.006805419921875,0.049249822118272224,0.04924484289222131,0.05000497922605092,0.05215319420302312,0.2703312444692971,0.27964463650279603,0.290850750714881,0.30064075277828506
1.0,1024,63,selected,1.0001995738992049,-0.00019953407741102325,0.3,0.000274658203125,0.005706787109375,0.0504817200621326,0.050486324237994665,0.049995395824137936,0.05273591654696161,0.26575384433115,0.271588764514966,0.08758416899116357,0.09079546311633062
1.0,1024,63,level,1.0001995738992049,-0.00019953407741102325,0,0.00042724609375,0.006805419921875,0.049249822118272224,0.04924484289222131,0.05000497922605092,0.05215319420302312,0.2703312444692971,0.27964463650279603,0.290850750714881,0.30064075277828506
1.0,1024,63,fixed,1.0001995738992049,-0.00019953407741102325,0.0,0.000244140625,0.00567626953125,0.049394561056488935,0.049401386829128,0.049993174227360944,0.05208974983220631,0.2544838517453841,0.2614926966135698,0.06932614125973774,0.07265561325533
1.0,16384,0,full,1.0011681535136847,-0.001166790523235206,0.0,0.00146484375,0.00714111328125,0.04926881787681102,0.04924484289222131,0.050023974984589714,0.05215849434729088,0.27021302718990137,0.27947506507801495,0.2899894811553705,0.2997199212382388
1.0,16384,0,selected,1.0011681535136847,-0.001166790523235206,0,0.00146484375,0.00714111328125,0.04926881787681102,0.04924484289222131,0.050023974984589714,0.05215849434729088,0.27021302718990137,0.27947506507801495,0.2899894811553705,0.2997199212382388
1.0,16384,0,level,1.0011681535136847,-0.001166790523235206,0,0.00146484375,0.00714111328125,0.04926881787681102,0.04924484289222131,0.050023974984589714,0.05215849434729088,0.27021302718990137,0.27947506507801495,0.2899894811553705,0.2997199212382388
1.0,16384,0,fixed,1.0011681535136847,-0.001166790523235206,0.0,0.0006103515625,0.00579833984375,0.04936098150879827,0.04939978230158627,0.049961199207211995,0.052089723800671284,0.25439902833538564,0.26150042381936023,0.06928874176025143,0.07265680753963091
1.0,16384,1,full,0.9995936881718415,0.0004064769845653071,0.0,0.000732421875,0.00640869140625,0.049237475045008264,0.04924484289222131,0.04999263215278696,0.05214839699644941,0.27041390461540704,0.2797563755413496,0.291393019784185,0.30122436938327957
1.0,16384,1,selected,0.9995936881718415,0.0004064769845653071,0,0.000732421875,0.00640869140625,0.049237475045008264,0.04924484289222131,0.04999263215278696,0.05214839699644941,0.27041390461540704,0.2797563755413496,0.291393019784185,0.30122436938327957
1.0,16384,1,level,0.9995936881718415,0.0004064769845653071,0,0.000732421875,0.00640869140625,0.049237475045008264,0.04924484289222131,0.04999263215278696,0.05214839699644941,0.27041390461540704,0.2797563755413496,0.291393019784185,0.30122436938327957
1.0,16384,1,fixed,0.9995936881718415,0.0004064769845653071,0.0,0.000396728515625,0.005523681640625,0.04941567212397699,0.04940139106506383,0.05001428105891316,0.05208825203711338,0.25453266343500625,0.26148761203867543,0.06935076037675551,0.0726554293224505
1.0,16384,2,full,0.9989671561278208,0.0010339117415858468,0.0,0.00140380859375,0.006011962890625,0.049226440649258615,0.04924484289222131,0.04998159775703731,0.05214419382431576,0.2704995342100752,0.2798703571807229,0.29195602062430526,0.3018264669653891
1.0,16384,2,selected,0.9989671561278208,0.0010339117415858468,0,0.00140380859375,0.006011962890625,0.049226440649258615,0.04924484289222131,0.04998159775703731,0.05214419382431576,0.2704995342100752,0.2798703571807229,0.29195602062430526,0.3018264669653891
1.0,16384,2,level,0.9989671561278208,0.0010339117415858468,0,0.00140380859375,0.006011962890625,0.049226440649258615,0.04924484289222131,0.04998159775703731,0.05214419382431576,0.2704995342100752,0.2798703571807229,0.29195602062430526,0.3018264669653891
1.0,16384,2,fixed,0.9989671561278208,0.0010339117415858468,0.0,0.0006103515625,0.005462646484375,0.0494366497496599,0.049401270512166806,0.0500353792374931,0.05208893343321977,0.254584629798808,0.26148433138729776,0.06937520454689566,0.07265458976475282
1.0,16384,3,full,0.9967815331427201,0.003228858832418968,0.0,0.00323486328125,0.00750732421875,0.0491947463353496,0.04924484289222131,0.0499499034431283,0.052132643966826486,0.27082833535038514,0.2802730893387058,0.29394319141837466,0.3039345987598169
1.0,16384,3,selected,0.9967815331427201,0.003228858832418968,0,0.00323486328125,0.00750732421875,0.0491947463353496,0.04924484289222131,0.0499499034431283,0.052132643966826486,0.27082833535038514,0.2802730893387058,0.29394319141837466,0.3039345987598169
1.0,16384,3,level,0.9967815331427201,0.003228858832418968,0,0.00323486328125,0.00750732421875,0.0491947463353496,0.04924484289222131,0.0499499034431283,0.052132643966826486,0.27082833535038514,0.2802730893387058,0.29394319141837466,0.3039345987598169
1.0,16384,3,fixed,0.9967815331427201,0.003228858832418968,0.0,0.00115966796875,0.005615234375,0.04950943140100131,0.049401380612161136,0.050108050788840175,0.05208860985339066,0.25476885712812364,0.26146671101101265,0.06946744135156485,0.07265050053348579
1.0,16384,4,full,0.997637503057853,0.0023680915511954392,0.0,0.002532958984375,0.00701904296875,0.049204611464548145,0.04924484289222131,0.04995976857232684,0.05213674521840892,0.27069556102888004,0.280119110428355,0.29315985410460244,0.3031079412993749
1.0,16384,4,selected,0.997637503057853,0.0023680915511954392,0,0.002532958984375,0.00701904296875,0.049204611464548145,0.04924484289222131,0.04995976857232684,0.05213674521840892,0.27069556102888004,0.280119110428355,0.29315985410460244,0.3031079412993749
1.0,16384,4,level,0.997637503057853,0.0023680915511954392,0,0.002532958984375,0.00701904296875,0.049204611464548145,0.04924484289222131,0.04995976857232684,0.05213674521840892,0.27069556102888004,0.280119110428355,0.29315985410460244,0.3031079412993749
1.0,16384,4,fixed,0.997637503057853,0.0023680915511954392,0.0,0.0009765625,0.005401611328125,0.04948152819553664,0.049401164316524485,0.05008036387901216,0.05208863142870296,0.2546952429576798,0.2614740157489246,0.06943140246189322,0.07265068452208506
1.0,16384,5,full,0.9992850156063597,0.0007154959620869761,0.0,0.001129150390625,0.006256103515625,0.04923208415048394,0.04924484289222131,0.049987241258262635,0.05214645378544322,0.2704544077707044,0.2798145199631207,0.29166705238954416,0.3015167887309432
1.0,16384,5,selected,0.9992850156063597,0.0007154959620869761,0,0.001129150390625,0.006256103515625,0.04923208415048394,0.04924484289222131,0.049987241258262635,0.05214645378544322,0.2704544077707044,0.2798145199631207,0.29166705238954416,0.3015167887309432
1.0,16384,5,level,0.9992850156063597,0.0007154959620869761,0,0.001129150390625,0.006256103515625,0.04923208415048394,0.04924484289222131,0.049987241258262635,0.05214645378544322,0.2704544077707044,0.2798145199631207,0.29166705238954416,0.3015167887309432
1.0,16384,5,fixed,0.9992850156063597,0.0007154959620869761,0.0,0.00048828125,0.005462646484375,0.0494256417727264,0.04940113578202495,0.050024505990701455,0.05208824152810484,0.25455839416220694,0.2614861609204958,0.06936367849195738,0.0726555572990685
1.0,16384,6,full,1.0004146260842586,-0.00041445424071961945,0.0,0.000701904296875,0.006927490234375,0.049254993442010384,0.04924484289222131,0.05001015054978908,0.05215445860498781,0.2703034177100835,0.2796086114366066,0.2906591666984051,0.30043418492777435
1.0,16384,6,selected,1.0004146260842586,-0.00041445424071961945,0,0.000701904296875,0.006927490234375,0.049254993442010384,0.04924484289222131,0.05001015054978908,0.05215445860498781,0.2703034177100835,0.2796086114366066,0.2906591666984051,0.30043418492777435
1.0,16384,6,level,1.0004146260842586,-0.00041445424071961945,0,0.000701904296875,0.006927490234375,0.049254993442010384,0.04924484289222131,0.05001015054978908,0.05215445860498781,0.2703034177100835,0.2796086114366066,0.2906591666984051,0.30043418492777435
1.0,16384,6,fixed,1.0004146260842586,-0.00041445424071961945,0.0,0.000335693359375,0.005706787109375,0.049386999180269994,0.04940105989996173,0.04998593928030827,0.052090274777204404,0.25446598237072937,0.2614939693509651,0.06931876404492285,0.07265569516466974
1.0,16384,7,full,0.9986803239880455,0.0013214198580429048,0.0,0.0015869140625,0.0062255859375,0.049220819987031914,0.04924484289222131,0.04997597709481061,0.052143565870047925,0.27054003155452455,0.27992552316301456,0.29221078872707434,0.30210275414908794
1.0,16384,7,selected,0.9986803239880455,0.0013214198580429048,0,0.0015869140625,0.0062255859375,0.049220819987031914,0.04924484289222131,0.04997597709481061,0.052143565870047925,0.27054003155452455,0.27992552316301456,0.29221078872707434,0.30210275414908794
1.0,16384,7,level,0.9986803239880455,0.0013214198580429048,0,0.0015869140625,0.0062255859375,0.049220819987031914,0.04924484289222131,0.04997597709481061,0.052143565870047925,0.27054003155452455,0.27992552316301456,0.29221078872707434,0.30210275414908794
1.0,16384,7,fixed,0.9986803239880455,0.0013214198580429048,0.0,0.000732421875,0.005462646484375,0.049446092972092716,0.049401281758866725,0.050044811213226,0.05208910279057347,0.2546086840359165,0.26148229336266016,0.06938782478077286,0.07265382519684258
1.0,16384,8,full,1.0013149425403811,-0.0013132157371436026,0.0,0.001556396484375,0.007232666015625,0.04927147818588653,0.04924484289222131,0.05002663529366522,0.0521603354212673,0.27019577444538745,0.2794505029820613,0.2898601159364749,0.2995793496250511
1.0,16384,8,selected,1.0013149425403811,-0.0013132157371436026,0,0.001556396484375,0.007232666015625,0.04927147818588653,0.04924484289222131,0.05002663529366522,0.0521603354212673,0.27019577444538745,0.2794505029820613,0.2898601159364749,0.2995793496250511
1.0,16384,8,level,1.0013149425403811,-0.0013132157371436026,0,0.001556396484375,0.007232666015625,0.04927147818588653,0.04924484289222131,0.05002663529366522,0.0521603354212673,0.27019577444538745,0.2794505029820613,0.2898601159364749,0.2995793496250511
1.0,16384,8,fixed,1.0013149425403811,-0.0013132157371436026,0.0,0.00067138671875,0.005828857421875,0.04935579416712973,0.04939981424716942,0.04995597991996031,0.05208927953413975,0.2543861036230108,0.2615016723308806,0.06928231294606137,0.07265681111156874
1.0,16384,9,full,1.0002941785996333,-0.0002940920840358574,0.0,0.000579833984375,0.006866455078125,0.04925202744412924,0.04924484289222131,0.05000718455190793,0.052154031595831714,0.27031927027150904,0.27962810683443573,0.2907669473123973,0.30055086826407074
1.0,16384,9,selected,1.0002941785996333,-0.0002940920840358574,0,0.000579833984375,0.006866455078125,0.04925202744412924,0.04924484289222131,0.05000718455190793,0.052154031595831714,0.27031927027150904,0.27962810683443573,0.2907669473123973,0.30055086826407074
1.0,16384,9,level,1.0002941785996333,-0.0002940920840358574,0,0.000579833984375,0.006866455078125,0.04925202744412924,0.04924484289222131,0.05000718455190793,0.052154031595831714,0.27031927027150904,0.27962810683443573,0.2907669473123973,0.30055086826407074
1.0,16384,9,fixed,1.0002941785996333,-0.0002940920840358574,0.0,0.000274658203125,0.005706787109375,0.04939152608383848,0.049401094814812016,0.04999043126902647,0.052090122097139105,0.2544761521080426,0.26149333986591716,0.0693228064376329,0.07265564542975397
1.0,16384,10,full,0.9982250359994806,0.0017781200996849211,0.0,0.00201416015625,0.006591796875,0.04921299506729794,0.04924484289222131,0.049968152175076636,0.05214249173474254,0.2706041597343456,0.28000952818985103,0.29262528700540885,0.30254799961167167
1.0,16384,10,selected,0.9982250359994806,0.0017781200996849211,0,0.00201416015625,0.006591796875,0.04921299506729794,0.04924484289222131,0.049968152175076636,0.05214249173474254,0.2706041597343456,0.28000952818985103,0.29262528700540885,0.30254799961167167
1.0,16384,10,level,0.9982250359994806,0.0017781200996849211,0,0.00201416015625,0.006591796875,0.04921299506729794,0.04924484289222131,0.049968152175076636,0.05214249173474254,0.2706041597343456,0.28000952818985103,0.29262528700540885,0.30254799961167167
1.0,16384,10,fixed,0.9982250359994806,0.0017781200996849211,0.0,0.00079345703125,0.005401611328125,0.04946211470167222,0.04940120457152844,0.050060910130143785,0.052088732446658965,0.25464617392739874,0.26147959752541416,0.06940764992607201,0.07265238943966386
1.0,16384,11,full,1.0000612060705294,-6.120232457562658e-05,0.0,0.000274658203125,0.0067138671875,0.049246124914292144,0.04924484289222131,0.05000128202207084,0.05215279825756715,0.2703507820032631,0.2796705063249344,0.2909760843996584,0.3007721527802715
1.0,16384,11,selected,1.0000612060705294,-6.120232457562658e-05,0,0.000274658203125,0.0067138671875,0.049246124914292144,0.04924484289222131,0.05000128202207084,0.05215279825756715,0.2703507820032631,0.2796705063249344,0.2909760843996584,0.3007721527802715
1.0,16384,11,level,1.0000612060705294,-6.120232457562658e-05,0,0.000274658203125,0.0067138671875,0.049246124914292144,0.04924484289222131,0.05000128202207084,0.05215279825756715,0.2703507820032631,0.2796705063249344,0.2909760843996584,0.3007721527802715
1.0,16384,11,fixed,1.0000612060705294,-6.120232457562658e-05,0.0,0.000152587890625,0.005645751953125,0.04939971808025294,0.04940186623141928,0.04999785184883366,0.052089328582146044,0.2544947667552384,0.2614903496828819,0.06933160887317544,0.07265518035223673
1.0,16384,12,full,0.9967278589729194,0.003282883083505217,0.0,0.003265380859375,0.007537841796875,0.049194403569134695,0.04924484289222131,0.04994956067691339,0.052132188902979756,0.27083769091975435,0.2802835544631306,0.2939947034363543,0.3039876758327412
1.0,16384,12,selected,0.9967278589729194,0.003282883083505217,0,0.003265380859375,0.007537841796875,0.049194403569134695,0.04924484289222131,0.04994956067691339,0.052132188902979756,0.27083769091975435,0.2802835544631306,0.2939947034363543,0.3039876758327412
1.0,16384,12,level,0.9967278589729194,0.003282883083505217,0,0.003265380859375,0.007537841796875,0.049194403569134695,0.04924484289222131,0.04994956067691339,0.052132188902979756,0.27083769091975435,0.2802835544631306,0.2939947034363543,0.3039876758327412
1.0,16384,12,fixed,0.9967278589729194,0.003282883083505217,0.0,0.00115966796875,0.005615234375,0.04951068780507596,0.049401516303565346,0.05010917150151062,0.05208851869548946,0.2547732416413111,0.2614660991428812,0.06946996518691496,0.07265029575706927
1.0,16384,13,full,0.9981994561740067,0.0018037916318793812,0.0,0.002044677734375,0.006591796875,0.04921228494534572,0.04924484289222131,0.04996744205312442,0.05214197058694026,0.27060784779437136,0.28001542964515524,0.29264702424655015,0.30257326789654837
1.0,16384,13,selected,0.9981994561740067,0.0018037916318793812,0,0.002044677734375,0.006591796875,0.04921228494534572,0.04924484289222131,0.04996744205312442,0.05214197058694026,0.27060784779437136,0.28001542964515524,0.29264702424655015,0.30257326789654837
1.0,16384,13,level,0.9981994561740067,0.0018037916318793812,0,0.002044677734375,0.006591796875,0.04921228494534572,0.04924484289222131,0.04996744205312442,0.05214197058694026,0.27060784779437136,0.28001542964515524,0.29264702424655015,0.30257326789654837
1.0,16384,13,fixed,0.9981994561740067,0.0018037916318793812,0.0,0.00079345703125,0.005401611328125,0.049462925288395465,0.04940118947760208,0.05006173581079339,0.05208864472407092,0.2546482018358932,0.2614790595437612,0.0694086507784939,0.0726518947122803
1.0,16384,14,full,1.0007474350892005,-0.0007468768472375098,0.0,0.001068115234375,0.007080078125,0.04926148973249286,0.04924484289222131,0.050016646840271545,0.05215541810547555,0.27026272228950127,0.27955041073171893,0.29036554443515494,0.30011830276302087
1.0,16384,14,selected,1.0007474350892005,-0.0007468768472375098,0,0.001068115234375,0.007080078125,0.04926148973249286,0.04924484289222131,0.050016646840271545,0.05215541810547555,0.27026272228950127,0.27955041073171893,0.29036554443515494,0.30011830276302087
1.0,16384,14,level,1.0007474350892005,-0.0007468768472375098,0,0.001068115234375,0.007080078125,0.04926148973249286,0.04924484289222131,0.050016646840271545,0.05215541810547555,0.27026272228950127,0.27955041073171893,0.29036554443515494,0.30011830276302087
1.0,16384,14,fixed,1.0007474350892005,-0.0007468768472375098,0.0,0.00048828125,0.0057373046875,0.04937528208855409,0.0494002631177666,0.04997501897078749,0.05209002653067497,0.25443652132465283,0.2614966957553645,0.0693061806543761,0.07265665137316295
1.0,16384,15,full,1.00277696711805,-0.002769276927082731,0.0,0.0028076171875,0.008056640625,0.04930250851536696,0.04924484289222131,0.05005766562314565,0.052176472142828514,0.2700281527060061,0.27918616268749513,0.28858071705156074,0.29818931895601236
1.0,16384,15,selected,1.00277696711805,-0.002769276927082731,0,0.0028076171875,0.008056640625,0.04930250851536696,0.04924484289222131,0.05005766562314565,0.052176472142828514,0.2700281527060061,0.27918616268749513,0.28858071705156074,0.29818931895601236
1.0,16384,15,level,1.00277696711805,-0.002769276927082731,0,0.0028076171875,0.008056640625,0.04930250851536696,0.04924484289222131,0.05005766562314565,0.052176472142828514,0.2700281527060061,0.27918616268749513,0.28858071705156074,0.29818931895601236
1.0,16384,15,fixed,1.00277696711805,-0.002769276927082731,0.0,0.001007080078125,0.005828857421875,0.04930524706703121,0.04939977163428867,0.04990547543274254,0.05209067597738519,0.2542646414700235,0.26151361290433767,0.06922316173772232,0.07266064828389526
1.0,16384,16,full,1.0001468175447443,-0.0001467959925171014,0.0,0.000396728515625,0.0067138671875,0.04924826270177929,0.04924484289222131,0.050003419809557983,0.05215348517545105,0.2703389634637363,0.2796542680294133,0.29089719405266556,0.3006907453043398
1.0,16384,16,selected,1.0001468175447443,-0.0001467959925171014,0,0.000396728515625,0.0067138671875,0.04924826270177929,0.04924484289222131,0.050003419809557983,0.05215348517545105,0.2703389634637363,0.2796542680294133,0.29089719405266556,0.3006907453043398
1.0,16384,16,level,1.0001468175447443,-0.0001467959925171014,0,0.000396728515625,0.0067138671875,0.04924826270177929,0.04924484289222131,0.050003419809557983,0.05215348517545105,0.2703389634637363,0.2796542680294133,0.29089719405266556,0.3006907453043398
1.0,16384,16,fixed,1.0001468175447443,-0.0001467959925171014,0.0,0.000213623046875,0.005645751953125,0.04939640527908881,0.049401633848281376,0.04999477143080744,0.05208976529202616,0.25448748383192554,0.2614916817472526,0.06932837012269294,0.07265503671910663
1.0,16384,17,full,0.9983494024362367,0.0016533265405231923,0.0,0.001922607421875,0.006500244140625,0.049214622878842304,0.04924484289222131,0.049969779986621,0.0521442913245853,0.27058533022686354,0.2799870003717023,0.29251156512201903,0.30242434281534075
1.0,16384,17,selected,0.9983494024362367,0.0016533265405231923,0,0.001922607421875,0.006500244140625,0.049214622878842304,0.04924484289222131,0.049969779986621,0.0521442913245853,0.27058533022686354,0.2799870003717023,0.29251156512201903,0.30242434281534075
1.0,16384,17,level,0.9983494024362367,0.0016533265405231923,0,0.001922607421875,0.006500244140625,0.049214622878842304,0.04924484289222131,0.049969779986621,0.0521442913245853,0.27058533022686354,0.2799870003717023,0.29251156512201903,0.30242434281534075
1.0,16384,17,fixed,0.9983494024362367,0.0016533265405231923,0.0,0.00079345703125,0.005401611328125,0.049457613307555985,0.04940144716459044,0.05005616614296554,0.0520891236331648,0.25463638129671273,0.2614795738223833,0.06940251811819187,0.07265269488835716
1.0,16384,18,full,1.0027305937905806,-0.0027231579523850913,0.0,0.002777099609375,0.008026123046875,0.0493015039756715,0.04924484289222131,0.050056661083450193,0.05217561775481398,0.27003467869768616,0.27919558389348287,0.2886211174960055,0.2982334152719678
1.0,16384,18,selected,1.0027305937905806,-0.0027231579523850913,0,0.002777099609375,0.008026123046875,0.0493015039756715,0.04924484289222131,0.050056661083450193,0.05217561775481398,0.27003467869768616,0.27919558389348287,0.2886211174960055,0.2982334152719678
1.0,16384,18,level,1.0027305937905806,-0.0027231579523850913,0,0.002777099609375,0.008026123046875,0.0493015039756715,0.04924484289222131,0.050056661083450193,0.05217561775481398,0.27003467869768616,0.27919558389348287,0.2886211174960055,0.2982334152719678
1.0,16384,18,fixed,1.0027305937905806,-0.0027231579523850913,0.0,0.001007080078125,0.005828857421875,0.049307098543990985,0.049399751836264515,0.04990734670772647,0.052090272123911686,0.25426871585267663,0.26151344492534023,0.0692253720041541,0.07266065094599009
1.0,16384,19,full,0.9987861326491555,0.0012153426155656621,0.0,0.00152587890625,0.006134033203125,0.0492226578456691,0.04924484289222131,0.0499778149534478,0.05214361042227311,0.2705262703052546,0.27990298319276674,0.2921145416084363,0.3020004113705491
1.0,16384,19,selected,0.9987861326491555,0.0012153426155656621,0,0.00152587890625,0.006134033203125,0.0492226578456691,0.04924484289222131,0.0499778149534478,0.05214361042227311,0.2705262703052546,0.27990298319276674,0.2921145416084363,0.3020004113705491
1.0,16384,19,level,0.9987861326491555,0.0012153426155656621,0,0.00152587890625,0.006134033203125,0.0492226578456691,0.04924484289222131,0.0499778149534478,0.05214361042227311,0.2705262703052546,0.27990298319276674,0.2921145416084363,0.3020004113705491
1.0,16384,19,fixed,0.9987861326491555,0.0012153426155656621,0.0,0.00067138671875,0.005462646484375,0.04944273486883802,0.04940155798856925,0.05004117688026877,0.0520889035903304,0.25459967005199324,0.26148294559708024,0.06938321936409875,0.07265392766392298
1.0,16384,20,full,1.0027424452350524,-0.0027349447987210507,0.0,0.002777099609375,0.008056640625,0.04930176271231315,0.04924484289222131,0.05005691982009185,0.052175903014594155,0.2700325260454997,0.2791931193308578,0.288611248225909,0.2982219253836831
1.0,16384,20,selected,1.0027424452350524,-0.0027349447987210507,0,0.002777099609375,0.008056640625,0.04930176271231315,0.04924484289222131,0.05005691982009185,0.052175903014594155,0.2700325260454997,0.2791931193308578,0.288611248225909,0.2982219253836831
1.0,16384,20,level,1.0027424452350524,-0.0027349447987210507,0,0.002777099609375,0.008056640625,0.04930176271231315,0.04924484289222131,0.05005691982009185,0.052175903014594155,0.2700325260454997,0.2791931193308578,0.288611248225909,0.2982219253836831
1.0,16384,20,fixed,1.0027424452350524,-0.0027349447987210507,0.0,0.001007080078125,0.005828857421875,0.04930646784285529,0.04939971981971602,0.049906748023139276,0.05209039301153437,0.25426755862842926,0.261513493151107,0.06922482788582529,0.07266091179328851
1.0,16384,21,full,0.9983516581870586,0.0016510633296635824,0.0,0.001922607421875,0.006500244140625,0.04921472237930062,0.04924484289222131,0.049969879487079316,0.05214433594437559,0.27058480108279337,0.2799864493622729,0.29250922486841135,0.3024225554528498
1.0,16384,21,selected,0.9983516581870586,0.0016510633296635824,0,0.001922607421875,0.006500244140625,0.04921472237930062,0.04924484289222131,0.049969879487079316,0.05214433594437559,0.27058480108279337,0.2799864493622729,0.29250922486841135,0.3024225554528498
1.0,16384,21,level,0.9983516581870586,0.0016510633296635824,0,0.001922607421875,0.006500244140625,0.04921472237930062,0.04924484289222131,0.049969879487079316,0.05214433594437559,0.27058480108279337,0.2799864493622729,0.29250922486841135,0.3024225554528498
1.0,16384,21,fixed,0.9983516581870586,0.0016510633296635824,0.0,0.00079345703125,0.005401611328125,0.049457432570759324,0.04940147795425877,0.05005595461650056,0.05208910546310841,0.254636244274977,0.2614795550936799,0.06940246022431898,0.072652660088661
1.0,16384,22,full,0.9979674090189468,0.002036730821752375,0.0,0.002288818359375,0.0067138671875,0.04920986329187098,0.04924484289222131,0.04996502039964967,0.052142061898165226,0.270644355438526,0.28005937994649943,0.29285768329273987,0.30279151914592073
1.0,16384,22,selected,0.9979674090189468,0.002036730821752375,0,0.002288818359375,0.0067138671875,0.04920986329187098,0.04924484289222131,0.04996502039964967,0.052142061898165226,0.270644355438526,0.28005937994649943,0.29285768329273987,0.30279151914592073
1.0,16384,22,level,0.9979674090189468,0.002036730821752375,0,0.002288818359375,0.0067138671875,0.04920986329187098,0.04924484289222131,0.04996502039964967,0.052142061898165226,0.270644355438526,0.28005937994649943,0.29285768329273987,0.30279151914592073
1.0,16384,22,fixed,0.9979674090189468,0.002036730821752375,0.0,0.000885009765625,0.005401611328125,0.04947078919591896,0.049401209063036605,0.05006958013288236,0.05208816615871911,0.25466809708557825,0.2614762629641935,0.06941775665818312,0.07265206093506026
1.0,16384,23,full,1.0008261758065835,-0.0008254938035745507,0.0,0.001129150390625,0.007110595703125,0.049262505560367854,0.04924484289222131,0.050017662668146556,0.05215568258397786,0.2702533143011504,0.27953504195132317,0.2902944842290179,0.30004151416174635
1.0,16384,23,selected,1.0008261758065835,-0.0008254938035745507,0,0.001129150390625,0.007110595703125,0.049262505560367854,0.04924484289222131,0.050017662668146556,0.05215568258397786,0.2702533143011504,0.27953504195132317,0.2902944842290179,0.30004151416174635
1.0,16384,23,level,1.0008261758065835,-0.0008254938035745507,0,0.001129150390625,0.007110595703125,0.049262505560367854,0.04924484289222131,0.050017662668146556,0.05215568258397786,0.2702533143011504,0.27953504195132317,0.2902944842290179,0.30004151416174635
1.0,16384,23,fixed,1.0008261758065835,-0.0008254938035745507,0.0,0.000518798828125,0.0057373046875,0.04937254566285501,0.049400196265646096,0.04997234939720892,0.05208987345763387,0.254429333870023,0.2614974309207332,0.06930300265106161,0.07265679993547011
1.0,16384,24,full,0.9952874091123423,0.004734904555721009,0.0,0.004638671875,0.0084228515625,0.04918013270227648,0.04924484289222131,0.04993528981005518,0.05212876710470376,0.27108118112536994,0.2805561766630241,0.29532716751687266,0.3053705969502788
1.0,16384,24,selected,0.9952874091123423,0.004734904555721009,0,0.004638671875,0.0084228515625,0.04918013270227648,0.04924484289222131,0.04993528981005518,0.05212876710470376,0.27108118112536994,0.2805561766630241,0.29532716751687266,0.3053705969502788
1.0,16384,24,level,0.9952874091123423,0.004734904555721009,0,0.004638671875,0.0084228515625,0.04918013270227648,0.04924484289222131,0.04993528981005518,0.05212876710470376,0.27108118112536994,0.2805561766630241,0.29532716751687266,0.3053705969502788
1.0,16384,24,fixed,0.9952874091123423,0.004734904555721009,0.0,0.00152587890625,0.006011962890625,0.049560321137857154,0.04940118683556104,0.05015913430229611,0.05208712731984402,0.2548968090113971,0.26145814987113203,0.0695312492601583,0.0726476928238789
1.0,16384,25,full,1.005375223463895,-0.0053464849127426994,0.0,0.0048828125,0.0093994140625,0.04937717170903809,0.04924484289222131,0.050132328816816785,0.052198435054112924,0.2697852287606656,0.2787255143397105,0.2863486453160179,0.29573303752157737
1.0,16384,25,selected,1.005375223463895,-0.0053464849127426994,0,0.0048828125,0.0093994140625,0.04937717170903809,0.04924484289222131,0.050132328816816785,0.052198435054112924,0.2697852287606656,0.2787255143397105,0.2863486453160179,0.29573303752157737
1.0,16384,25,level,1.005375223463895,-0.0053464849127426994,0,0.0048828125,0.0093994140625,0.04937717170903809,0.04924484289222131,0.050132328816816785,0.052198435054112924,0.2697852287606656,0.2787255143397105,0.2863486453160179,0.29573303752157737
1.0,16384,25,fixed,1.005375223463895,-0.0053464849127426994,0.0,0.001617431640625,0.006317138671875,0.04921900774885603,0.04939693651078192,0.04982207123807411,0.05208960017331131,0.2540515994401575,0.2615299543605676,0.06911605271264762,0.07266595373329487
1.0,16384,26,full,0.998904103755018,0.001097098551164466,0.0,0.001434326171875,0.00604248046875,0.0492246675094957,0.04924484289222131,0.049979824617274404,0.05214405609105825,0.27050885470533015,0.27988089472135713,0.29201067553919297,0.30188834482778554
1.0,16384,26,selected,0.998904103755018,0.001097098551164466,0,0.001434326171875,0.00604248046875,0.0492246675094957,0.04924484289222131,0.049979824617274404,0.05214405609105825,0.27050885470533015,0.27988089472135713,0.29201067553919297,0.30188834482778554
1.0,16384,26,level,0.998904103755018,0.001097098551164466,0,0.001434326171875,0.00604248046875,0.0492246675094957,0.04924484289222131,0.049979824617274404,0.05214405609105825,0.27050885470533015,0.27988089472135713,0.29201067553919297,0.30188834482778554
1.0,16384,26,fixed,0.998904103755018,0.001097098551164466,0.0,0.000640869140625,0.005462646484375,0.049438865597606525,0.04940156767164103,0.05003729792596551,0.052088904782512435,0.25458992976889216,0.26148368363779095,0.06937830133487677,0.07265395739786155
1.0,16384,27,full,1.0025439085794838,-0.002537453529679601,0.0,0.002655029296875,0.0079345703125,0.04929782505380882,0.04924484289222131,0.05005298216158752,0.05217411483113936,0.27005294454040474,0.27922947002705795,0.28878220866103654,0.2984125937891574
1.0,16384,27,selected,1.0025439085794838,-0.002537453529679601,0,0.002655029296875,0.0079345703125,0.04929782505380882,0.04924484289222131,0.05005298216158752,0.05217411483113936,0.27005294454040474,0.27922947002705795,0.28878220866103654,0.2984125937891574
1.0,16384,27,level,1.0025439085794838,-0.002537453529679601,0,0.002655029296875,0.0079345703125,0.04929782505380882,0.04924484289222131,0.05005298216158752,0.05217411483113936,0.27005294454040474,0.27922947002705795,0.28878220866103654,0.2984125937891574
1.0,16384,27,fixed,1.0025439085794838,-0.002537453529679601,0.0,0.0009765625,0.005828857421875,0.04931332360646115,0.04940023684773038,0.049913086758730775,0.05209021640705455,0.25428460503217565,0.2615116409902547,0.06923352505998367,0.07266024114405685
1.0,16384,28,full,0.9983303322906135,0.0016724601621143087,0.0,0.001922607421875,0.006500244140625,0.0492140207134315,0.04924484289222131,0.04996917782121019,0.05214353098736503,0.270587757202451,0.2799908105646597,0.29252874556197445,0.30244295982178704
1.0,16384,28,selected,0.9983303322906135,0.0016724601621143087,0,0.001922607421875,0.006500244140625,0.0492140207134315,0.04924484289222131,0.04996917782121019,0.05214353098736503,0.270587757202451,0.2799908105646597,0.29252874556197445,0.30244295982178704
1.0,16384,28,level,0.9983303322906135,0.0016724601621143087,0,0.001922607421875,0.006500244140625,0.0492140207134315,0.04924484289222131,0.04996917782121019,0.05214353098736503,0.270587757202451,0.2799908105646597,0.29252874556197445,0.30244295982178704
1.0,16384,28,fixed,0.9983303322906135,0.0016724601621143087,0.0,0.00079345703125,0.005401611328125,0.04945829025734527,0.04940140045733171,0.05005688980001356,0.052089131152212254,0.2546377947715078,0.261479814505089,0.06940327048789749,0.07265252472776348
1.0,16384,29,full,1.000794000786151,-0.0007933708490732716,0.0,0.001129150390625,0.007080078125,0.049262335611061144,0.04924484289222131,0.050017492718839845,0.05215549344587257,0.27025755373912563,0.2795423979191615,0.2903232093309842,0.30007464298696307
1.0,16384,29,selected,1.000794000786151,-0.0007933708490732716,0,0.001129150390625,0.007080078125,0.049262335611061144,0.04924484289222131,0.050017492718839845,0.05215549344587257,0.27025755373912563,0.2795423979191615,0.2903232093309842,0.30007464298696307
1.0,16384,29,level,1.000794000786151,-0.0007933708490732716,0,0.001129150390625,0.007080078125,0.049262335611061144,0.04924484289222131,0.050017492718839845,0.05215549344587257,0.27025755373912563,0.2795423979191615,0.2903232093309842,0.30007464298696307
1.0,16384,29,fixed,1.000794000786151,-0.0007933708490732716,0.0,0.000518798828125,0.0057373046875,0.04937350837283522,0.04940036314248965,0.04997314523034557,0.052089876782616895,0.25443218732736644,0.261497168871164,0.0693040881586291,0.07265681132329407
1.0,16384,30,full,1.0044773198377162,-0.00445736279883302,0.0,0.003997802734375,0.00897216796875,0.04934859689721352,0.04924484289222131,0.050103754004992215,0.052192368060987704,0.2698623659033776,0.2788828095098876,0.2871065547926964,0.29657852216462405
1.0,16384,30,selected,1.0044773198377162,-0.00445736279883302,0,0.003997802734375,0.00897216796875,0.04934859689721352,0.04924484289222131,0.050103754004992215,0.052192368060987704,0.2698623659033776,0.2788828095098876,0.2871065547926964,0.29657852216462405
1.0,16384,30,level,1.0044773198377162,-0.00445736279883302,0,0.003997802734375,0.00897216796875,0.04934859689721352,0.04924484289222131,0.050103754004992215,0.052192368060987704,0.2698623659033776,0.2788828095098876,0.2871065547926964,0.29657852216462405
1.0,16384,30,fixed,1.0044773198377162,-0.00445736279883302,0.0,0.001373291015625,0.006195068359375,0.049248551278684945,0.049397840908609617,0.04985071037007534,0.0520903409692994,0.2541255962981827,0.2615263415624422,0.06915267434841202,0.07266353614287416
1.0,16384,31,full,0.9984887035878105,0.001513583886086023,0.0,0.001739501953125,0.00640869140625,0.04921688195289389,0.04924484289222131,0.04997203906067259,0.0521431017645842,0.27056581347953285,0.2799606649816635,0.29238496684857807,0.30228970597665844
1.0,16384,31,selected,0.9984887035878105,0.001513583886086023,0,0.001739501953125,0.00640869140625,0.04921688195289389,0.04924484289222131,0.04997203906067259,0.0521431017645842,0.27056581347953285,0.2799606649816635,0.29238496684857807,0.30228970597665844
1.0,16384,31,level,0.9984887035878105,0.001513583886086023,0,0.001739501953125,0.00640869140625,0.04921688195289389,0.04924484289222131,0.04997203906067259,0.0521431017645842,0.27056581347953285,0.2799606649816635,0.29238496684857807,0.30228970597665844
1.0,16384,31,fixed,0.9984887035878105,0.001513583886086023,0.0,0.000762939453125,0.00543212890625,0.04945246373966182,0.04940135276845456,0.05005111097120726,0.05208912557608678,0.2546243349336539,0.2614806053018193,0.06939647782341762,0.07265340415099028
1.0,16384,32,full,0.9981101304607829,0.001893447908744017,0.0,0.002166748046875,0.00665283203125,0.04921144539475689,0.04924484289222131,0.049966602502535595,0.05214164148195713,0.2706219859215926,0.28003099081968397,0.29272914966008046,0.302659361833462
1.0,16384,32,selected,0.9981101304607829,0.001893447908744017,0,0.002166748046875,0.00665283203125,0.04921144539475689,0.04924484289222131,0.049966602502535595,0.05214164148195713,0.2706219859215926,0.28003099081968397,0.29272914966008046,0.302659361833462
1.0,16384,32,level,0.9981101304607829,0.001893447908744017,0,0.002166748046875,0.00665283203125,0.04921144539475689,0.04924484289222131,0.049966602502535595,0.05214164148195713,0.2706219859215926,0.28003099081968397,0.29272914966008046,0.302659361833462
1.0,16384,32,fixed,0.9981101304607829,0.001893447908744017,0.0,0.000823974609375,0.005401611328125,0.04946577350427202,0.04940118856400689,0.05006458494026513,0.05208850218303002,0.2546557874313021,0.2614780936457129,0.06941226206350834,0.07265195946607741
1.0,16384,33,full,1.0005149359196417,-0.0005146708971099923,0.0,0.0008544921875,0.0069580078125,0.049256582632638865,0.04924484289222131,0.05001173974041756,0.052155473869855765,0.2702897137419317,0.2795883116732871,0.29057087693625927,0.30033805720484635
1.0,16384,33,selected,1.0005149359196417,-0.0005146708971099923,0,0.0008544921875,0.0069580078125,0.049256582632638865,0.04924484289222131,0.05001173974041756,0.052155473869855765,0.2702897137419317,0.2795883116732871,0.29057087693625927,0.30033805720484635
1.0,16384,33,level,1.0005149359196417,-0.0005146708971099923,0,0.0008544921875,0.0069580078125,0.049256582632638865,0.04924484289222131,0.05001173974041756,0.052155473869855765,0.2702897137419317,0.2795883116732871,0.29057087693625927,0.30033805720484635
1.0,16384,33,fixed,1.0005149359196417,-0.0005146708971099923,0.0,0.0003662109375,0.005706787109375,0.049383124788823896,0.04940100638988168,0.04998211839894222,0.052090090346459034,0.2544570524768104,0.2614945157395771,0.0693145462088445,0.07265578632476617
1.0,16384,34,full,0.9984277237732204,0.0015747521721829472,0.0,0.00177001953125,0.0064697265625,0.04921639707644699,0.04924484289222131,0.04997155418422569,0.05214413492372669,0.2705725464719869,0.27997243256744153,0.29244245453695594,0.302348172109999
1.0,16384,34,selected,0.9984277237732204,0.0015747521721829472,0,0.00177001953125,0.0064697265625,0.04921639707644699,0.04924484289222131,0.04997155418422569,0.05214413492372669,0.2705725464719869,0.27997243256744153,0.29244245453695594,0.302348172109999
1.0,16384,34,level,0.9984277237732204,0.0015747521721829472,0,0.00177001953125,0.0064697265625,0.04921639707644699,0.04924484289222131,0.04997155418422569,0.05214413492372669,0.2705725464719869,0.27997243256744153,0.29244245453695594,0.302348172109999
1.0,16384,34,fixed,0.9984277237732204,0.0015747521721829472,0.0,0.000762939453125,0.00543212890625,0.04945484000165162,0.049401418755794006,0.05005342124585762,0.052089099115522244,0.2546294699185721,0.2614800906555564,0.06939931743916906,0.07265314503193401
1.0,16384,35,full,0.9989287765274324,0.0010723722228640487,0.0,0.001434326171875,0.00604248046875,0.04922510268726624,0.04924484289222131,0.04998025979504493,0.05214471724801246,0.2705047952932302,0.2798759684588399,0.2919898960781837,0.3018651410905109
1.0,16384,35,selected,0.9989287765274324,0.0010723722228640487,0,0.001434326171875,0.00604248046875,0.04922510268726624,0.04924484289222131,0.04998025979504493,0.05214471724801246,0.2705047952932302,0.2798759684588399,0.2919898960781837,0.3018651410905109
1.0,16384,35,level,0.9989287765274324,0.0010723722228640487,0,0.001434326171875,0.00604248046875,0.04922510268726624,0.04924484289222131,0.04998025979504493,0.05214471724801246,0.2705047952932302,0.2798759684588399,0.2919898960781837,0.3018651410905109
1.0,16384,35,fixed,0.9989287765274324,0.0010723722228640487,0.0,0.0006103515625,0.005462646484375,0.04943797727864096,0.049401483526907784,0.05003649375173317,0.05208898660190861,0.25458776568960645,0.26148382578685736,0.0693771012866799,0.07265429113967747
1.0,16384,36,full,1.0009235286553118,-0.0009226765370902168,0.0,0.001190185546875,0.007171630859375,0.04926455676418268,0.04924484289222131,0.050019713871961385,0.052157183807536533,0.2702418492584849,0.2795182751922023,0.2902080155283408,0.29994759603982407
1.0,16384,36,selected,1.0009235286553118,-0.0009226765370902168,0,0.001190185546875,0.007171630859375,0.04926455676418268,0.04924484289222131,0.050019713871961385,0.052157183807536533,0.2702418492584849,0.2795182751922023,0.2902080155283408,0.29994759603982407
1.0,16384,36,level,1.0009235286553118,-0.0009226765370902168,0,0.001190185546875,0.007171630859375,0.04926455676418268,0.04924484289222131,0.050019713871961385,0.052157183807536533,0.2702418492584849,0.2795182751922023,0.2902080155283408,0.29994759603982407
1.0,16384,36,fixed,1.0009235286553118,-0.0009226765370902168,0.0,0.00054931640625,0.0057373046875,0.04936906166730659,0.049400073044801374,0.04996898862250522,0.05209006724193878,0.2544204895384793,0.261498636703748,0.06929907422083578,0.07265641597825824
1.0,16384,37,full,0.9987337314954259,0.0012678739734544031,0.0,0.001556396484375,0.006195068359375,0.04922209893469057,0.04924484289222131,0.04997725604246926,0.05214403870780064,0.2705328212952325,0.279913330957408,0.29216189939293047,0.3020490492585765
1.0,16384,37,selected,0.9987337314954259,0.0012678739734544031,0,0.001556396484375,0.006195068359375,0.04922209893469057,0.04924484289222131,0.04997725604246926,0.05214403870780064,0.2705328212952325,0.279913330957408,0.29216189939293047,0.3020490492585765
1.0,16384,37,level,0.9987337314954259,0.0012678739734544031,0,0.001556396484375,0.006195068359375,0.04922209893469057,0.04924484289222131,0.04997725604246926,0.05214403870780064,0.2705328212952325,0.279913330957408,0.29216189939293047,0.3020490492585765
1.0,16384,37,fixed,0.9987337314954259,0.0012678739734544031,0.0,0.000701904296875,0.005462646484375,0.049444355660658815,0.049401302594987054,0.050043053065671764,0.052089203303393186,0.25460433129485227,0.26148252374788034,0.06938589920508484,0.07265416221981655
1.0,16384,38,full,1.0005012990367268,-0.0005010478619162928,0.0,0.0008544921875,0.0069580078125,0.049256396308735045,0.04924484289222131,0.05001155341651374,0.05215570904096178,0.2702922159188468,0.27959156133184765,0.2905834121687938,0.3003520698307811
1.0,16384,38,selected,1.0005012990367268,-0.0005010478619162928,0,0.0008544921875,0.0069580078125,0.049256396308735045,0.04924484289222131,0.05001155341651374,0.05215570904096178,0.2702922159188468,0.27959156133184765,0.2905834121687938,0.3003520698307811
1.0,16384,38,level,1.0005012990367268,-0.0005010478619162928,0,0.0008544921875,0.0069580078125,0.049256396308735045,0.04924484289222131,0.05001155341651374,0.05215570904096178,0.2702922159188468,0.27959156133184765,0.2905834121687938,0.3003520698307811
1.0,16384,38,fixed,1.0005012990367268,-0.0005010478619162928,0.0,0.0003662109375,0.005706787109375,0.04938361860289571,0.049400952177573405,0.04998266642532231,0.05209030158811867,0.254458495441177,0.26149408595655765,0.06931518031228016,0.07265556577379224
1.0,16384,39,full,1.0011077924097962,-0.0011065665637559619,0.0,0.00140380859375,0.007171630859375,0.04926834545018276,0.04924484289222131,0.05002350255796145,0.05215766380284721,0.27021968498018,0.27948565921042634,0.29004617728982807,0.29977298298862454
1.0,16384,39,selected,1.0011077924097962,-0.0011065665637559619,0,0.00140380859375,0.007171630859375,0.04926834545018276,0.04924484289222131,0.05002350255796145,0.05215766380284721,0.27021968498018,0.27948565921042634,0.29004617728982807,0.29977298298862454
1.0,16384,39,level,1.0011077924097962,-0.0011065665637559619,0,0.00140380859375,0.007171630859375,0.04926834545018276,0.04924484289222131,0.05002350255796145,0.05215766380284721,0.27021968498018,0.27948565921042634,0.29004617728982807,0.29977298298862454
1.0,16384,39,fixed,1.0011077924097962,-0.0011065665637559619,0.0,0.0006103515625,0.005767822265625,0.04936341604690141,0.049399809102672776,0.04996360694422863,0.05208993521528425,0.25440432348286746,0.26150014303269364,0.06929117787532924,0.07265701362859237
1.0,16384,40,full,0.9991847127296509,0.000815952506040496,0.0,0.00115966796875,0.00616455078125,0.049229938488033906,0.04924484289222131,0.0499850955958126,0.05214520405849488,0.2704684850315348,0.2798325675325281,0.2917582793619333,0.3016109251054443
1.0,16384,40,selected,0.9991847127296509,0.000815952506040496,0,0.00115966796875,0.00616455078125,0.049229938488033906,0.04924484289222131,0.0499850955958126,0.05214520405849488,0.2704684850315348,0.2798325675325281,0.2917582793619333,0.3016109251054443
1.0,16384,40,level,0.9991847127296509,0.000815952506040496,0,0.00115966796875,0.00616455078125,0.049229938488033906,0.04924484289222131,0.0499850955958126,0.05214520405849488,0.2704684850315348,0.2798325675325281,0.2917582793619333,0.3016109251054443
1.0,16384,40,fixed,0.9991847127296509,0.000815952506040496,0.0,0.00054931640625,0.005462646484375,0.049429199563070125,0.04940116116404165,0.05002803839902848,0.05208845408813182,0.2545667698785465,0.26148555505065746,0.06936733527149722,0.07265534022868748
1.0,16384,41,full,0.999095572350635,0.0009052463792198484,0.0,0.001251220703125,0.006072998046875,0.049227922464609955,0.04924484289222131,0.04998307957238865,0.05214425670221549,0.27047974468957503,0.2798477280251123,0.291836939726104,0.3016984877275335
1.0,16384,41,selected,0.999095572350635,0.0009052463792198484,0,0.001251220703125,0.006072998046875,0.049227922464609955,0.04924484289222131,0.04998307957238865,0.05214425670221549,0.27047974468957503,0.2798477280251123,0.291836939726104,0.3016984877275335
1.0,16384,41,level,0.999095572350635,0.0009052463792198484,0,0.001251220703125,0.006072998046875,0.049227922464609955,0.04924484289222131,0.04998307957238865,0.05214425670221549,0.27047974468957503,0.2798477280251123,0.291836939726104,0.3016984877275335
1.0,16384,41,fixed,0.999095572350635,0.0009052463792198484,0.0,0.000579833984375,0.005462646484375,0.04943237784535205,0.04940134957007435,0.0500310282752777,0.05208879695433513,0.25457414713279813,0.2614849754350339,0.06937060971582285,0.07265546303988274
1.0,16384,42,full,1.0002033301368767,-0.00020328880213671408,0.0,0.000457763671875,0.006805419921875,0.04924981546806333,0.04924484289222131,0.05000497257584202,0.05215304333649464,0.2703306967554242,0.2796444846469592,0.2908467594098847,0.3006371849684785
1.0,16384,42,selected,1.0002033301368767,-0.00020328880213671408,0,0.000457763671875,0.006805419921875,0.04924981546806333,0.04924484289222131,0.05000497257584202,0.05215304333649464,0.2703306967554242,0.2796444846469592,0.2908467594098847,0.3006371849684785
1.0,16384,42,level,1.0002033301368767,-0.00020328880213671408,0,0.000457763671875,0.006805419921875,0.04924981546806333,0.04924484289222131,0.05000497257584202,0.05215304333649464,0.2703306967554242,0.2796444846469592,0.2908467594098847,0.3006371849684785
1.0,16384,42,fixed,1.0002033301368767,-0.00020328880213671408,0.0,0.000244140625,0.00567626953125,0.04939448624217351,0.049401354537986095,0.04999313170418741,0.05208976940879431,0.2544835855916858,0.2614925960198984,0.06932607436158543,0.07265556740121162
1.0,16384,43,full,0.9985764942802628,0.0014255349769305425,0.0,0.00164794921875,0.00634765625,0.04921908837686798,0.04924484289222131,0.049974245484646684,0.05214368728697824,0.27055277884279527,0.2799447157483773,0.2923072978533666,0.30220362787390637
1.0,16384,43,selected,0.9985764942802628,0.0014255349769305425,0,0.00164794921875,0.00634765625,0.04921908837686798,0.04924484289222131,0.049974245484646684,0.05214368728697824,0.27055277884279527,0.2799447157483773,0.2923072978533666,0.30220362787390637
1.0,16384,43,level,0.9985764942802628,0.0014255349769305425,0,0.00164794921875,0.00634765625,0.04921908837686798,0.04924484289222131,0.049974245484646684,0.05214368728697824,0.27055277884279527,0.2799447157483773,0.2923072978533666,0.30220362787390637
1.0,16384,43,fixed,0.9985764942802628,0.0014255349769305425,0.0,0.000732421875,0.00543212890625,0.04944998684460668,0.049401445384745425,0.050048541459861255,0.05208896473119953,0.2546164568993507,0.26148191636531093,0.06939230129756924,0.07265359637306812
1.0,16384,44,full,1.0032921919820628,-0.0032813890194429707,0.0,0.003143310546875,0.0084228515625,0.04931521858405696,0.04924484289222131,0.05007037569183566,0.05218006811192656,0.26997387985601157,0.2790959488971401,0.28812665727126086,0.2976968644516741
1.0,16384,44,selected,1.0032921919820628,-0.0032813890194429707,0,0.003143310546875,0.0084228515625,0.04931521858405696,0.04924484289222131,0.05007037569183566,0.05218006811192656,0.26997387985601157,0.2790959488971401,0.28812665727126086,0.2976968644516741
1.0,16384,44,level,1.0032921919820628,-0.0032813890194429707,0,0.003143310546875,0.0084228515625,0.04931521858405696,0.04924484289222131,0.05007037569183566,0.05218006811192656,0.26997387985601157,0.2790959488971401,0.28812665727126086,0.2976968644516741
1.0,16384,44,fixed,1.0032921919820628,-0.0032813890194429707,0.0,0.0010986328125,0.005950927734375,0.0492884463707571,0.04939915662280085,0.04988928974795624,0.05209106575250167,0.25422344162498023,0.26151680421546886,0.06920172014823851,0.07266183974490048
1.0,16384,45,full,0.9982941557964952,0.0017087590802771224,0.0,0.00201416015625,0.006561279296875,0.04921367670049606,0.04924484289222131,0.04996883380827476,0.05214343034317662,0.27059342022437205,0.27999737289489457,0.2925622634878533,0.30247816868118743
1.0,16384,45,selected,0.9982941557964952,0.0017087590802771224,0,0.00201416015625,0.006561279296875,0.04921367670049606,0.04924484289222131,0.04996883380827476,0.05214343034317662,0.27059342022437205,0.27999737289489457,0.2925622634878533,0.30247816868118743
1.0,16384,45,level,0.9982941557964952,0.0017087590802771224,0,0.00201416015625,0.006561279296875,0.04921367670049606,0.04924484289222131,0.04996883380827476,0.05214343034317662,0.27059342022437205,0.27999737289489457,0.2925622634878533,0.30247816868118743
1.0,16384,45,fixed,0.9982941557964952,0.0017087590802771224,0.0,0.00079345703125,0.005401611328125,0.04945990171972032,0.04940130387034561,0.05005859784937472,0.05208899911419021,0.25464059251597504,0.2614795107000619,0.06940446000183141,0.07265236197601058
1.0,16384,46,full,1.0012492607691499,-0.0012477020639098946,0.0,0.001495361328125,0.0072021484375,0.04927035562520457,0.04924484289222131,0.050025512732983266,0.05215926328324029,0.2702019602174617,0.2794620848584193,0.28991830431153587,0.29964129537975387
1.0,16384,46,selected,1.0012492607691499,-0.0012477020639098946,0,0.001495361328125,0.0072021484375,0.04927035562520457,0.04924484289222131,0.050025512732983266,0.05215926328324029,0.2702019602174617,0.2794620848584193,0.28991830431153587,0.29964129537975387
1.0,16384,46,level,1.0012492607691499,-0.0012477020639098946,0,0.001495361328125,0.0072021484375,0.04927035562520457,0.04924484289222131,0.050025512732983266,0.05215926328324029,0.2702019602174617,0.2794620848584193,0.28991830431153587,0.29964129537975387
1.0,16384,46,fixed,1.0012492607691499,-0.0012477020639098946,0.0,0.000640869140625,0.00579833984375,0.049358229321866905,0.049399761799537645,0.04995846752232927,0.05208956431565348,0.25439244717226084,0.26150111277739396,0.06928514672067435,0.07265688592792433
1.0,16384,47,full,0.9989383450731845,0.001062783235874054,0.0,0.00140380859375,0.006011962890625,0.049225693651953506,0.04924484289222131,0.0499808507597322,0.05214476830093062,0.2705039107493389,0.279874466186395,0.2919818908202009,0.30185530559646667
1.0,16384,47,selected,0.9989383450731845,0.001062783235874054,0,0.00140380859375,0.006011962890625,0.049225693651953506,0.04924484289222131,0.0499808507597322,0.05214476830093062,0.2705039107493389,0.279874466186395,0.2919818908202009,0.30185530559646667
1.0,16384,47,level,0.9989383450731845,0.001062783235874054,0,0.00140380859375,0.006011962890625,0.049225693651953506,0.04924484289222131,0.0499808507597322,0.05214476830093062,0.2705039107493389,0.279874466186395,0.2919818908202009,0.30185530559646667
1.0,16384,47,fixed,0.9989383450731845,0.001062783235874054,0.0,0.0006103515625,0.005462646484375,0.049437573914943314,0.04940138018639005,0.050036193728553266,0.052088940915403045,0.2545868354022075,0.2614838295017269,0.06937667386493634,0.07265431989793852
1.0,16384,48,full,1.003729266408261,-0.003715410652123219,0.0,0.003448486328125,0.0086669921875,0.04932542457628049,0.04924484289222131,0.05008058168405918,0.052184273688209284,0.26993024190868015,0.27901897941802517,0.28774889488378835,0.2972830506362194
1.0,16384,48,selected,1.003729266408261,-0.003715410652123219,0,0.003448486328125,0.0086669921875,0.04932542457628049,0.04924484289222131,0.05008058168405918,0.052184273688209284,0.26993024190868015,0.27901897941802517,0.28774889488378835,0.2972830506362194
1.0,16384,48,level,1.003729266408261,-0.003715410652123219,0,0.003448486328125,0.0086669921875,0.04932542457628049,0.04924484289222131,0.05008058168405918,0.052184273688209284,0.26993024190868015,0.27901897941802517,0.28774889488378835,0.2972830506362194
1.0,16384,48,fixed,1.003729266408261,-0.003715410652123219,0.0,0.001220703125,0.006072998046875,0.04927251926812899,0.04939886232409875,0.049873656944030245,0.05209142910555695,0.2541881649549642,0.2615203429508943,0.06918431900388726,0.07266193163413219
1.0,16384,49,full,1.0007282366240697,-0.0007277066814127542,0.0,0.00103759765625,0.007080078125,0.04926104473194513,0.04924484289222131,0.05001620183972383,0.05215515140124397,0.2702650788260088,0.27955365169128454,0.29038276929980306,0.3001358386282435
1.0,16384,49,selected,1.0007282366240697,-0.0007277066814127542,0,0.00103759765625,0.007080078125,0.04926104473194513,0.04924484289222131,0.05001620183972383,0.05215515140124397,0.2702650788260088,0.27955365169128454,0.29038276929980306,0.3001358386282435
1.0,16384,49,level,1.0007282366240697,-0.0007277066814127542,0,0.00103759765625,0.007080078125,0.04926104473194513,0.04924484289222131,0.05001620183972383,0.05215515140124397,0.2702650788260088,0.27955365169128454,0.29038276929980306,0.3001358386282435
1.0,16384,49,fixed,1.0007282366240697,-0.0007277066814127542,0.0,0.000457763671875,0.0057373046875,0.0493760178380227,0.04940020769490018,0.04997581014312252,0.052090080049679896,0.2544387128322109,0.26149653450204546,0.06930684440485643,0.07265647505876827
1.0,16384,50,full,0.9987444409487981,0.0012571374615202302,0.0,0.001556396484375,0.006195068359375,0.04922202327733519,0.04924484289222131,0.049977180385113895,0.052143888198585314,0.27053116710441677,0.27991080465423135,0.2921523276544054,0.30203891430911556
1.0,16384,50,selected,0.9987444409487981,0.0012571374615202302,0,0.001556396484375,0.006195068359375,0.04922202327733519,0.04924484289222131,0.049977180385113895,0.052143888198585314,0.27053116710441677,0.27991080465423135,0.2921523276544054,0.30203891430911556
1.0,16384,50,level,0.9987444409487981,0.0012571374615202302,0,0.001556396484375,0.006195068359375,0.04922202327733519,0.04924484289222131,0.049977180385113895,0.052143888198585314,0.27053116710441677,0.27991080465423135,0.2921523276544054,0.30203891430911556
1.0,16384,50,fixed,0.9987444409487981,0.0012571374615202302,0.0,0.000701904296875,0.005462646484375,0.04944405260797595,0.049401370174516485,0.05004268243345947,0.05208924658306176,0.2546031814969549,0.2614825184614525,0.06938533294509383,0.07265398512451128
1.0,16384,51,full,1.001799010150043,-0.001795779524451202,0.0,0.00201416015625,0.00750732421875,0.04928058538215904,0.04924484289222131,0.05003574248993774,0.052165891679556244,0.2701386548464,0.27936546662358785,0.2894318997824693,0.2991166496644264
1.0,16384,51,selected,1.001799010150043,-0.001795779524451202,0,0.00201416015625,0.00750732421875,0.04928058538215904,0.04924484289222131,0.05003574248993774,0.052165891679556244,0.2701386548464,0.27936546662358785,0.2894318997824693,0.2991166496644264
1.0,16384,51,level,1.001799010150043,-0.001795779524451202,0,0.00201416015625,0.00750732421875,0.04928058538215904,0.04924484289222131,0.05003574248993774,0.052165891679556244,0.2701386548464,0.27936546662358785,0.2894318997824693,0.2991166496644264
1.0,16384,51,fixed,1.001799010150043,-0.001795779524451202,0.0,0.000823974609375,0.005828857421875,0.049339261778775304,0.049399299824883204,0.0499399619538921,0.052089155524435084,0.2543466993695488,0.26150593918535825,0.06926418779844844,0.07265710925028951
1.0,16384,52,full,0.9997956624684053,0.00020437929395500376,0.0,0.000457763671875,0.00653076171875,0.04924152723553127,0.04924484289222131,0.04999668434330996,0.05214986735454717,0.27038595624151635,0.27972175967990576,0.2912136809391923,0.30102837571050967
1.0,16384,52,selected,0.9997956624684053,0.00020437929395500376,0,0.000457763671875,0.00653076171875,0.04924152723553127,0.04924484289222131,0.04999668434330996,0.05214986735454717,0.27038595624151635,0.27972175967990576,0.2912136809391923,0.30102837571050967
1.0,16384,52,level,0.9997956624684053,0.00020437929395500376,0,0.000457763671875,0.00653076171875,0.04924152723553127,0.04924484289222131,0.04999668434330996,0.05214986735454717,0.27038595624151635,0.27972175967990576,0.2912136809391923,0.30102837571050967
1.0,16384,52,fixed,0.9997956624684053,0.00020437929395500376,0.0,0.000274658203125,0.005584716796875,0.04940864751490025,0.04940194841036637,0.05000669910453388,0.05208835030982725,0.2545153608828869,0.2614888798509044,0.06934299687922574,0.07265550044702572
1.0,16384,53,full,0.9964501792877279,0.0035624668308149587,0.0,0.00347900390625,0.007781982421875,0.04919206878162188,0.04924484289222131,0.049947225889400565,0.05213128746099198,0.27088584791417536,0.28033840962034917,0.29425078381294767,0.30425241873849274
1.0,16384,53,selected,0.9964501792877279,0.0035624668308149587,0,0.00347900390625,0.007781982421875,0.04919206878162188,0.04924484289222131,0.049947225889400565,0.05213128746099198,0.27088584791417536,0.28033840962034917,0.29425078381294767,0.30425241873849274
1.0,16384,53,level,0.9964501792877279,0.0035624668308149587,0,0.00347900390625,0.007781982421875,0.04919206878162188,0.04924484289222131,0.049947225889400565,0.05213128746099198,0.27088584791417536,0.28033840962034917,0.29425078381294767,0.30425241873849274
1.0,16384,53,fixed,0.9964501792877279,0.0035624668308149587,0.0,0.001190185546875,0.005706787109375,0.049519841087814064,0.04940156796482134,0.05011827312299272,0.05208824063037304,0.25479655156401837,0.2614643398795605,0.06948247541569039,0.07265084747117714
1.0,16384,54,full,0.9999281665193505,7.183864106918847e-05,0.0,0.000274658203125,0.006561279296875,0.04924360897115576,0.04924484289222131,0.049998766078934456,0.05215199320384899,0.2703669593423739,0.27969680401908864,0.2910936965999639,0.3009003262968011
1.0,16384,54,selected,0.9999281665193505,7.183864106918847e-05,0,0.000274658203125,0.006561279296875,0.04924360897115576,0.04924484289222131,0.049998766078934456,0.05215199320384899,0.2703669593423739,0.27969680401908864,0.2910936965999639,0.3009003262968011
1.0,16384,54,level,0.9999281665193505,7.183864106918847e-05,0,0.000274658203125,0.006561279296875,0.04924360897115576,0.04924484289222131,0.049998766078934456,0.05215199320384899,0.2703669593423739,0.27969680401908864,0.2910936965999639,0.3009003262968011
1.0,16384,54,fixed,0.9999281665193505,7.183864106918847e-05,0.0,0.000213623046875,0.005615234375,0.04940433128500729,0.04940205222496741,0.050002279060039886,0.05208891358192768,0.25450464158110997,0.26148957528453487,0.06933711903544272,0.0726553477660425
1.0,16384,55,full,1.0007792861613372,-0.000778679347297695,0.0,0.0010986328125,0.007080078125,0.049262303993074914,0.04924484289222131,0.050017461100853616,0.05215557540019679,0.2702593599755915,0.2795448966164742,0.29033640319202014,0.30008779765225224
1.0,16384,55,selected,1.0007792861613372,-0.000778679347297695,0,0.0010986328125,0.007080078125,0.049262303993074914,0.04924484289222131,0.050017461100853616,0.05215557540019679,0.2702593599755915,0.2795448966164742,0.29033640319202014,0.30008779765225224
1.0,16384,55,level,1.0007792861613372,-0.000778679347297695,0,0.0010986328125,0.007080078125,0.049262303993074914,0.04924484289222131,0.050017461100853616,0.05215557540019679,0.2702593599755915,0.2795448966164742,0.29033640319202014,0.30008779765225224
1.0,16384,55,fixed,1.0007792861613372,-0.000778679347297695,0.0,0.000518798828125,0.0057373046875,0.049373895061722545,0.04940023509163473,0.04997365997008782,0.052089938201366925,0.2544333192139323,0.26149709903818785,0.0693047821931271,0.07265678489299279
1.0,16384,56,full,0.9994590741156658,0.000541218643507646,0.0,0.00091552734375,0.006378173828125,0.04923487223337206,0.04924484289222131,0.04999002934115075,0.052146680513422985,0.2704315429348741,0.27978204384701527,0.29151127103184066,0.3013523936227025
1.0,16384,56,selected,0.9994590741156658,0.000541218643507646,0,0.00091552734375,0.006378173828125,0.04923487223337206,0.04924484289222131,0.04999002934115075,0.052146680513422985,0.2704315429348741,0.27978204384701527,0.29151127103184066,0.3013523936227025
1.0,16384,56,level,0.9994590741156658,0.000541218643507646,0,0.00091552734375,0.006378173828125,0.04923487223337206,0.04924484289222131,0.04999002934115075,0.052146680513422985,0.2704315429348741,0.27978204384701527,0.29151127103184066,0.3013523936227025
1.0,16384,56,fixed,0.9994590741156658,0.000541218643507646,0.0,0.000457763671875,0.0054931640625,0.049420225531724954,0.04940107515287262,0.05001915037885234,0.0520880164984994,0.2545439786904633,0.2614874802879451,0.06935588494063741,0.07265529716980591
1.0,16384,57,full,1.0021190523912589,-0.0021145715034579515,0.0,0.0023193359375,0.007659912109375,0.04928787955978555,0.04924484289222131,0.05004303666756424,0.05217051837250467,0.27010213924865295,0.27930746855444033,0.28915005511582015,0.2988124255801068
1.0,16384,57,selected,1.0021190523912589,-0.0021145715034579515,0,0.0023193359375,0.007659912109375,0.04928787955978555,0.04924484289222131,0.05004303666756424,0.05217051837250467,0.27010213924865295,0.27930746855444033,0.28915005511582015,0.2988124255801068
1.0,16384,57,level,1.0021190523912589,-0.0021145715034579515,0,0.0023193359375,0.007659912109375,0.04928787955978555,0.04924484289222131,0.05004303666756424,0.05217051837250467,0.27010213924865295,0.27930746855444033,0.28915005511582015,0.2988124255801068
1.0,16384,57,fixed,1.0021190523912589,-0.0021145715034579515,0.0,0.0008544921875,0.005828857421875,0.049327995779057554,0.049399898724661086,0.04992809705439647,0.05208912438390925,0.2543212977062598,0.2615067007544631,0.06925105746619764,0.07265889446164428
1.0,16384,58,full,0.9993421932741426,0.0006582397203727108,0.0,0.00103759765625,0.006317138671875,0.049232736150312706,0.04924484289222131,0.0499878932580914,0.05214646248808022,0.2704473470092401,0.2798026140804785,0.29161575950868407,0.3014642575239121
1.0,16384,58,selected,0.9993421932741426,0.0006582397203727108,0,0.00103759765625,0.006317138671875,0.049232736150312706,0.04924484289222131,0.0499878932580914,0.05214646248808022,0.2704473470092401,0.2798026140804785,0.29161575950868407,0.3014642575239121
1.0,16384,58,level,0.9993421932741426,0.0006582397203727108,0,0.00103759765625,0.006317138671875,0.049232736150312706,0.04924484289222131,0.0499878932580914,0.05214646248808022,0.2704473470092401,0.2798026140804785,0.29161575950868407,0.3014642575239121
1.0,16384,58,fixed,0.9993421932741426,0.0006582397203727108,0.0,0.000457763671875,0.0054931640625,0.049423896561481634,0.04940107175478224,0.050022824806699395,0.05208815180808153,0.25455389325511735,0.26148674961623886,0.0693612200586944,0.07265554730431953
1.0,16384,59,full,0.9997013090737722,0.00029878016915318995,0.0,0.000579833984375,0.006500244140625,0.049240374849487206,0.04924484289222131,0.0499955319572659,0.05214843806072228,0.2703993472000118,0.2797390947804846,0.29129752054072555,0.3011209037629293
1.0,16384,59,selected,0.9997013090737722,0.00029878016915318995,0,0.000579833984375,0.006500244140625,0.049240374849487206,0.04924484289222131,0.0499955319572659,0.05214843806072228,0.2703993472000118,0.2797390947804846,0.29129752054072555,0.3011209037629293
1.0,16384,59,level,0.9997013090737722,0.00029878016915318995,0,0.000579833984375,0.006500244140625,0.049240374849487206,0.04924484289222131,0.0499955319572659,0.05214843806072228,0.2703993472000118,0.2797390947804846,0.29129752054072555,0.3011209037629293
1.0,16384,59,fixed,0.9997013090737722,0.00029878016915318995,0.0,0.000335693359375,0.005584716796875,0.04941190331462198,0.04940164988477669,0.0500102534298453,0.05208836587549626,0.25452359999882923,0.2614876146011753,0.06934657823131485,0.07265558287073504
1.0,16384,60,full,1.0013394400328457,-0.0013376483331184463,0.0,0.0015869140625,0.00726318359375,0.0492719250119128,0.04924484289222131,0.05002708211969149,0.05216075140241816,0.2701926370610237,0.2794472567388186,0.28983928640436846,0.29955578224848994
1.0,16384,60,selected,1.0013394400328457,-0.0013376483331184463,0,0.0015869140625,0.00726318359375,0.0492719250119128,0.04924484289222131,0.05002708211969149,0.05216075140241816,0.2701926370610237,0.2794472567388186,0.28983928640436846,0.29955578224848994
1.0,16384,60,level,1.0013394400328457,-0.0013376483331184463,0,0.0015869140625,0.00726318359375,0.0492719250119128,0.04924484289222131,0.05002708211969149,0.05216075140241816,0.2701926370610237,0.2794472567388186,0.28983928640436846,0.29955578224848994
1.0,16384,60,fixed,1.0013394400328457,-0.0013376483331184463,0.0,0.000701904296875,0.005828857421875,0.04935488111138942,0.04939972768645218,0.049955153424937254,0.052089369253978696,0.25438395293051275,0.2615017501460244,0.06928146457682563,0.07265653410455684
1.0,16384,61,full,0.9992605890163088,0.0007399581168503477,0.0,0.001129150390625,0.006256103515625,0.0492316292672976,0.04924484289222131,0.049986786375076295,0.05214550901789214,0.27045821388537433,0.2798193692452031,0.2916889522985919,0.3015411241037247
1.0,16384,61,selected,0.9992605890163088,0.0007399581168503477,0,0.001129150390625,0.006256103515625,0.0492316292672976,0.04924484289222131,0.049986786375076295,0.05214550901789214,0.27045821388537433,0.2798193692452031,0.2916889522985919,0.3015411241037247
1.0,16384,61,level,0.9992605890163088,0.0007399581168503477,0,0.001129150390625,0.006256103515625,0.0492316292672976,0.04924484289222131,0.049986786375076295,0.05214550901789214,0.27045821388537433,0.2798193692452031,0.2916889522985919,0.3015411241037247
1.0,16384,61,fixed,0.9992605890163088,0.0007399581168503477,0.0,0.00048828125,0.005462646484375,0.04942639912156856,0.0494009055829792,0.05002549353858936,0.0520882002284843,0.25456061184951084,0.2614861299089593,0.06936445746250522,0.0726556831438014
1.0,16384,62,full,0.9981406305499521,0.001862833145088505,0.0,0.00213623046875,0.006622314453125,0.04921195121406894,0.04924484289222131,0.04996710832184764,0.05214189086906382,0.2706171706131246,0.2800256373020355,0.2927010416619133,0.30262935311433337
1.0,16384,62,selected,0.9981406305499521,0.001862833145088505,0,0.00213623046875,0.006622314453125,0.04921195121406894,0.04924484289222131,0.04996710832184764,0.05214189086906382,0.2706171706131246,0.2800256373020355,0.2927010416619133,0.30262935311433337
1.0,16384,62,level,0.9981406305499521,0.001862833145088505,0,0.00213623046875,0.006622314453125,0.04921195121406894,0.04924484289222131,0.04996710832184764,0.05214189086906382,0.2706171706131246,0.2800256373020355,0.2927010416619133,0.30262935311433337
1.0,16384,62,fixed,0.9981406305499521,0.001862833145088505,0.0,0.000823974609375,0.005401611328125,0.049464754128682696,0.04940121681032869,0.050063537318354,0.05208868115774232,0.25465350777468343,0.2614784604427207,0.06941138570099117,0.07265184150695755
1.0,16384,63,full,0.9991021579543533,0.0008986488904048073,0.0,0.001251220703125,0.006072998046875,0.04922796938133562,0.04924484289222131,0.04998312648911432,0.052144248493150774,0.27047894209515244,0.2798463818275133,0.2918305149485969,0.30169204871011057
1.0,16384,63,selected,0.9991021579543533,0.0008986488904048073,0,0.001251220703125,0.006072998046875,0.04922796938133562,0.04924484289222131,0.04998312648911432,0.052144248493150774,0.27047894209515244,0.2798463818275133,0.2918305149485969,0.30169204871011057
1.0,16384,63,level,0.9991021579543533,0.0008986488904048073,0,0.001251220703125,0.006072998046875,0.04922796938133562,0.04924484289222131,0.04998312648911432,0.052144248493150774,0.27047894209515244,0.2798463818275133,0.2918305149485969,0.30169204871011057
1.0,16384,63,fixed,0.9991021579543533,0.0008986488904048073,0.0,0.000579833984375,0.005462646484375,0.04943212523838389,0.04940133847167265,0.050030786766711244,0.05208884263958646,0.2545736743103839,0.2614850690444986,0.06937026668005675,0.07265542378246098
