reference_quantile,score,cdf_difference,beta_density,weighted_cumulative
0.0,0.40692104128727297,0.0,0.0,0.0
0.00025,0.675505661762103,-8.78753662109375e-05,0.0,0.0
0.0005,0.7122116221893096,-0.0001623992919921875,0.0,0.0
0.00075,0.7348252040621948,-0.0002521820068359375,0.0,0.0
0.001,0.7511641869530338,-0.00032718276977539065,0.0,0.0
0.00125,0.7639924478542237,-0.0004136276245117188,0.0,0.0
0.0015,0.7753868721009464,-0.0004914894104003907,0.0,0.0
0.00175,0.785107347822413,-0.0005555229187011719,0.0,0.0
0.002,0.7945657470494041,-0.0006124038696289063,0.0,0.0
0.0022500000000000003,0.8022353650204697,-0.0007021865844726565,0.0,0.0
0.0025,0.8096581087041717,-0.0007557296752929688,0.0,0.0
0.00275,0.8158129412405055,-0.0008402671813964842,0.0,0.0
0.003,0.8218718581552744,-0.0009052543640136719,0.0,0.0
0.0032500000000000003,0.827440096043148,-0.0009750099182128909,0.0,0.0
0.0035,0.8324941238812982,-0.0010404739379882813,0.0,0.0
0.00375,0.8377887359116039,-0.0011021232604980467,0.0,0.0
0.004,0.8427359621599367,-0.0011566200256347657,0.0,0.0
0.00425,0.8474336880640092,-0.0012077789306640628,0.0,0.0
0.0045000000000000005,0.852107953762826,-0.0012532157897949224,0.0,0.0
0.00475,0.8562747484119603,-0.0013038978576660155,0.0,0.0
0.005,0.8604669854538785,-0.00139129638671875,0.0,0.0
0.00525,0.8639981842534527,-0.0014596214294433597,0.0,0.0
0.0055,0.8674064427444586,-0.0015279464721679684,0.0,0.0
0.00575,0.8709430495113234,-0.0015853042602539062,0.0,0.0
0.006,0.8746006359488361,-0.0016336021423339845,0.0,0.0
0.00625,0.8779189547578361,-0.0016852378845214847,0.0,0.0
0.006500000000000001,0.8810839966667707,-0.0017707290649414068,0.0,0.0
0.00675,0.8842886163626231,-0.001810443878173828,0.0,0.0
0.007,0.8874152548797569,-0.0018668479919433595,0.0,0.0
0.00725,0.8902259342850488,-0.0019332656860351566,0.0,0.0
0.0075,0.893157459328971,-0.0019982528686523435,0.0,0.0
0.00775,0.8958490331668079,-0.0020608558654785156,0.0,0.0
0.008,0.8985529930632835,-0.0021110610961914064,0.0,0.0
0.00825,0.9013962613823239,-0.0021507759094238285,0.0,0.0
0.0085,0.9040201509269076,-0.002211471557617188,0.0,0.0
0.00875,0.906531468854646,-0.002280750274658204,0.0,0.0
0.009000000000000001,0.9089974277422255,-0.002323326110839845,0.0,0.0
0.00925,0.9113382426217943,-0.0023830680847167964,0.0,0.0
0.0095,0.9137738195316119,-0.0024270744323730466,0.0,0.0
0.00975,0.916132864444651,-0.0024810943603515625,0.0,0.0
0.01,0.9183946529393388,-0.002537021636962891,0.0,0.0
0.01025,0.9206610742573129,-0.0025981941223144536,0.0,0.0
0.0105,0.9227648051773345,-0.0026603202819824225,0.0,0.0
0.010750000000000001,0.9249109504852807,-0.002709571838378907,0.0,0.0
0.011,0.926943774868392,-0.00277408218383789,0.0,0.0
0.01125,0.9290246159221613,-0.00283334732055664,0.0,0.0
0.0115,0.9310122034473995,-0.0028849830627441404,0.0,0.0
0.01175,0.9333478326501348,-0.0029013328552246094,0.0,0.0
0.012,0.9353257166859203,-0.002966320037841797,0.0,0.0
0.01225,0.9371826412376504,-0.0030303535461425786,0.0,0.0
0.0125,0.9392133549762209,-0.0030571937561035163,0.0,0.0
0.012750000000000001,0.94116973395273,-0.003087371826171876,0.0,0.0
0.013000000000000001,0.9429698364059843,-0.003123271942138673,0.0,0.0
0.01325,0.9448163169354901,-0.0031787223815917965,0.0,0.0
0.0135,0.9466232357267996,-0.003227973937988281,0.0,0.0
0.01375,0.948343244918161,-0.0032800865173339844,0.0,0.0
0.014,0.9500077846751619,-0.0033493652343750003,0.0,0.0
0.01425,0.9518130940884795,-0.0033967094421386724,0.0,0.0
0.0145,0.9534372407999354,-0.003445960998535157,0.0,0.0
0.014750000000000001,0.9551623717872286,-0.0035028419494628916,0.0,0.0
0.015,0.956757531821407,-0.0035673522949218744,0.0,0.0
0.01525,0.9583406666427794,-0.003623756408691406,0.0,0.0
0.0155,0.9598285268398224,-0.0036992340087890624,0.0,0.0
0.01575,0.9615553046569436,-0.0037317962646484376,0.0,0.0
0.016,0.9632120753707993,-0.0037786636352539066,0.0,0.0
0.01625,0.9648662706347695,-0.0037950134277343756,0.0,0.0
0.0165,0.9664516134989395,-0.0038337745666503914,0.0,0.0
0.01675,0.9680342669897964,-0.003875873565673829,0.0,0.0
0.017,0.969508976028765,-0.003928462982177736,0.0,0.0
0.01725,0.9709379626115192,-0.003989158630371095,0.0,0.0
0.0175,0.9724100514681866,-0.004040317535400392,0.0,0.0
0.017750000000000002,0.9739444630335683,-0.004071449279785158,0.0,0.0
0.018000000000000002,0.9754317845962983,-0.0041121177673339865,0.0,0.0
0.01825,0.9767522257780832,-0.0041761512756347645,0.0,0.0
0.0185,0.9781902856414689,-0.0042153892517089835,0.0,0.0
0.01875,0.9796058605395287,-0.004268455505371093,0.0,0.0
0.019,0.9809697915740445,-0.004316753387451171,0.0,0.0
0.01925,0.9824585756561078,-0.00434979248046875,0.0,0.0
0.0195,0.983822698765202,-0.004410488128662109,0.0,0.0
0.01975,0.9851802862112183,-0.004456401824951172,0.0,0.0
0.02,0.9866094721516948,-0.004488010406494141,0.0,0.0
0.02025,0.9878562007792002,-0.0045367851257324225,0.0,0.0
0.0205,0.9891799277832272,-0.004571731567382813,0.0,0.0
0.02075,0.9904370606538311,-0.004610015869140626,0.0,0.0
0.021,0.9917997346560441,-0.004655929565429689,0.0,0.0
0.02125,0.9930672425225747,-0.0047094726562500015,0.0,0.0
0.021500000000000002,0.9943424697027745,-0.004751094818115236,0.0,0.0
0.021750000000000002,0.9956296548254466,-0.004777458190917971,0.0,0.0
0.022,0.996957596245834,-0.004833862304687499,0.0,0.0
0.02225,0.998201350118773,-0.004882160186767577,0.0,0.0
0.0225,0.9994286971156506,-0.0049118614196777335,0.0,0.0
0.02275,1.0006186321332662,-0.004965404510498046,0.0,0.0
0.023,1.0018547795125679,-0.004998443603515625,0.0,0.0
0.02325,1.0030472041920742,-0.005031959533691406,0.0,0.0
0.0235,1.0041432598319724,-0.005085979461669922,0.0,0.0
0.02375,1.0053531539330876,-0.0051161575317382815,0.0,0.0
0.024,1.0064743495726622,-0.0051668395996093755,0.0,0.0
0.02425,1.0076462793662706,-0.0052022628784179695,0.0,0.0
0.0245,1.008640365422722,-0.005280124664306642,0.0,0.0
0.02475,1.0097608125275293,-0.005331283569335939,0.0,0.0
0.025,1.0109319522245435,-0.00537242889404297,0.0,0.0
0.02525,1.0120398773061892,-0.0054169120788574235,0.0,0.0
0.025500000000000002,1.0131295581783164,-0.005460441589355471,0.0,0.0
0.025750000000000002,1.0142796026925698,-0.005488712310791018,0.0,0.0
0.026000000000000002,1.015387755053435,-0.005554653167724612,0.0,0.0
0.02625,1.016442936209593,-0.005593891143798827,0.0,0.0
0.0265,1.0176320294261283,-0.005613578796386718,0.0,0.0
0.02675,1.0186461119417412,-0.005668075561523437,0.0,0.0
0.027,1.0197139175887595,-0.005706836700439453,0.0,0.0
0.02725,1.0207370537112328,-0.005761333465576172,0.0,0.0
0.0275,1.021696838063588,-0.005821552276611328,0.0,0.0
0.02775,1.0227532805193214,-0.005872234344482422,0.0,0.0
0.028,1.02371889907434,-0.005920532226562501,0.0,0.0
0.02825,1.0246938142430602,-0.005972167968750001,0.0,0.0
0.0285,1.0256895725359154,-0.006022373199462892,0.0,0.0
0.02875,1.0267942662403204,-0.006043968200683595,0.0,0.0
0.029,1.0277780713932039,-0.006089405059814455,0.0,0.0
0.02925,1.0287711813631883,-0.006125782012939455,0.0,0.0
0.029500000000000002,1.0297873221651561,-0.006166450500488283,0.0,0.0
0.029750000000000002,1.0307637255803588,-0.006207595825195315,0.0,0.0
0.03,1.0317722038864008,-0.006249217987060546,0.0,0.0
0.03025,1.0327897340241952,-0.006282257080078124,0.0,0.0
0.0305,1.0337091009477142,-0.00634390640258789,0.0,0.0
0.03075,1.034683346078491,-0.006376468658447265,0.0,0.0
0.031,1.035721676322642,-0.00640140151977539,0.0,0.0
0.03125,1.0367437205478636,-0.006424903869628906,0.0,0.0
0.0315,1.0377231014602966,-0.006466049194335938,0.0,0.0
0.03175,1.0386633189996872,-0.006512916564941407,0.0,0.0
0.032,1.039691659266945,-0.006546432495117188,0.0,0.0
0.03225,1.0406178647722666,-0.006589485168457032,0.0,0.0
0.0325,1.0414961618934553,-0.006638736724853517,0.0,0.0
0.03275,1.0423942714383552,-0.00668321990966797,0.0,0.0
0.033,1.0433559800836438,-0.006715782165527345,0.0,0.0
0.03325,1.0442986016510987,-0.006747867584228517,0.0,0.0
0.0335,1.045201701190074,-0.006780429840087893,0.0,0.0
0.03375,1.0460718510125737,-0.006825389862060549,0.0,0.0
0.034,1.0469725612840315,-0.006865581512451174,0.0,0.0
0.03425,1.0479116050963753,-0.006895759582519534,0.0,0.0
0.0345,1.0488573790274638,-0.006929275512695315,0.0,0.0
0.03475,1.0497272053073476,-0.006955162048339847,0.0,0.0
0.035,1.0506140102142312,-0.006998214721679691,0.0,0.0
0.035250000000000004,1.0514981897126408,-0.007022670745849613,0.0,0.0
0.035500000000000004,1.0524077765481525,-0.007049510955810551,0.0,0.0
0.035750000000000004,1.053363946972523,-0.007073966979980473,0.0,0.0
0.036000000000000004,1.0542699878542225,-0.007088886260986332,0.0,0.0
0.03625,1.0551515777463893,-0.007126216888427732,0.0,0.0
0.0365,1.0560649750986917,-0.007161163330078123,0.0,0.0
0.03675,1.0569591642327203,-0.007185619354248045,0.0,0.0
0.037,1.0578035818934715,-0.007232486724853514,0.0,0.0
0.03725,1.0586489793079943,-0.007268386840820311,0.0,0.0
0.0375,1.0595456001175683,-0.007299041748046874,0.0,0.0
0.03775,1.0603930991592363,-0.007319683074951171,0.0,0.0
0.038,1.061266601106488,-0.007323158264160155,0.0,0.0
0.03825,1.0620505786587415,-0.007372886657714843,0.0,0.0
0.0385,1.0628561586018737,-0.007407833099365234,0.0,0.0
0.03875,1.0637023899203144,-0.007443733215332031,0.0,0.0
0.039,1.0644816038006704,-0.007489646911621094,0.0,0.0
0.03925,1.06532572683102,-0.007522209167480469,0.0,0.0
0.0395,1.0661861692608818,-0.00753426742553711,0.0,0.0
0.03975,1.0669976381290642,-0.0075725517272949225,0.0,0.0
0.04,1.0678257863088187,-0.007587471008300782,0.0,0.0
0.04025,1.0686459302223337,-0.0076057281494140636,0.0,0.0
0.0405,1.0693650032609463,-0.007672145843505861,0.0,0.0
0.04075,1.0701145962411993,-0.007737133026123048,0.0,0.0
0.041,1.07095494569977,-0.007767787933349611,0.0,0.0
0.04125,1.0716842998409377,-0.007848033905029299,0.0,0.0
0.0415,1.0724251736405397,-0.007881072998046877,0.0,0.0
0.04175,1.0732227033235942,-0.007912204742431643,0.0,0.0
0.042,1.0739909537955865,-0.007962886810302737,0.0,0.0
0.04225,1.074746127335695,-0.008016906738281253,0.0,0.0
0.0425,1.075507393368507,-0.008072357177734378,0.0,0.0
0.04275,1.0762535053564282,-0.008113025665283206,0.0,0.0
0.043000000000000003,1.0769515367991014,-0.008168476104736332,0.0,0.0
0.043250000000000004,1.0776901198509283,-0.008228694915771488,0.0,0.0
0.043500000000000004,1.0784428221553584,-0.00826840972900391,0.0,0.0
0.043750000000000004,1.0791825592306643,-0.00831384658813477,0.0,0.0
0.044,1.0799067466373722,-0.008358329772949216,0.0,0.0
0.04425,1.0806822591051926,-0.00839518356323242,0.0,0.0
0.0445,1.0814918399204734,-0.008426315307617185,0.0,0.0
0.04475,1.0822780180309108,-0.008459831237792967,0.0,0.0
0.045,1.0830589132872988,-0.008455200195312498,0.0,0.0
0.04525,1.0838080453962067,-0.008484901428222655,0.0,0.0
0.0455,1.0846148839992011,-0.008493621826171874,0.0,0.0
0.04575,1.0853193575761597,-0.008541919708251952,0.0,0.0
0.046,1.0859446024743271,-0.008602615356445312,0.0,0.0
0.04625,1.0866791890449998,-0.00862945556640625,0.0,0.0
0.0465,1.0874372686915759,-0.00863531494140625,0.0,0.0
0.04675,1.0881858865127547,-0.008683135986328125,0.0,0.0
0.047,1.088934112109389,-0.00869900894165039,0.0,0.0
0.04725,1.0896065013063725,-0.008757320404052735,0.0,0.0
0.0475,1.090351816879108,-0.008784160614013672,0.0,0.0
0.04775,1.091086704099947,-0.008790019989013673,0.0,0.0
0.048,1.0917359204439516,-0.008853099822998048,0.0,0.0
0.04825,1.0924183072411615,-0.008885662078857423,0.0,0.0
0.0485,1.0930684891277835,-0.008928714752197267,0.0,0.0
0.04875,1.0937762875207153,-0.008958415985107424,0.0,0.0
0.049,1.0944978348527088,-0.00897428894042969,0.0,0.0
0.04925,1.0951997201324293,-0.00900923538208008,0.0,0.0
0.0495,1.0959065677013644,-0.009039890289306643,0.0,0.0
0.04975,1.0966104671262107,-0.009068637847900393,0.0,0.0
0.05,1.097247357898786,-0.0091059684753418,0.0,0.0
0.05025,1.0979560757069722,-0.009112781524658206,0.0,0.0
0.0505,1.098587800366356,-0.009158218383789066,0.0,0.0
0.05075,1.0992977301823568,-0.00918601226806641,0.0,0.0
0.051000000000000004,1.0999228313824734,-0.009255290985107426,0.0,0.0
0.051250000000000004,1.1005573421076194,-0.00930454254150391,0.0,0.0
0.051500000000000004,1.1012036915613852,-0.009358085632324223,0.0,0.0
0.051750000000000004,1.1018871551877716,-0.009385402679443364,0.0,0.0
0.052000000000000005,1.1025540589114238,-0.009438468933105473,0.0,0.0
0.05225,1.1032547447100782,-0.00947389221191406,0.0,0.0
0.0525,1.1039066450054469,-0.00951169967651367,0.0,0.0
0.05275,1.104570653652491,-0.009536632537841795,0.0,0.0
0.053,1.1052176524883974,-0.009570148468017577,0.0,0.0
0.05325,1.1058653783746915,-0.009601757049560546,0.0,0.0
0.0535,1.1065440725601454,-0.009612384796142577,0.0,0.0
0.05375,1.1071807309297497,-0.009665451049804687,0.0,0.0
0.054,1.1077972484873184,-0.009710411071777343,0.0,0.0
0.05425,1.108471861379225,-0.009733913421630859,0.0,0.0
0.0545,1.1090917223387886,-0.009758846282958984,0.0,0.0
0.05475,1.1097305535722681,-0.009802852630615234,0.0,0.0
0.055,1.1103412577985992,-0.009859733581542969,0.0,0.0
0.05525,1.11099645680064,-0.009870838165283204,0.0,0.0
0.0555,1.1116362037994905,-0.009891956329345704,0.0,0.0
0.05575,1.1122545589994355,-0.009926425933837892,0.0,0.0
0.056,1.112903774087449,-0.009956127166748048,0.0,0.0
0.05625,1.113527075869151,-0.009984874725341798,0.0,0.0
0.0565,1.1141801187679148,-0.010019344329833986,0.0,0.0
0.05675,1.1147911001867332,-0.010060489654541017,0.0,0.0
0.057,1.1153820679966058,-0.010085899353027346,0.0,0.0
0.05725,1.116024511966617,-0.010105587005615237,0.0,0.0
0.0575,1.1166346767909703,-0.010145778656005862,0.0,0.0
0.05775,1.1172627818913266,-0.010196937561035159,0.0,0.0
0.058,1.1179254006467776,-0.01021805572509766,0.0,0.0
0.05825,1.1185937078122632,-0.010222007751464847,0.0,0.0
0.0585,1.119183831752886,-0.010253139495849613,0.0,0.0
0.058750000000000004,1.1198169859946652,-0.010246601104736332,0.0,0.0
0.059000000000000004,1.1203972772297792,-0.010291084289550785,0.0,0.0
0.059250000000000004,1.121002612245327,-0.010326507568359379,0.0,0.0
0.059500000000000004,1.121617239361115,-0.010348102569580082,0.0,0.0
0.059750000000000004,1.122232130567649,-0.010385433197021489,0.0,0.0
0.06,1.1228707214221734,-0.010417518615722654,0.0,0.0
0.06025,1.1234409218571653,-0.010475353240966795,0.0,0.0
0.0605,1.1240395170736701,-0.010512207031249998,0.0,0.0
0.06075,1.1246257838936637,-0.010545246124267577,0.0,0.0
0.061,1.1252704607779451,-0.01055778121948242,0.0,0.0
0.06125,1.1259091663368663,-0.010577468872070311,0.0,0.0
0.0615,1.1265521704667558,-0.01058618927001953,0.0,0.0
0.06175,1.1271170014931169,-0.010615413665771484,0.0,0.0
0.062,1.1277037162976333,-0.010655128479003906,0.0,0.0
0.06225,1.128244955690294,-0.010720592498779297,0.0,0.0
0.0625,1.12884719872183,-0.010747432708740234,0.0,0.0
0.06275,1.129441483639308,-0.010771888732910156,0.0,0.0
0.063,1.130048459904964,-0.010767734527587891,0.0,0.0
0.06325,1.1306312233934874,-0.010787422180175782,0.0,0.0
0.0635,1.1312120320427486,-0.010827613830566407,0.0,0.0
0.06375,1.1318301767075096,-0.010839195251464845,0.0,0.0
0.064,1.1323861485932143,-0.010879863739013673,0.0,0.0
0.06425,1.1329764174862853,-0.010903842926025392,0.0,0.0
0.0645,1.1335640444853274,-0.010919239044189455,0.0,0.0
0.06475,1.1340846972942322,-0.01095943069458008,0.0,0.0
0.065,1.1346744654240255,-0.011008205413818362,0.0,0.0
0.06525,1.1352118404484526,-0.011063179016113284,0.0,0.0
0.0655,1.1357537547457626,-0.011104801177978518,0.0,0.0
0.06575,1.1363250267582836,-0.011134979248046878,0.0,0.0
0.066,1.1368756895763363,-0.01118852233886719,0.0,0.0
0.06625,1.1374667975442876,-0.011220607757568363,0.0,0.0
0.0665,1.138061057157222,-0.011243633270263675,0.0,0.0
0.06675,1.138626327418739,-0.011275241851806644,0.0,0.0
0.067,1.1392260743654112,-0.011287300109863285,0.0,0.0
0.06725,1.139813681247132,-0.011316047668457035,0.0,0.0
0.0675,1.1403976382647474,-0.011334304809570317,0.0,0.0
0.06775,1.1409218762631967,-0.011396430969238286,0.0,0.0
0.068,1.1414437682721519,-0.011433761596679692,0.0,0.0
0.06825,1.1420019375405648,-0.011462985992431646,0.0,0.0
0.0685,1.1425799306499271,-0.011475044250488287,0.0,0.0
0.06875,1.1431415005221588,-0.011486625671386724,0.0,0.0
0.069,1.1436847902778144,-0.011503452301025396,0.0,0.0
0.06925,1.1442362111928426,-0.0115403060913086,0.0,0.0
0.0695,1.1448186944437073,-0.011545688629150397,0.0,0.0
0.06975,1.1453613478644575,-0.011571098327636725,0.0,0.0
0.07,1.1459304014399063,-0.011605567932128913,0.0,0.0
0.07025,1.1464647211508967,-0.011630977630615241,0.0,0.0
0.07050000000000001,1.1470064415309027,-0.011684997558593757,0.0,0.0
0.07075000000000001,1.1475470278575028,-0.011715175628662117,0.0,0.0
0.07100000000000001,1.1480814286651277,-0.011731048583984383,0.0,0.0
0.07125000000000001,1.14861677495397,-0.011751213073730477,0.0,0.0
0.07150000000000001,1.1491494748908413,-0.011782344818115242,0.0,0.0
0.07175000000000001,1.1497175566756277,-0.01179392623901368,0.0,0.0
0.07200000000000001,1.1502619865624046,-0.011804077148437508,0.0,0.0
0.07225,1.1508305822769365,-0.01181375122070312,0.0,0.0
0.0725,1.1513853356253332,-0.01183629989624023,0.0,0.0
0.07275,1.1519053060953819,-0.011869338989257808,0.0,0.0
0.073,1.1524392434738886,-0.011894748687744136,0.0,0.0
0.07325,1.1529832409120282,-0.011920635223388668,0.0,0.0
0.0735,1.1535228188493145,-0.011940799713134762,0.0,0.0
0.07375,1.1540645463759172,-0.011958103179931637,0.0,0.0
0.074,1.154619499921918,-0.011980651855468746,0.0,0.0
0.07425,1.1551415079222145,-0.01203276443481445,0.0,0.0
0.0745,1.155679784474514,-0.012056266784667966,0.0,0.0
0.07475,1.156225914922277,-0.012065464019775388,0.0,0.0
0.075,1.1567473987268269,-0.012088012695312497,0.0,0.0
0.07525,1.1572556901614046,-0.012107223510742185,0.0,0.0
0.0755,1.1577665719484989,-0.012135017395019529,0.0,0.0
0.07575,1.1582997232013548,-0.012165195465087889,0.0,0.0
0.076,1.1588022080603622,-0.012190128326416014,0.0,0.0
0.07625,1.1592977748268773,-0.012240810394287108,0.0,0.0
0.0765,1.1597957924914974,-0.01226383590698242,0.0,0.0
0.07675,1.1602984068329643,-0.012288291931152343,0.0,0.0
0.077,1.160818378358869,-0.012320377349853515,0.0,0.0
0.07725,1.1613175219032041,-0.012347217559814452,0.0,0.0
0.0775,1.1618456012400722,-0.01234973907470703,0.0,0.0
0.07775,1.1623580553383444,-0.012393268585205078,0.0,0.0
0.078,1.1628473483965824,-0.01242678451538086,0.0,0.0
0.07825,1.163352845400225,-0.012436935424804688,0.0,0.0
0.0785,1.1638755369254927,-0.012443748474121094,0.0,0.0
0.07875,1.1643492120393286,-0.012509689331054688,0.0,0.0
0.079,1.1648653233687534,-0.012500289916992188,0.0,0.0
0.07925,1.1653804327597408,-0.012521408081054688,0.0,0.0
0.0795,1.1658908228901157,-0.012544433593750001,0.0,0.0
0.07975,1.1663601093002216,-0.012580333709716798,0.0,0.0
0.08,1.166868606296346,-0.012602882385253908,0.0,0.0
0.08025,1.167392533900175,-0.012613986968994143,0.0,0.0
0.0805,1.1678983629365889,-0.012640350341796877,0.0,0.0
0.08075,1.168389970127048,-0.012673866271972659,0.0,0.0
0.081,1.1688477683671565,-0.012726455688476565,0.0,0.0
0.08125,1.169352762453072,-0.012758064270019534,0.0,0.0
0.0815,1.1698461342041084,-0.01278156661987305,0.0,0.0
0.08175,1.1703542829779754,-0.012810791015625003,0.0,0.0
0.082,1.1708307285186939,-0.01285432052612305,0.0,0.0
0.08225,1.171399552329141,-0.012838245391845707,0.0,0.0
0.0825,1.1719036777842256,-0.012840290069580082,0.0,0.0
0.08275,1.172403184865162,-0.012880481719970707,0.0,0.0
0.083,1.1728882393939832,-0.012914474487304692,0.0,0.0
0.08325,1.1733611902341374,-0.01293082427978516,0.0,0.0
0.0835,1.1738388733548732,-0.012981029510498052,0.0,0.0
0.08375,1.174352557284767,-0.013011207580566411,0.0,0.0
0.084,1.174901041836506,-0.013014205932617193,0.0,0.0
0.08425,1.175381555313568,-0.013055828094482427,0.0,0.0
0.0845,1.175856675600794,-0.013096496582031256,0.0,0.0
0.08475,1.1763485548011436,-0.013118568420410162,0.0,0.0
0.085,1.1768078065262142,-0.013156375885009772,0.0,0.0
0.08525,1.177300079239906,-0.013185123443603522,0.0,0.0
0.0855,1.1778094008797106,-0.013197181701660163,0.0,0.0
0.08575,1.1783146988022053,-0.013220207214355476,0.0,0.0
0.08600000000000001,1.178799384530379,-0.013246093750000007,0.0,0.0
0.08625000000000001,1.1792827494651967,-0.01328294754028321,0.0,0.0
0.08650000000000001,1.1797604951005143,-0.013315032958984382,0.0,0.0
0.08675000000000001,1.180255258172315,-0.013330429077148445,0.0,0.0
0.08700000000000001,1.1807267675819126,-0.01335679244995118,0.0,0.0
0.08725000000000001,1.181204940843417,-0.013362174987792977,0.0,0.0
0.08750000000000001,1.1816724198912312,-0.013390922546386727,0.0,0.0
0.08775000000000001,1.1821576294665632,-0.013410133361816415,0.0,0.0
0.088,1.1826472930912697,-0.013439357757568354,0.0,0.0
0.08825,1.1831663553632115,-0.01344760131835937,0.0,0.0
0.0885,1.1836632126099886,-0.013484931945800777,0.0,0.0
0.08875,1.1841230493571984,-0.01351558685302734,0.0,0.0
0.089,1.1846497299101149,-0.013501419067382808,0.0,0.0
0.08925,1.1851419622973283,-0.01352730560302734,0.0,0.0
0.0895,1.1855917963535925,-0.013545562744140621,0.0,0.0
0.08975,1.186035378559043,-0.013574787139892575,0.0,0.0
0.09,1.1864765593370175,-0.013609733581542965,0.0,0.0
0.09025,1.186930328853595,-0.013629421234130856,0.0,0.0
0.0905,1.1874065370001792,-0.01363289642333984,0.0,0.0
0.09075,1.1878902900605286,-0.013648292541503904,0.0,0.0
0.091,1.188371744008413,-0.013681331634521482,0.0,0.0
0.09125,1.1888449039074398,-0.013695297241210935,0.0,0.0
0.0915,1.1893113269708107,-0.013714984893798826,0.0,0.0
0.09175,1.1897804989414427,-0.013752315521240233,0.0,0.0
0.092,1.1902734898783847,-0.013773433685302733,0.0,0.0
0.09225,1.1907183827161145,-0.013806472778320311,0.0,0.0
0.0925,1.1912092574041409,-0.013817100524902343,0.0,0.0
0.09275,1.1916308275022753,-0.013870166778564452,0.0,0.0
0.093,1.1920635609840802,-0.01392609405517578,0.0,0.0
0.09325,1.1925163486697263,-0.013942920684814453,0.0,0.0
0.0935,1.1929520843490358,-0.013974529266357422,0.0,0.0
0.09375,1.1933938995208937,-0.013986587524414062,0.0,0.0
0.094,1.1938596455483648,-0.014020580291748047,0.0,0.0
0.09425,1.1943083199594824,-0.01404503631591797,0.0,0.0
0.0945,1.1947975783846898,-0.014048988342285157,0.0,0.0
0.09475,1.1952528524677055,-0.014075351715087892,0.0,0.0
0.095,1.1956705053331238,-0.014103622436523439,0.0,0.0
0.09525,1.1961294706502543,-0.01410805130004883,0.0,0.0
0.0955,1.1965694875015802,-0.014144905090332033,0.0,0.0
0.09575,1.1969831097893349,-0.01417460632324219,0.0,0.0
0.096,1.1974344978811953,-0.014198108673095705,0.0,0.0
0.09625,1.1978670810740129,-0.014242591857910158,0.0,0.0
0.0965,1.1983067003749577,-0.014264663696289065,0.0,0.0
0.09675,1.1987572337455523,-0.014282920837402346,0.0,0.0
0.097,1.1992183904480622,-0.014299747467041019,0.0,0.0
0.09725,1.1996566912313518,-0.014323249816894534,0.0,0.0
0.0975,1.200095232219069,-0.014338645935058597,0.0,0.0
0.09775,1.200534122639088,-0.014371685028076175,0.0,0.0
0.098,1.200985433652252,-0.014424274444580082,0.0,0.0
0.09825,1.2014425406426217,-0.014467327117919926,0.0,0.0
0.0985,1.2019061709927716,-0.014487014770507817,0.0,0.0
0.09875,1.2023301322626736,-0.014515762329101567,0.0,0.0
0.099,1.2028038340809362,-0.014516376495361333,0.0,0.0
0.09925,1.2032415705135193,-0.014548938751220708,0.0,0.0
0.0995,1.2036767303595404,-0.014572441101074224,0.0,0.0
0.09975,1.2041233676977212,-0.014585929870605474,0.0,0.0
0.1,1.2045692445633018,-0.014613246917724615,0.0,0.0
0.10025,1.2049983602707568,-0.014644855499267584,0.0,0.0
0.1005,1.2053971131574777,-0.014686477661132818,0.0,0.0
0.10075,1.2058424879643328,-0.01471856307983399,0.0,0.0
0.101,1.2062853219013037,-0.014726806640625006,0.0,0.0
0.10125,1.2066811326777869,-0.014765567779541022,0.0,0.0
0.1015,1.2071222991590635,-0.01477095031738282,0.0,0.0
0.10175000000000001,1.2075438293423248,-0.014786346435546882,0.0,0.0
0.10200000000000001,1.2079694135229175,-0.01479935836791993,0.0,0.0
0.10225000000000001,1.208374852514903,-0.014854331970214851,0.0,0.0
0.10250000000000001,1.2087856977055051,-0.01487974166870118,0.0,0.0
0.10275000000000001,1.2092320521380056,-0.014897521972656258,0.0,0.0
0.10300000000000001,1.2096725554544603,-0.014925315856933602,0.0,0.0
0.10325000000000001,1.2101329073056524,-0.014942142486572274,0.0,0.0
0.10350000000000001,1.2105691518750792,-0.014969459533691415,0.0,0.0
0.10375000000000001,1.2110214673024964,-0.014981517791748056,0.0,0.0
0.10400000000000001,1.2114579555505456,-0.014996913909912118,0.0,0.0
0.10425,1.2118819165614014,-0.015041397094726558,0.0,0.0
0.1045,1.212309696985001,-0.015066329956054683,0.0,0.0
0.10475,1.2127531295667615,-0.015091262817382808,0.0,0.0
0.105,1.2132154180828043,-0.01508520126342773,0.0,0.0
0.10525,1.213649056316803,-0.01512443923950195,0.0,0.0
0.1055,1.2140569772181509,-0.015157001495361325,0.0,0.0
0.10575,1.2144768945391728,-0.01516810607910156,0.0,0.0
0.106,1.2148635913225052,-0.015207820892333981,0.0,0.0
0.10625,1.2152911211961843,-0.015224647521972653,0.0,0.0
0.1065,1.2157113110976794,-0.01524528884887695,0.0,0.0
0.10675,1.2161156553782293,-0.015277374267578123,0.0,0.0
0.107,1.2164993374679094,-0.015310890197753904,0.0,0.0
0.10725,1.2168989883443573,-0.015328670501708982,0.0,0.0
0.1075,1.2173247438897128,-0.01534788131713867,0.0,0.0
0.10775,1.217760977372472,-0.015357555389404295,0.0,0.0
0.108,1.2181880312400828,-0.01537009048461914,0.0,0.0
0.10825,1.2185824054664345,-0.015405990600585937,0.0,0.0
0.1085,1.2190161971963849,-0.015402313232421874,0.0,0.0
0.10875,1.2194227403382771,-0.015444889068603515,0.0,0.0
0.109,1.2198184908536875,-0.015482219696044922,0.0,0.0
0.10925,1.2202379139646686,-0.015501907348632812,0.0,0.0
0.1095,1.2206529202911978,-0.015538761138916016,0.0,0.0
0.10975,1.2210479890313901,-0.015577045440673828,0.0,0.0
0.11,1.2214789972383713,-0.015588626861572266,0.0,0.0
0.11025,1.221869602760712,-0.015632156372070313,0.0,0.0
0.1105,1.2222792946708836,-0.015654705047607423,0.0,0.0
0.11075,1.2227198337619254,-0.015668193817138673,0.0,0.0
0.111,1.2231618296666729,-0.015669284820556642,0.0,0.0
0.11125,1.223588412114029,-0.015678482055664064,0.0,0.0
0.1115,1.224011900900471,-0.015707229614257814,0.0,0.0
0.11175,1.2244220076824424,-0.015729778289794924,0.0,0.0
0.112,1.224832597878706,-0.01575804901123047,0.0,0.0
0.11225,1.2252583211595915,-0.015761524200439456,0.0,0.0
0.1125,1.2256616970672853,-0.015802669525146487,0.0,0.0
0.11275,1.2260479491469196,-0.0158562126159668,0.0,0.0
0.113,1.2264531492244277,-0.015881622314453128,0.0,0.0
0.11325,1.2268597294898673,-0.015905601501464847,0.0,0.0
0.1135,1.2272343805578565,-0.015953899383544926,0.0,0.0
0.11375,1.2276197659423915,-0.015981216430664066,0.0,0.0
0.114,1.228020485500942,-0.016003288269042973,0.0,0.0
0.11425,1.2284328680771082,-0.016037281036376957,0.0,0.0
0.1145,1.2288302417908659,-0.016071750640869145,0.0,0.0
0.11475,1.2292666904159653,-0.016086669921875005,0.0,0.0
0.115,1.229664180767627,-0.016104450225830083,0.0,0.0
0.11525,1.2300849915532441,-0.016110309600830083,0.0,0.0
0.1155,1.2304950609549117,-0.016129997253417974,0.0,0.0
0.11575,1.230915947075224,-0.016154453277587896,0.0,0.0
0.116,1.231293512839759,-0.01618224716186524,0.0,0.0
0.11625,1.2316940582022429,-0.016185722351074225,0.0,0.0
0.1165,1.2321041405005637,-0.016200641632080084,0.0,0.0
0.11675,1.2325351139489182,-0.016215560913085944,0.0,0.0
0.117,1.2329320290915262,-0.016253845214843757,0.0,0.0
0.11725000000000001,1.2333296794795519,-0.01627067184448243,0.0,0.0
0.11750000000000001,1.2337121945105292,-0.016291313171386726,0.0,0.0
0.11775000000000001,1.234103154711854,-0.016319583892822273,0.0,0.0
0.11800000000000001,1.234498365104074,-0.01633259582519532,0.0,0.0
0.11825000000000001,1.234894915934773,-0.016339408874511727,0.0,0.0
0.11850000000000001,1.2352997325120838,-0.016366249084472664,0.0,0.0
0.11875000000000001,1.2356912645657312,-0.01638975143432618,0.0,0.0
0.11900000000000001,1.2360973817700076,-0.01641516113281251,0.0,0.0
0.11925000000000001,1.2364968388895607,-0.01642292785644532,0.0,0.0
0.11950000000000001,1.2368981572070716,-0.016432125091552743,0.0,0.0
0.11975000000000001,1.2372948787410265,-0.016452289581298837,0.0,0.0
0.12,1.2376998746258425,-0.016466255187988277,0.0,0.0
0.12025,1.2380601845701245,-0.016517890930175777,0.0,0.0
0.1205,1.2384738225971748,-0.01653805541992187,0.0,0.0
0.12075,1.23888659696158,-0.016553928375244137,0.0,0.0
0.121,1.2392647884875876,-0.01656789398193359,0.0,0.0
0.12125,1.2396492116020064,-0.01657852172851562,0.0,0.0
0.1215,1.2400322451244845,-0.016600116729736325,0.0,0.0
0.12175,1.2404340895656103,-0.01662171173095703,0.0,0.0
0.122,1.240818495815347,-0.016640445709228513,0.0,0.0
0.12225,1.2412075894752204,-0.01665488815307617,0.0,0.0
0.1225,1.2416123882757846,-0.016658363342285154,0.0,0.0
0.12275,1.2419950936290336,-0.016684249877929686,0.0,0.0
0.123,1.242366288780089,-0.016709659576416014,0.0,0.0
0.12325,1.242735620647419,-0.01675318908691406,0.0,0.0
0.1235,1.243097682451689,-0.016767154693603514,0.0,0.0
0.12375,1.2434610765199867,-0.016800670623779296,0.0,0.0
0.124,1.2438448198406329,-0.016825126647949218,0.0,0.0
0.12425,1.244229304915732,-0.016865318298339843,0.0,0.0
0.1245,1.2446079659476244,-0.01687546920776367,0.0,0.0
0.12475,1.2450019275088553,-0.016892295837402344,0.0,0.0
0.125,1.2453836644312912,-0.016913414001464844,0.0,0.0
0.12525,1.2457576218559627,-0.016942161560058594,0.0,0.0
0.1255,1.246143021922451,-0.016952312469482422,0.0,0.0
0.12575,1.2465364058440305,-0.016984874725341798,0.0,0.0
0.126,1.2469053877246608,-0.017007423400878907,0.0,0.0
0.12625,1.2472745484843042,-0.017037124633789064,0.0,0.0
0.1265,1.2476456640395752,-0.017072547912597658,0.0,0.0
0.12675,1.2480241900240077,-0.01708794403076172,0.0,0.0
0.127,1.2484236207421477,-0.017094757080078127,0.0,0.0
0.12725,1.248818493744202,-0.017110630035400393,0.0,0.0
0.1275,1.249210922587027,-0.017125549316406252,0.0,0.0
0.12775,1.2495712734988436,-0.017151435852050784,0.0,0.0
0.128,1.2499306825338525,-0.017173030853271487,0.0,0.0
0.12825,1.2503194884666482,-0.017201778411865237,0.0,0.0
0.1285,1.2507085326184382,-0.017205253601074222,0.0,0.0
0.12875,1.251087442791369,-0.017218742370605472,0.0,0.0
0.129,1.2514756038519912,-0.01724272155761719,0.0,0.0
0.12925,1.2518670756292511,-0.0172652702331543,0.0,0.0
0.1295,1.2522143957228242,-0.017304031372070316,0.0,0.0
0.12975,1.2525638287926677,-0.017346130371093754,0.0,0.0
0.13,1.2529467560600085,-0.017367248535156254,0.0,0.0
0.13025,1.2533175414406261,-0.01738788986206055,0.0,0.0
0.1305,1.2536998335841298,-0.01739804077148438,0.0,0.0
0.13075,1.254064621247768,-0.01741772842407227,0.0,0.0
0.131,1.2544355918096306,-0.017436462402343755,0.0,0.0
0.13125,1.2548318822119733,-0.017440414428710943,0.0,0.0
0.1315,1.2552228065360902,-0.01744245910644532,0.0,0.0
0.13175,1.2555849103669545,-0.01745928573608399,0.0,0.0
0.132,1.255976329466547,-0.017457038879394537,0.0,0.0
0.13225,1.2563278626767205,-0.017485786437988288,0.0,0.0
0.1325,1.2567129466707454,-0.01748735427856446,0.0,0.0
0.13275,1.2570837030895228,-0.017498458862304694,0.0,0.0
0.133,1.2574809140987258,-0.01750050354003907,0.0,0.0
0.13325,1.2578516876823274,-0.017508747100830085,0.0,0.0
0.1335,1.258185255758066,-0.017531295776367195,0.0,0.0
0.13375,1.2585764832814876,-0.017536678314208992,0.0,0.0
0.134,1.2589451305903419,-0.017561134338378914,0.0,0.0
0.13425,1.2593027212281915,-0.017612770080566414,0.0,0.0
0.1345,1.2596793793364867,-0.017646286010742196,0.0,0.0
0.13475,1.2600825896062728,-0.017634025573730477,0.0,0.0
0.135,1.2604368465642868,-0.017651805877685556,0.0,0.0
0.13525,1.2607970236118577,-0.017663387298583993,0.0,0.0
0.1355,1.2611648541334133,-0.017685935974121103,0.0,0.0
0.13575,1.2615295427700577,-0.017694656372070322,0.0,0.0
0.136,1.2619069023714542,-0.017721019744873057,0.0,0.0
0.13625,1.2622773452775926,-0.017727832794189463,0.0,0.0
0.1365,1.262654272851145,-0.017713665008544932,0.0,0.0
0.13675,1.2630385975502776,-0.017721431732177745,0.0,0.0
0.137,1.263405622865012,-0.01774922561645509,0.0,0.0
0.13725,1.263751510143282,-0.017765098571777355,0.0,0.0
0.1375,1.2641056684922423,-0.01778240203857423,0.0,0.0
0.13775,1.2644856279724777,-0.017773479461669933,0.0,0.0
0.138,1.2648647935635515,-0.017791736602783215,0.0,0.0
0.13825,1.2652378915615627,-0.017797595977783215,0.0,0.0
0.1385,1.2656127877918517,-0.017802978515625012,0.0,0.0
0.13875,1.2659530918399353,-0.017826480865478528,0.0,0.0
0.139,1.2662904914261328,-0.01786333465576173,0.0,0.0
0.13925,1.2666656690699885,-0.01788254547119142,0.0,0.0
0.1395,1.267010735691363,-0.017928936004638685,0.0,0.0
0.13975,1.2673596693734581,-0.017942901611328138,0.0,0.0
0.14,1.2677242796223787,-0.01795639038085939,0.0,0.0
0.14025,1.2681043189808698,-0.017969402313232435,0.0,0.0
0.1405,1.2684713826307363,-0.017970493316650404,0.0,0.0
0.14075000000000001,1.268831734690795,-0.01800162506103517,0.0,0.0
0.14100000000000001,1.269184562275552,-0.018024650573730483,0.0,0.0
0.14125000000000001,1.2695544521734061,-0.018041000366210952,0.0,0.0
0.14150000000000001,1.2699325995644395,-0.018047336578369155,0.0,0.0
0.14175000000000001,1.270294469944385,-0.018070362091064468,0.0,0.0
0.14200000000000002,1.270668466745305,-0.018089096069335953,0.0,0.0
0.14225000000000002,1.2710383057466008,-0.018089233398437515,0.0,0.0
0.14250000000000002,1.2713860608582894,-0.018103675842285172,0.0,0.0
0.14275000000000002,1.2717664831427795,-0.01811525726318361,0.0,0.0
0.14300000000000002,1.2721295221934237,-0.01813923645019533,0.0,0.0
0.14325000000000002,1.2724991522768274,-0.018141757965087907,0.0,0.0
0.14350000000000002,1.2728640108663734,-0.01815238571166994,0.0,0.0
0.14375000000000002,1.273213334858029,-0.018174457550048845,0.0,0.0
0.14400000000000002,1.2735757025395764,-0.01818413162231447,0.0,0.0
0.14425,1.2739247106132727,-0.01822480010986327,0.0,0.0
0.1445,1.2742728908008716,-0.01825926971435546,0.0,0.0
0.14475,1.2746252647212062,-0.018281341552734365,0.0,0.0
0.145,1.2749992675257336,-0.018290538787841787,0.0,0.0
0.14525,1.2753380644266645,-0.01831690216064452,0.0,0.0
0.1455,1.2756808599094194,-0.018359477996826162,0.0,0.0
0.14575,1.2760183096430595,-0.018377735137939444,0.0,0.0
0.146,1.2763872037667645,-0.018375965118408194,0.0,0.0
0.14625,1.2767494964839212,-0.018395652770996085,0.0,0.0
0.1465,1.2770872250150878,-0.018426307678222648,0.0,0.0
0.14675,1.277424089591993,-0.018458869934082023,0.0,0.0
0.147,1.2777957047424415,-0.018442317962646476,0.0,0.0
0.14725,1.278163457103899,-0.018445316314697258,0.0,0.0
0.1475,1.2784887128721678,-0.01847597122192382,0.0,0.0
0.14775,1.278836394554958,-0.018493274688720696,0.0,0.0
0.148,1.2791717642829348,-0.018512485504150383,0.0,0.0
0.14825,1.2795206145046942,-0.018508331298828118,0.0,0.0
0.1485,1.2798769685758278,-0.018509422302246087,0.0,0.0
0.14875,1.2802599955314373,-0.018487625122070306,0.0,0.0
0.149,1.2806142152627582,-0.018514942169189447,0.0,0.0
0.14925,1.280962923794879,-0.018534152984619134,0.0,0.0
0.1495,1.281321777377927,-0.018540489196777338,0.0,0.0
0.14975,1.2816795187882144,-0.018567329406738275,0.0,0.0
0.15,1.2820310549821352,-0.018585586547851557,0.0,0.0
0.15025,1.2823969992359534,-0.01859192276000976,0.0,0.0
0.1505,1.2827252142629635,-0.018619716644287104,0.0,0.0
0.15075,1.2830919947247896,-0.018628437042236323,0.0,0.0
0.151,1.2834377785256657,-0.01864907836914062,0.0,0.0
0.15125,1.2837685868236877,-0.018661613464355464,0.0,0.0
0.1515,1.284122818159898,-0.018679870605468746,0.0,0.0
0.15175,1.2844740973328632,-0.018701942443847652,0.0,0.0
0.152,1.2848310399168752,-0.01871829223632812,0.0,0.0
0.15225,1.2851766528332162,-0.01872367477416992,0.0,0.0
0.1525,1.2855305823448302,-0.018732395172119137,0.0,0.0
0.15275,1.2858502638879186,-0.018753513336181638,0.0,0.0
0.153,1.2862030183484996,-0.018771293640136716,0.0,0.0
0.15325,1.286544413706146,-0.018777153015136716,0.0,0.0
0.1535,1.2868860167292493,-0.018800655364990232,0.0,0.0
0.15375,1.2872538328699523,-0.01880746841430664,0.0,0.0
0.154,1.287589478446343,-0.018835739135742186,0.0,0.0
0.15425,1.2879259477250369,-0.018842552185058592,0.0,0.0
0.1545,1.2882609208757008,-0.018873683929443358,0.0,0.0
0.15475,1.2885934836689783,-0.018894325256347655,0.0,0.0
0.155,1.2889461714446835,-0.018903522491455077,0.0,0.0
0.15525,1.289291064148173,-0.018915103912353515,0.0,0.0
0.1555,1.2896236143241984,-0.01893240737915039,0.0,0.0
0.15575,1.2899566879998314,-0.018962108612060546,0.0,0.0
0.156,1.290301744898259,-0.018980365753173828,0.0,0.0
0.15625,1.290634542973926,-0.018986225128173828,0.0,0.0
0.1565,1.2909734745198196,-0.019004959106445313,0.0,0.0
0.15675,1.291295333192345,-0.019027984619140625,0.0,0.0
0.157,1.2916503018030028,-0.01901620101928711,0.0,0.0
0.15725,1.2920048856988737,-0.01902635192871094,0.0,0.0
0.1575,1.2923462316266154,-0.019049854278564454,0.0,0.0
0.15775,1.2927082969351948,-0.019053806304931642,0.0,0.0
0.158,1.2930586230096082,-0.019067771911621095,0.0,0.0
0.15825,1.293393954711024,-0.019081260681152346,0.0,0.0
0.1585,1.2937317372008796,-0.019113346099853518,0.0,0.0
0.15875,1.2940693288262453,-0.01911062240600586,0.0,0.0
0.159,1.2944102387899168,-0.019141754150390627,0.0,0.0
0.15925,1.294769342615247,-0.0191433219909668,0.0,0.0
0.1595,1.2951276953318274,-0.01914775085449219,0.0,0.0
0.15975,1.2954717002582528,-0.01915027236938477,0.0,0.0
0.16,1.295804090994384,-0.01916852951049805,0.0,0.0
0.16025,1.2961436351365878,-0.019190124511718754,0.0,0.0
0.1605,1.2965197477234873,-0.01918024826049805,0.0,0.0
0.16075,1.2968669690136707,-0.01918610763549805,0.0,0.0
0.161,1.2972020432814446,-0.019209133148193364,0.0,0.0
0.16125,1.2975575221817484,-0.01918542861938477,0.0,0.0
0.1615,1.2978942761280865,-0.019198440551757817,0.0,0.0
0.16175,1.2982284619853313,-0.019221942901611333,0.0,0.0
0.162,1.2985779188896696,-0.01921826553344727,0.0,0.0
0.16225,1.2989271985185562,-0.01922269439697266,0.0,0.0
0.1625,1.2992487912894537,-0.019255256652832037,0.0,0.0
0.16275,1.299577134463255,-0.019274467468261725,0.0,0.0
0.163,1.299901570944377,-0.019295585632324225,0.0,0.0
0.16325,1.300237683799284,-0.019326240539550787,0.0,0.0
0.1635,1.30056684030024,-0.019344974517822272,0.0,0.0
0.16375,1.3009178016303968,-0.019345588684082038,0.0,0.0
0.164,1.3012583409533538,-0.019333805084228523,0.0,0.0
0.16425,1.3015601473437095,-0.01937447357177735,0.0,0.0
0.1645,1.3018801167418472,-0.01940751266479493,0.0,0.0
0.16475,1.302212647673871,-0.019434352874755867,0.0,0.0
0.165,1.3025372473534167,-0.019463100433349617,0.0,0.0
0.16525,1.302864015676234,-0.019489463806152352,0.0,0.0
0.1655,1.3031737890834003,-0.019541099548339852,0.0,0.0
0.16575,1.3034929009062597,-0.01957843017578126,0.0,0.0
0.166,1.3038206021925127,-0.019580951690673837,0.0,0.0
0.16625,1.3041679079548765,-0.019602069854736337,0.0,0.0
0.1665,1.304495105132396,-0.01962509536743165,0.0,0.0
0.16675,1.3048496849727134,-0.019610450744628916,0.0,0.0
0.167,1.3051759428798317,-0.01962632369995118,0.0,0.0
0.16725,1.3055147383606447,-0.019623600006103525,0.0,0.0
0.1675,1.3058340264813317,-0.01964853286743165,0.0,0.0
0.16775,1.3062009498628226,-0.01963293457031251,0.0,0.0
0.168,1.306541889503541,-0.019646900177001964,0.0,0.0
0.16825,1.3068907448694995,-0.019636547088623058,0.0,0.0
0.1685,1.3072216657594398,-0.01966100311279298,0.0,0.0
0.16875,1.307558192600042,-0.01966686248779298,0.0,0.0
0.169,1.3078955922637188,-0.019677967071533214,0.0,0.0
0.16925,1.3082580807471356,-0.019665229797363293,0.0,0.0
0.1695,1.3086113609067596,-0.0196720428466797,0.0,0.0
0.16975,1.308945535255964,-0.019696975708007824,0.0,0.0
0.17,1.3092633132996778,-0.01970998764038087,5e-324,0.0
0.17025,1.3095824100135807,-0.019725383758544934,1e-323,0.0
0.1705,1.3099294005650015,-0.019734580993652356,2e-323,0.0
0.17075,1.3102541953923699,-0.019769050598144544,4e-323,0.0
0.171,1.3105789519714452,-0.019766326904296888,7.4e-323,0.0
0.17125,1.310890797098275,-0.019806518554687513,1.5e-322,0.0
0.1715,1.3112431055065614,-0.01981190109252931,2.96e-322,0.0
0.17175,1.3115623509386523,-0.01985590744018556,5.93e-322,0.0
0.17200000000000001,1.3118641606776813,-0.019878932952880873,1.166e-321,0.0
0.17225000000000001,1.312208014824673,-0.01988717651367189,2.307e-321,0.0
0.17250000000000001,1.3125559850062452,-0.019868240356445327,4.56e-321,0.0
0.17275000000000001,1.312887826243291,-0.019859794616699233,8.99e-321,0.0
0.17300000000000001,1.313198270868789,-0.019896648406982437,1.771e-320,0.0
0.17325000000000002,1.313537552863465,-0.01990155410766603,3.4866e-320,0.0
0.17350000000000002,1.313863231795101,-0.019903598785400406,6.8566e-320,0.0
0.17375000000000002,1.314181756651212,-0.019926147460937516,1.34697e-319,0.0
0.17400000000000002,1.3145023344485838,-0.01995727920532228,2.6436e-319,0.0
0.17425000000000002,1.314836575412344,-0.01997219848632814,5.18314e-319,0.0
0.17450000000000002,1.3151532099109025,-0.019999992370605485,1.015246e-318,0.0
0.17475000000000002,1.3154603707295371,-0.020012050628662126,1.986673e-318,0.0
0.17500000000000002,1.3157942349173681,-0.019999313354492204,3.883806e-318,0.0
0.17525000000000002,1.3161265637411308,-0.019994205474853533,7.58522e-318,0.0
0.17550000000000002,1.3164513184458737,-0.020020568847656267,1.4799904e-317,0.0
0.17575000000000002,1.3167612019378496,-0.02003453445434572,2.8849017e-317,0.0
0.176,1.317084860192963,-0.020051361083984365,5.6180486e-317,0.0
0.17625,1.317441494357905,-0.020026702880859365,1.0930089e-316,0.0
0.1765,1.3177819653007918,-0.02003303909301757,2.12445125e-316,0.0
0.17675,1.3181280645135853,-0.02004509735107421,4.12530313e-316,0.0
0.177,1.3184412947739217,-0.020061447143554678,8.00298813e-316,0.0
0.17725,1.3187596970448419,-0.02006301498413085,1.55108944e-315,0.0
0.1775,1.319084243454547,-0.02006887435913085,3.003385185e-315,0.0
0.17775,1.3193917325048292,-0.020107635498046866,5.80999689e-315,0.0
0.178,1.3197165071247778,-0.02013685989379882,1.122878036e-314,0.0
0.17825,1.3200476875272462,-0.020133182525634757,2.16811462e-314,0.0
0.1785,1.3203497329824352,-0.020175281524658195,4.1824040887e-314,0.0
0.17875,1.3206811807243772,-0.020161590576171867,8.060555589e-314,0.0
0.179,1.3210004464522556,-0.020188907623291008,1.5520307688e-313,0.0
0.17925,1.3213130906572612,-0.02021193313598632,2.9856105879e-313,0.0
0.1795,1.3216380328792867,-0.020200149536132805,5.73805361977e-313,0.0
0.17975,1.321970402730531,-0.020199333190917962,1.10178222318e-312,0.0
0.18,1.3222812981869947,-0.02022760391235351,2.113624077887e-312,0.0
0.18025,1.3226057831800504,-0.020240139007568353,4.0509946278e-312,0.0
0.1805,1.3229231204862146,-0.020251243591308588,7.757086240656e-312,0.0
0.18075,1.3232532530392653,-0.020267593383789057,1.4840198189945e-311,0.0
0.181,1.323559355775909,-0.020283466339111322,2.8365209905846e-311,0.0
0.18125,1.323874398465092,-0.020292663574218744,5.416747713715e-311,0.0
0.1815,1.3242090870039822,-0.0203071060180664,1.03347173613864e-310,0.0
0.18175,1.3245353428544442,-0.020327747344970698,1.9700038039165e-310,0.0
0.182,1.3248647476314401,-0.02032931518554687,3.7518465245097e-310,0.0
0.18225,1.3251807607984918,-0.02033517456054687,7.13893901362703e-310,0.0
0.1825,1.325516167945136,-0.02035152435302734,1.3571690626227e-309,0.0
0.18275,1.3258284577385457,-0.020373596191406246,2.57778660204027e-309,0.0
0.183,1.3261341897464538,-0.02040758895874023,4.891857082863185e-309,0.0
0.18325,1.32645997201756,-0.02041487884521484,9.275031590373064e-309,0.0
0.1835,1.3267666389605295,-0.020447441101074215,1.757004686927806e-308,0.0
0.18375,1.3270920489128728,-0.020455207824707028,3.325426633496495e-308,0.0
0.184,1.3273886604660659,-0.02047823333740234,6.288394629289574e-308,0.0
0.18425,1.3277115201162482,-0.02048695373535156,1.1880951041761006e-307,0.0
0.1845,1.3280400704878397,-0.020490428924560544,2.242759243022177e-307,0.0
0.18475,1.3283488320685786,-0.02050010299682617,4.229949287276156e-307,0.0
0.185,1.3286725019502201,-0.020505008697509763,7.970943748355501e-307,0.0
0.18525,1.3289925259872297,-0.020515636444091795,1.5007467915112928e-306,0.0
0.1855,1.3293191735273044,-0.02053293991088867,2.823119174703552e-306,0.0
0.18575,1.3296254832602816,-0.020551673889160155,5.306108402205326e-306,0.0
0.186,1.3299226849350587,-0.020571361541748046,9.964353999321073e-306,0.0
0.18625,1.330259931943413,-0.02056243896484375,1.8696025966445904e-305,0.0
0.1865,1.3305779227876637,-0.020567821502685546,3.5049157147882745e-305,0.0
0.18675,1.3308830398716176,-0.020593231201171874,6.565003613011257e-305,0.0
0.187,1.3311762589559515,-0.020629608154296875,1.228633815184493e-304,0.0
0.18725,1.3315119727304274,-0.020624977111816406,2.2974234393794325e-304,0.0
0.1875,1.3318162094919057,-0.020652294158935547,4.292316139676615e-304,0.0
0.18775,1.3321276000435556,-0.02067818069458008,8.012635787390814e-304,0.0
0.188,1.3324444999429086,-0.020674503326416016,1.494490381481197e-303,0.0
0.18825,1.3327435176793399,-0.020698959350585938,2.785132340868212e-303,0.0
0.1885,1.3330815179022208,-0.020701004028320313,5.186023784288734e-303,0.0
0.18875,1.3334182162808648,-0.020686836242675782,9.648506409454106e-303,0.0
0.189,1.3337417025637595,-0.020702709197998048,1.793591556129959e-302,0.0
0.18925,1.334057933901187,-0.020712860107421877,3.3313927890811813e-302,0.0
0.1895,1.334369564700295,-0.020732070922851564,6.182553911429197e-302,0.0
0.18975,1.3346630867040647,-0.020768924713134768,1.1464383605625812e-301,0.0
0.19,1.3349708076907114,-0.020792427062988283,2.1241010627467727e-301,0.0
0.19025,1.3353061454873425,-0.020792087554931643,3.932260236522684e-301,0.0
0.1905,1.33561932453778,-0.02079890060424805,7.273657900292135e-301,0.0
0.19075,1.3359440549335757,-0.020812866210937503,1.3443364261806068e-300,0.0
0.191,1.3362606389438483,-0.020835891723632816,2.4826098011384405e-300,0.0
0.19125,1.3365923142404375,-0.020811233520507816,4.5809472735724375e-300,0.0
0.1915,1.3369041834205029,-0.02081327819824219,8.445966795720895e-300,0.0
0.19175,1.3372112065959665,-0.020827720642089848,1.5559355822372984e-299,0.0
0.192,1.3375098381393027,-0.020846454620361332,2.8640654319802766e-299,0.0
0.19225,1.3378035176445464,-0.02085660552978516,5.267738994983199e-299,0.0
0.1925,1.3381329037257552,-0.020846252441406254,9.680916134883087e-299,0.0
0.19275,1.3384400719348029,-0.02084972763061524,1.777708163386421e-298,0.0
0.193,1.338764858873898,-0.02086798477172852,3.261798844293136e-298,0.0
0.19325,1.339090022922762,-0.02086621475219727,5.980086654101744e-298,0.0
0.1935,1.339410629885572,-0.02087779617309571,1.095499710516187e-297,0.0
0.19375,1.3397219685794095,-0.02090511322021485,2.0052680464678236e-297,0.0
0.194,1.3400313003368676,-0.020918125152587896,3.667658251190689e-297,0.0
0.19425,1.34035624179285,-0.020922077178955084,6.702895275092709e-297,0.0
0.1945,1.3406411539568037,-0.02095177841186524,1.2240355442402893e-296,0.0
0.19475,1.3409525182930666,-0.020962406158447272,2.2334926243479278e-296,0.0
0.195,1.3412613006854976,-0.020979232788085944,4.072253321118e-296,0.0
0.19525,1.3415707803915462,-0.020998920440673835,7.419005421896042e-296,0.0
0.1955,1.3418707420530667,-0.020998580932617195,1.3505730982304507e-295,0.0
0.19575,1.3421731662814231,-0.021016361236572273,2.456704194224211e-295,0.0
0.196,1.3424816689979489,-0.02101411437988282,4.465302285285868e-295,0.0
0.19625,1.3427839887341473,-0.0210476303100586,8.109852242809557e-295,0.0
0.1965,1.3431103543925111,-0.02103489303588868,1.4717700166798948e-294,0.0
0.19675,1.3433986301817675,-0.021076515197753914,2.668902703528192e-294,0.0
0.197,1.343701987713729,-0.021107170104980477,4.836065326728111e-294,0.0
0.19725,1.3440133391634765,-0.021100154876708993,8.756267992696299e-294,0.0
0.1975,1.3443117452668893,-0.02114654541015626,1.5842154322900734e-293,0.0
0.19775,1.3446218863490862,-0.021151927947998056,2.8640366974139134e-293,0.0
0.198,1.344920121281091,-0.021183536529541025,5.173838810692678e-293,0.0
0.19825,1.3452263544324885,-0.021188919067382822,9.339379369846923e-293,0.0
0.1985,1.3455300497936569,-0.021192394256591807,1.6845921517563619e-292,0.0
0.19875,1.3458365434939972,-0.021185379028320322,3.0362951499628363e-292,0.0
0.199,1.3461365674923376,-0.021229385375976573,5.468478081328379e-292,0.0
0.19925,1.3464551016116597,-0.02123476791381837,9.841539952354387e-292,0.0
0.1995,1.3467578165771688,-0.02124682617187501,1.769842225426935e-291,0.0
0.19975,1.3470706595325823,-0.021251731872558605,3.1804001441112343e-291,0.0
0.2,1.3473715653045306,-0.021267127990722667,5.710912472108658e-291,0.0
0.20025,1.3476765533148463,-0.021284908294677746,1.0247232171365743e-290,0.0
0.2005,1.3480057989635963,-0.02129458236694337,1.8373241467095367e-290,0.0
0.20075,1.3483115063054396,-0.021319038391113293,3.291879450019849e-290,0.0
0.201,1.3486122467466117,-0.02133824920654298,5.893615409333074e-290,0.0
0.20125,1.3489011721096893,-0.02136556625366212,1.0543873441028983e-289,0.0
0.2015,1.3491947285325785,-0.021378101348876966,1.8849502361279852e-289,0.0
0.20175,1.3495080900826277,-0.021389682769775403,3.3672990931531755e-289,0.0
0.202,1.3498241285351922,-0.021383621215820325,6.010995206190334e-289,0.0
0.20225,1.3501402815289418,-0.021393772125244154,1.072246741300472e-288,0.0
0.2025,1.3504476883889434,-0.02140344619750978,1.9112941565589748e-288,0.0
0.20275,1.350743938990598,-0.021429809570312514,3.4044389302547664e-288,0.0
0.203,1.351058289607733,-0.02142899322509767,6.059678121232513e-288,0.0
0.20325000000000001,1.351380445212668,-0.021412441253662123,1.077805325478411e-287,0.0
0.20350000000000001,1.3516913899570349,-0.021434036254882827,1.915660845954661e-287,0.0
0.20375000000000001,1.352016548634143,-0.021424160003662124,3.4023987725927676e-287,0.0
0.20400000000000001,1.3523427472991831,-0.02139282608032228,6.038663882805176e-287,0.0
0.20425000000000001,1.3526487664341413,-0.02141060638427736,1.0709922136894885e-286,0.0
0.20450000000000002,1.3529504243192207,-0.02141980361938478,1.898114198420483e-286,0.0
0.20475000000000002,1.353234102086717,-0.021452365875244156,3.3616282379690997e-286,0.0
0.20500000000000002,1.3535338256437692,-0.021470623016357437,5.949344253042863e-286,0.0
0.20525000000000002,1.3538232147483904,-0.02147552871704103,1.052158903867701e-285,0.0
0.20550000000000002,1.354119159481797,-0.021504753112792985,1.8594612530138927e-285,0.0
0.20575000000000002,1.3544232754843466,-0.02151442718505861,3.283879682065026e-285,0.0
0.20600000000000002,1.3547312396557536,-0.021513610839843766,5.795386232287144e-285,0.0
0.20625000000000002,1.355037832042981,-0.021523761749267595,1.0220527566016361e-284,0.0
0.20650000000000002,1.3553479549334517,-0.021531528472900408,1.801195105208047e-284,0.0
0.20675000000000002,1.3556676973746729,-0.021530712127685564,3.172089617758392e-284,0.0
0.20700000000000002,1.355985216601437,-0.02153895568847658,5.582492055566037e-284,0.0
0.20725000000000002,1.3563026354881775,-0.021540523529052752,9.817693725617019e-284,0.0
0.20750000000000002,1.3565832827412887,-0.021564025878906268,1.7254018909201166e-283,0.0
0.20775000000000002,1.3568873222338915,-0.021566070556640643,3.030199375885499e-283,0.0
0.20800000000000002,1.357196155784446,-0.021568115234375018,5.318057172901535e-283,0.0
0.20825,1.3574944769019819,-0.021570159912109366,9.326879758772425e-283,0.0
0.2085,1.357804021713414,-0.02156123733520507,1.634639710554455e-282,0.0
0.20875,1.3581030655259492,-0.021577587127685538,2.8629298974068166e-282,0.0
0.209,1.3583959358473636,-0.021595367431640616,5.010754118227939e-282,0.0
0.20925,1.3586749263437798,-0.021616008758544913,8.763949874741176e-282,0.0
0.2095,1.3589628448569973,-0.021646663665771476,1.5317990478427878e-281,0.0
0.20975,1.3592305335883714,-0.021676841735839836,2.6755281404883436e-281,0.0
0.21,1.3595299864418036,-0.021685562133789055,4.670074043888113e-281,0.0
0.21025,1.3598297486950806,-0.02169523620605468,8.1460152748013e-281,0.0
0.2105,1.3601399766048123,-0.021703479766845696,1.419954986366828e-280,0.0
0.21075,1.3604348222520848,-0.021706478118896477,2.4735034913915225e-280,0.0
0.211,1.3607266345726372,-0.021731887817382806,4.3058585573363894e-280,5.599799783728703e-285
0.21125,1.3610080526289197,-0.02175539016723632,7.490606071209875e-280,5.599799783728703e-285
0.2115,1.361299576741992,-0.021779846191406244,1.3022213354441374e-279,2.1190722317025747e-284
0.21175,1.3615995886918755,-0.021784751892089838,2.262371831877178e-279,2.1159393638230853e-284
0.212,1.361901996251174,-0.02180157852172851,3.927852507446879e-279,4.230069430907647e-284
0.21225,1.3621859944106864,-0.021811729431152338,6.814893009038707e-279,6.340235877016983e-284
0.2125,1.3625099499241307,-0.021784687042236323,1.1816157460697492e-278,1.2664638523220334e-283
0.21275,1.3628302896976399,-0.021789115905761713,2.0474227542020015e-278,2.1073928774708539e-283
0.213,1.363135530427027,-0.021771133422851557,3.5453039788819257e-278,3.5770741458935215e-283
0.21325,1.3634453832511837,-0.02177270126342773,6.135003198684178e-278,6.091536679182622e-283
0.2135,1.363729119703256,-0.021805740356445308,1.0609432050629087e-277,1.0489672595839347e-282
0.21375,1.3640237246037958,-0.021824474334716792,1.8335221720519118e-277,1.823735753603913e-282
0.214,1.364316146637395,-0.021844638824462886,3.1666316193834926e-277,3.163438581588761e-282
0.21425,1.3646107586447709,-0.02187529373168945,5.465462592537613e-277,5.464369280636643e-282
0.2145,1.3648967288950598,-0.021887828826904293,9.427031697432422e-277,9.437611732114864e-282
0.21475,1.3652024618867542,-0.0218793830871582,1.6249586713135052e-276,1.6309117205546793e-281
0.215,1.3655130189981284,-0.021891918182373044,2.799172310114843e-276,2.81115302576006e-281
0.21525,1.3658007478693635,-0.02190493011474609,4.8187850689550755e-276,4.846294947667647e-281
0.2155,1.366112857548158,-0.02190172958374023,8.290232930972436e-276,8.356930563684455e-281
0.21575,1.3664126551550415,-0.021908065795898435,1.425337816852222e-275,1.4382744714031483e-280
0.216,1.3667155041496635,-0.021913448333740232,2.4490148664581714e-275,2.4740241558653293e-280
0.21625,1.3670223108574837,-0.021917877197265623,4.205215073825519e-275,4.2571405024332317e-280
0.2165,1.3673348468157813,-0.021915153503417967,7.216204257391885e-275,7.313369565688097e-280
0.21675,1.3676163102388315,-0.021926734924316404,1.2375246863127114e-274,1.25510624812531e-279
0.217,1.367909338205033,-0.021938793182373045,2.12091862101375e-274,2.1538248212267798e-279
0.21725,1.3682180858693023,-0.021942745208740233,3.6326189958746996e-274,3.697730684951936e-279
0.2175,1.368511107758383,-0.021952419281005858,6.217875651206804e-274,6.336759303354993e-279
0.21775,1.3688078647389605,-0.021956371307373046,1.0636314720987254e-273,1.0853461800695001e-278
0.218,1.3691113569973463,-0.021953170776367187,1.81830994276751e-273,1.8593661260495494e-278
0.21825,1.3694134447581248,-0.02198239517211914,3.106510718722812e-273,3.1804931819538335e-278
0.2185,1.3697095764599656,-0.022006851196289062,5.3040380052488344e-273,5.4385629347252984e-278
0.21875,1.370002223658774,-0.022005558013916016,9.050443115709603e-273,9.295331385778963e-278
0.219,1.3702711955453015,-0.022052425384521485,1.5433453535222662e-272,1.5893560548501806e-277
0.21925,1.3705777947060698,-0.022058761596679688,2.630189666655314e-272,2.7136205282804754e-277
0.2195,1.3708466742405485,-0.022085124969482423,4.4796315952126396e-272,4.629528968356671e-277
0.21975,1.3711437665910857,-0.022070003509521485,7.624816969858062e-272,7.898780088269323e-277
0.22,1.3714440660100489,-0.022078723907470704,1.2970270865500927e-271,1.3453259361172365e-276
0.22025,1.3717324212453366,-0.022096981048583986,2.2049653628601804e-271,2.2903054359724153e-276
0.2205,1.3720211006065473,-0.022109992980957033,3.746176223507749e-271,3.901010432799814e-276
0.22075,1.372300166906812,-0.02213349533081055,6.360758992523403e-271,6.633232533111199e-276
0.221,1.3726051636309193,-0.02214889144897461,1.0793556826968548e-270,1.1272228938972516e-275
0.22125,1.3729125017400332,-0.022150459289550783,1.8304409572399422e-270,1.914532822071942e-275
0.2215,1.3732170629740632,-0.022139629364013674,3.102294066477707e-270,3.2520455994059993e-275
0.22175,1.3735275038391666,-0.02214453506469727,5.254687420887568e-270,5.5136703611042286e-275
0.222,1.3738144126428655,-0.02216565322875977,8.895043757469791e-270,9.343371165077053e-275
0.22225,1.3741290204020395,-0.02216722106933594,1.5048290160243855e-269,1.5843098899693936e-274
0.2225,1.374413267054905,-0.022196922302246097,2.5442786669342517e-269,2.682394291598368e-274
0.22275,1.3747042737356447,-0.02219562911987305,4.299136482765348e-269,4.5388614798812525e-274
0.223,1.3749845010582193,-0.022211025238037113,7.260013153580042e-269,7.674914055057996e-274
0.22325,1.3752561083703037,-0.022225944519042973,1.225275589723406e-268,1.2982202330427357e-273
0.2235,1.3755532125695864,-0.022224174499511723,2.066669036873189e-268,2.1924436913707802e-273
0.22375,1.37584438092246,-0.022222404479980473,3.483769705165873e-268,3.700004715832719e-273
0.224,1.3761336341510098,-0.02225067520141602,5.86907787521569e-268,6.247614624776842e-273
0.22425,1.376446938928833,-0.02224747467041016,9.881725987900894e-268,1.053429577192317e-272
0.2245,1.3767306617765387,-0.022258102416992193,1.6627953982595635e-267,1.7746611482306023e-272
0.22475,1.3770129469273524,-0.022293525695800787,2.7963302539350254e-267,2.989163010090558e-272
0.225,1.3773048022010448,-0.02229700088500977,4.699831810569827e-267,5.036771005688575e-272
0.22525,1.3776108451068203,-0.02229523086547852,7.894433013776847e-267,8.470021343179786e-272
0.2255,1.3778981107352757,-0.022319686889648443,1.3252716484759132e-266,1.4239667144793633e-271
0.22575,1.3781753121162401,-0.022339851379394537,2.2234878843032927e-266,2.3948253100538163e-271
0.226,1.3784601855300738,-0.02236287689208985,3.728301999298666e-266,4.022289838738973e-271
0.22625,1.3787628703159225,-0.022362060546875007,6.247904950472663e-266,6.75015454355712e-271
0.2265,1.379057563238076,-0.02237125778198243,1.0464182701623355e-265,1.1320274826853746e-270
0.22675,1.379360216648167,-0.02237568664550782,1.751557249382943e-265,1.898878180501136e-270
0.227,1.3796533125670831,-0.0223939437866211,2.930164720384174e-265,3.1807214662536315e-270
0.22725,1.379943889507429,-0.022398849487304695,4.8990171399689394e-265,5.3252561514909665e-270
0.2275,1.3802484170775946,-0.022386112213134773,8.186073817741693e-265,8.914825811319467e-270
0.22775,1.3805202846430744,-0.022411521911621102,1.3670760490795593e-264,1.4906000149259618e-269
0.228,1.3807984554668686,-0.02244456100463868,2.2817105883972617e-264,2.491839556732187e-269
0.22825,1.3810786819553673,-0.022457572937011727,3.8060969713417864e-264,4.163186111392909e-269
0.2285,1.3813605671853408,-0.022487274169921884,6.345284359340616e-264,6.959846131877776e-269
0.22875,1.38164193880833,-0.0224955177307129,1.0572430004019815e-263,1.1616524696953504e-268
0.229,1.3819315449836518,-0.02249708557128907,1.760563013569342e-263,1.9369385522428416e-268
0.22925,1.3822332955485614,-0.022488162994384775,2.9300962809021523e-263,3.2307005880283806e-268
0.2295,1.3825239036907675,-0.022490684509277353,4.8737843013422e-263,5.37870276823351e-268
0.22975,1.3828228168154921,-0.02250035858154298,8.102244539619993e-263,8.95060282247313e-268
0.23,1.3831004272829843,-0.022526721954345713,1.3461688844145976e-262,1.4890215427539556e-267
0.23025,1.3834026436967297,-0.022522567749023448,2.2353700978652516e-262,2.478243919161093e-267
0.2305,1.3837041815205215,-0.02251793670654298,3.709843091900038e-262,4.117316653567329e-267
0.23075,1.3839970552859284,-0.02250567626953126,6.153445895527389e-262,6.834906813927477e-267
0.231,1.3843050789533744,-0.022490554809570323,1.0200900127700743e-261,1.1346771353829279e-266
0.23125,1.3845640951301967,-0.022527408599853527,1.690115525207521e-261,1.8819323792416645e-266
0.2315,1.3848486741406445,-0.022559017181396496,2.798675805472764e-261,3.1208820759336515e-266
0.23175,1.3851230435068684,-0.022564876556396496,4.631776775965899e-261,5.172104317869354e-266
0.232,1.3853955713969701,-0.022599346160888684,7.661291564753654e-261,8.577447170330415e-266
0.23225,1.3856753955356518,-0.022600914001464856,1.2665321478898597e-260,1.4203059911458902e-265
0.2325,1.3859627248676045,-0.02262107849121095,2.092622141618843e-260,2.3502068921534266e-265
0.23275,1.3862472572552016,-0.02262693786621095,3.455622536639974e-260,3.8904576668169926e-265
0.233,1.3865456128079052,-0.022613723754882825,5.703260025877999e-260,6.427887801409719e-265
0.23325,1.3868435046290957,-0.02260670852661134,9.407667285170498e-260,1.0610836008229061e-264
0.2335,1.3871175202817092,-0.02262591934204103,1.550969065142583e-259,1.7509362279126217e-264
0.23375,1.3873969914708733,-0.022646560668945326,2.555566792841883e-259,2.891565442611546e-264
0.234,1.3876919684168523,-0.022640499114990248,4.208571938263991e-259,4.767324679452837e-264
0.23425,1.387982679083784,-0.022659709930419936,6.927016056911117e-259,7.856032140685936e-264
0.23450000000000001,1.3882580281941794,-0.022676536560058608,1.139520269074248e-258,1.2953979493384672e-263
0.23475000000000001,1.3885531896521348,-0.022677150726318374,1.873539417389611e-258,2.132455235156633e-263
0.23500000000000001,1.388819137988347,-0.0227020835876465,3.0787117698107876e-258,3.508710781339702e-263
0.23525000000000001,1.3891036479964078,-0.02270651245117189,5.0563967361731225e-258,5.7761412357452e-263
0.23550000000000001,1.3893935999895968,-0.02270951080322267,8.300029956354346e-258,9.491767614001255e-263
0.23575000000000002,1.3896831486236167,-0.022706310272216812,1.3617114118557695e-257,1.5588242043499508e-262
0.23600000000000002,1.3899837513347555,-0.022714076995849625,2.232841447114862e-257,2.558592259667144e-262
0.23625000000000002,1.3902604158955252,-0.022718029022216812,3.659304699821573e-257,4.20179152104181e-262
0.23650000000000002,1.3905462933706914,-0.022742961883544938,5.993874285864083e-257,6.890594299742258e-262
0.23675000000000002,1.3908103126765052,-0.0227736167907715,9.812632654109092e-257,1.1297884982037735e-261
0.23700000000000002,1.391088961929095,-0.022778522491455094,1.6055831110388364e-256,1.8530545360988322e-261
0.23725000000000002,1.3913597836944902,-0.02278676605224611,2.625728778407135e-256,3.034740112275696e-261
0.23750000000000002,1.3916270686287762,-0.022808361053466814,4.2917779229678443e-256,4.967674180917525e-261
0.23775000000000002,1.3919383177801175,-0.022795623779296892,7.011249196985878e-256,8.124298940514824e-261
0.23800000000000002,1.3922398522315258,-0.022789562225341814,1.1447873675278973e-255,1.3290223987176798e-260
0.23825000000000002,1.3925186787596209,-0.022806388854980486,1.8682112977366912e-255,2.1709858683710274e-260
0.23850000000000002,1.39280343214375,-0.022821308135986346,3.0471888878239005e-255,3.545071243150572e-260
0.23875000000000002,1.3930917051330267,-0.022830028533935565,4.967586613882728e-255,5.792393091189729e-260
0.23900000000000002,1.3933758109998424,-0.02284256362915041,8.094027645503773e-255,9.450652981884926e-260
0.23925000000000002,1.3936445337608407,-0.022872741699218768,1.3181279012802626e-254,1.541332201848122e-259
0.23950000000000002,1.3939116622663006,-0.022898151397705097,2.145480277554183e-254,2.5126786304580265e-259
0.23975000000000002,1.394185959358568,-0.022942157745361347,3.490326643963224e-254,4.0991529353146983e-259
0.24,1.39446618040375,-0.022953739166259757,5.675219423905196e-254,6.677559018676232e-259
0.24025,1.3947497553768275,-0.02298010253906249,9.223053906332502e-254,1.0870489502442185e-258
0.2405,1.3950554302544924,-0.022937801361083976,1.4981069015134264e-253,1.7695441908102081e-258
0.24075,1.3953341453411217,-0.02295033645629882,2.4321328477332044e-253,2.875416114393694e-258
0.241,1.395609608185692,-0.022970500946044914,3.946468797900959e-253,4.670660315050886e-258
0.24125,1.3958842399147335,-0.023018798828124992,6.400404251184957e-253,7.587547738197283e-258
0.2415,1.3961751910388336,-0.023007968902587883,1.037490063404855e-252,1.233016526353706e-257
0.24175,1.3964451342511424,-0.023024795532226555,1.6808879080339276e-252,2.0002578106490878e-257
0.242,1.3967157438192581,-0.023060695648193352,2.721900725737672e-252,3.2444898919423183e-257
0.24225,1.39699487919823,-0.023079429626464837,4.405396323877321e-252,5.2649692211446115e-257
0.2425,1.397248716702176,-0.023133926391601556,7.126516851690205e-252,8.534135420962379e-257
0.24275,1.3975355298009786,-0.023133110046386712,1.152257985382898e-251,1.382558260464073e-256
0.243,1.3978281168522124,-0.023140876770019525,1.862098563620332e-251,2.2379368989986352e-256
0.24325,1.3981138864329257,-0.023156272888183588,3.0077142978010895e-251,3.623161989278565e-256
0.2435,1.398411104574989,-0.023152595520019525,4.855700808080591e-251,5.856175214555182e-256
0.24375,1.3986880745813295,-0.023170852661132807,7.835182686397104e-251,9.461549594327624e-256
0.244,1.3989922664315573,-0.023179573059082026,1.2636553723634899e-250,1.5293731941696368e-255
0.24425,1.3992637119634763,-0.02320259857177734,2.0369995128557503e-250,2.468686900561374e-255
0.2445,1.3995433426412327,-0.023192245483398433,3.2819835471475496e-250,3.9824081907727933e-255
0.24475,1.3998177680736241,-0.023191905975341792,5.2852497143830194e-250,6.419148060463893e-255
0.245,1.4001130179326136,-0.023182506561279292,8.507044398146566e-250,1.0351021169653155e-254
0.24525,1.400404405268838,-0.02317263031005859,1.3685995750862498e-249,1.6662313484050665e-254
0.2455,1.400704189945758,-0.023168476104736324,2.2006909208706908e-249,2.6812014664394747e-254
0.24575,1.4009926667932842,-0.023160984039306637,3.5369350664674e-249,4.3152319043706546e-254
0.246,1.4012848285050603,-0.023167797088623043,5.681734546121597e-249,6.937196493823225e-254
0.24625,1.4015768903083305,-0.023149814605712887,9.122650597564274e-249,1.1144235295945337e-253
0.2465,1.4018565730111483,-0.023146614074707028,1.4640227444521445e-248,1.789112566109733e-253
0.24675,1.402128035643638,-0.023161056518554685,2.3483440019241813e-248,2.874437272340031e-253
0.247,1.402414118629738,-0.023165485382080075,3.764984090781146e-248,4.6127639753198576e-253
0.24725,1.4026873064851824,-0.023184696197509763,6.033266920250681e-248,7.399529552330274e-253
0.2475,1.4029483318105993,-0.023212490081787107,9.66340816319648e-248,1.1878004369354127e-252
0.24775,1.403223095892539,-0.023219303131103514,1.5470235394440487e-247,1.9039914666815707e-252
0.248,1.403504468996294,-0.023235652923583983,2.4754420121224765e-247,3.050941625057011e-252
0.24825,1.4037690441958852,-0.023265830993652342,3.9591162266274677e-247,4.886823284602814e-252
0.2485,1.4040555478361072,-0.023276458740234374,6.328981475433999e-247,7.830217242357434e-252
0.24875,1.4043563144561828,-0.02328804016113281,1.011253169444826e-246,1.2529303245421675e-251
0.249,1.4046480455273112,-0.02328770065307617,1.6150161997846018e-246,2.0037234210102555e-251
0.24925,1.4049186436169765,-0.02330261993408203,2.5780135915839376e-246,3.20502008458874e-251
0.2495,1.4051969425570152,-0.023307525634765625,4.1132515512125374e-246,5.120609036706754e-251
0.24975,1.4054693871148678,-0.023303848266601562,6.559602149126016e-246,8.173715577413569e-251
0.25,1.4057438854440034,-0.02330160140991211,1.0455921245197603e-245,1.3041428095300556e-250
0.25025000000000003,1.4060259982562024,-0.023323673248291044,1.6658661119367456e-245,2.081570078434946e-250
0.2505,1.4063048676024734,-0.02332238006591797,2.6528413620442484e-245,3.3187845578988475e-250
0.25075000000000003,1.406569185529011,-0.02333157730102542,4.222564309156627e-245,5.287866427603405e-250
0.251,1.4068565781699616,-0.023328853607177735,6.717930062858609e-245,8.428110388110388e-250
0.25125000000000003,1.4071179614284433,-0.023343772888183623,1.0682903470252244e-244,1.3414194970634308e-249
0.2515,1.4074004818906727,-0.023346294403076173,1.698001836315867e-244,2.1344412976470034e-249
0.25175000000000003,1.407672965127658,-0.023363597869873076,2.6976303357195534e-244,3.398064644808037e-249
0.252,1.4079327509463218,-0.023388530731201174,4.2837345461744916e-244,5.403138153283286e-249
0.25225000000000003,1.4081891360345926,-0.023399158477783233,6.799216955006655e-244,8.586865138911709e-249
0.2525,1.4084738072262941,-0.02341503143310547,1.0786781532252774e-243,1.3642072677262781e-248
0.25275000000000003,1.4087578073283968,-0.023421844482421905,1.7104953632425746e-243,2.1679659800466873e-248
0.253,1.4090260798118988,-0.023427227020263675,2.7111238179213833e-243,3.440566758113502e-248
0.25325000000000003,1.4092849018715414,-0.0234631271362305,4.295113388546576e-243,5.4577384170056714e-248
0.2535,1.4095571723446492,-0.023475185394287112,6.801397230623174e-243,8.662578712049374e-248
0.25375000000000003,1.409840342077488,-0.023481521606445344,1.076515450843854e-242,1.3730266991184886e-247
0.254,1.4101134482153692,-0.02348976516723633,1.7031049401516996e-242,2.1750845720156294e-247
0.25425000000000003,1.410393203357248,-0.023482749938964875,2.6931587643016913e-242,3.4434649132931004e-247
0.2545,1.410679668899634,-0.023485271453857426,4.256790741523757e-242,5.452339243710107e-247
0.25475000000000003,1.4109471214326448,-0.023507820129394563,6.725163295175855e-242,8.623996639600028e-247
0.255,1.4112270492304186,-0.023528938293457036,1.0619985973681519e-241,1.3634795613602434e-246
0.25525000000000003,1.4114876514636086,-0.023566745758056673,1.6762778892116136e-241,2.1571321398613618e-246
0.2555,1.4117673306868803,-0.023569744110107427,2.6446575282089575e-241,3.408403241569982e-246
0.25575000000000003,1.412060626481424,-0.02355033111572269,4.170562186432374e-241,5.380890233953368e-246
0.256,1.4123430744407806,-0.023576694488525396,6.573881668635211e-241,8.491326333336741e-246
0.25625,1.412613741382722,-0.023594474792480447,1.0357421905546333e-240,1.3408379295768951e-245
0.2565,1.4129023585485712,-0.023556465148925787,1.6311140865237842e-240,2.113432848729218e-245
0.25675,1.4131920099864015,-0.02356375503540037,2.567558078638035e-240,3.3285949709294473e-245
0.257,1.4134907028801746,-0.023561508178710944,4.0397999621836596e-240,5.245510606056839e-245
0.25725,1.4137720040856534,-0.023568321228027322,6.353360093974675e-240,8.256108635470346e-245
0.2575,1.4140302565683922,-0.023582286834716804,9.987377925778168e-240,1.298989121752005e-244
0.25775,1.414320051951526,-0.02358290100097654,1.5692938648067783e-239,2.0430699316789986e-244
0.258,1.4146125550097834,-0.02356444168090821,2.4646895558839272e-239,3.213794932567407e-244
0.25825,1.4149245789822016,-0.023534061431884745,3.869240296141718e-239,5.046935852015173e-244
0.2585,1.4152091987460582,-0.023540397644042976,6.07148717593086e-239,7.9225179565003e-244
0.25875,1.4154788567529728,-0.023550548553466777,9.522933176168478e-239,1.2444468442701736e-243
0.259,1.4157518725651168,-0.023559268951416024,1.4929767258307806e-238,1.9525671291368975e-243
0.25925,1.4160204039876998,-0.023563220977783184,2.339603994067694e-238,3.0624723669422203e-243
0.2595,1.4162911550705095,-0.023568126678466805,3.664705293640433e-238,4.801422515714667e-243
0.25975,1.41656742060243,-0.023583999633789043,5.737774943384157e-238,7.531634035588958e-243
0.26,1.4168633037503935,-0.023568878173828134,8.979581224688995e-238,1.1798055664376776e-242
0.26025,1.4171619202306942,-0.023551849365234356,1.4046791690627e-237,1.846813316816145e-242
0.2605,1.4174501030762763,-0.02354626464843751,2.1963778269563228e-237,2.8916965687705446e-242
0.26075,1.4177387026188126,-0.02354401779174803,3.4327815944692e-237,4.521779510019793e-242
0.261,1.4180156860918844,-0.023547016143798838,5.362840386658653e-237,7.0686679501917675e-242
0.26125,1.4183101230856066,-0.02352712631225584,8.374396265714828e-237,1.1043082176095932e-241
0.2615,1.4185733380058325,-0.02355158233642579,1.3071410132117631e-236,1.7262929603641824e-241
0.26175,1.4188442309989198,-0.023568408966064436,2.0393982068269444e-236,2.6960160819882494e-241
0.262,1.4191274790599335,-0.02357808303833009,3.1804797941382145e-236,4.2090845351362106e-241
0.26225,1.4193871518653816,-0.023592525482177717,4.95786414302484e-236,6.573385760071255e-241
0.2625,1.4196746464049443,-0.023585987091064464,7.725175114345873e-236,1.025264028606683e-240
0.26275,1.4199565559335294,-0.023588985443115218,1.2031897646955532e-235,1.598218481304234e-240
0.263,1.4202326747338603,-0.023609626770019543,1.8731491702514775e-235,2.490800521589492e-240
0.26325,1.4205156312796317,-0.023607379913330062,2.914898203000848e-235,3.8836953381282035e-240
0.2635,1.4207895177197203,-0.023607994079589856,4.534063162126717e-235,6.046110460979457e-240
0.26375,1.4210701621412989,-0.023630542755126938,7.049612337161161e-235,9.411579981072324e-240
0.264,1.4213619314141082,-0.02363115692138673,1.0956119282473651e-234,1.4655955640272366e-239
0.26425,1.4216335294243934,-0.023643215179443344,1.7020113985886695e-234,2.279158699589625e-239
0.2645,1.4219040626046056,-0.02364430618286134,2.6429121103596593e-234,3.542362702835951e-239
0.26475,1.422170643069586,-0.023649211883544907,4.1022098141269193e-234,5.503316220758835e-239
0.265,1.4224321136028761,-0.02365411758422853,6.36455810280792e-234,8.555131113867134e-239
0.26525,1.4227221038772644,-0.023641857147216783,9.870388005642908e-234,1.3279415604452921e-238
0.2655,1.4229864220635862,-0.023670127868652358,1.5300869898768738e-233,2.0603217220031597e-238
0.26575,1.4232682270739592,-0.023668834686279283,2.370905754572999e-233,3.198303478835522e-238
0.266,1.42354127413561,-0.023682800292968764,3.672223221910608e-233,4.959841289700153e-238
0.26625,1.4237902475825717,-0.02370725631713866,5.685397175552415e-233,7.687143198486861e-238
0.2665,1.4240506899440013,-0.023743633270263687,8.798524378010478e-233,1.1924560070124299e-237
0.26675,1.4243304467355293,-0.023729465484619128,1.3610576124017079e-232,1.847059254027415e-237
0.267,1.4245986610327153,-0.023733894348144546,2.104559214503215e-232,2.8590297938879705e-237
0.26725,1.424864315792271,-0.02373069381713866,3.252850484689689e-232,4.423184498535051e-237
0.2675,1.425139103082065,-0.023729877471923844,5.0255743383646946e-232,6.845490992761687e-237
0.26775,1.4254193579928325,-0.02373001480102538,7.761153711576171e-232,1.0579821633684236e-236
0.268,1.4256989572563459,-0.023745887756347672,1.1980810156367027e-231,1.6347945274337126e-236
0.26825,1.4259759565376884,-0.02374316406249999,1.8486970169472606e-231,2.5267646250957045e-236
0.2685,1.4262662730358064,-0.023738056182861345,2.851446840400297e-231,3.8999537099177635e-236
0.26875,1.4265410893379755,-0.023751068115234364,4.396277879683338e-231,6.0172491809603624e-236
0.269,1.4268336575247527,-0.023737377166748064,6.775254910309517e-231,9.28069643894672e-236
0.26925,1.4271042534920846,-0.023745620727539052,1.0437274895247519e-230,1.4319141534367803e-235
0.2695,1.4273731782206456,-0.023752433776855486,1.6071999557143276e-230,2.2069711398766003e-235
0.26975,1.4276302902147644,-0.02379691696166991,2.4738555496361144e-230,3.4010931005598876e-235
0.27,1.427901825105929,-0.02379848480224611,3.8062799366826704e-230,5.244491302592901e-235
0.27025,1.4281804302617347,-0.02379766845703124,5.853955325039043e-230,8.075527859442595e-235
0.2705,1.4284697015200538,-0.02378683853149416,8.999547982080753e-230,1.2426284510236033e-234
0.27075,1.4287381194327513,-0.023791744232177725,1.3829769107974395e-229,1.9111326829557225e-234
0.271,1.4290023867230102,-0.02381524658203127,2.124381083494501e-229,2.9411464157260684e-234
0.27125,1.4292575158360141,-0.023821582794189444,3.2619215198616434e-229,4.5201949495895367e-234
0.2715,1.4295175592640845,-0.02383030319213869,5.006549315735682e-229,6.944926667373715e-234
0.27175,1.42978129178304,-0.023842838287353507,7.681176032863008e-229,1.0675613465270925e-233
0.272,1.4300523811190766,-0.023850605010986348,1.1779896839941335e-228,1.6390583165919754e-233
0.27225,1.430348284404653,-0.023829761505126945,1.8058435608794122e-228,2.5145989014206345e-233
0.2725,1.4306158630043808,-0.023838958740234395,2.76722166827248e-228,3.8561039093782727e-233
0.27275,1.4308985407997565,-0.02383909606933593,4.2387058474787295e-228,5.916674703534767e-233
0.273,1.4311643568776908,-0.023847339630126974,6.490055779886015e-228,9.066736940144904e-233
0.27325,1.4314364477092014,-0.02385701370239257,9.933212281411941e-228,1.3889431897171069e-232
0.2735,1.431703921604748,-0.023845706939697286,1.519698574292599e-227,2.1285063927244886e-232
0.27375,1.4319795805878834,-0.023857288360595696,2.324084750637665e-227,3.257483713042082e-232
0.274,1.4322561266355265,-0.023868869781494162,3.552822783106067e-227,4.9840982718211344e-232
0.27425,1.432504974985306,-0.023882835388183588,5.429033488209255e-227,7.623790575188217e-232
0.2745,1.4327868992903103,-0.023893463134765647,8.292761947622157e-227,1.1667807441683901e-231
0.27475,1.4330657480449966,-0.023889785766601557,1.2662046094270752e-226,1.7834901548452692e-231
0.275,1.43334925753187,-0.02387037277221682,1.932577436723372e-226,2.724043212111604e-231
0.27525,1.4336388785612926,-0.02384857559204101,2.9484824784882132e-226,4.1611505271110556e-231
0.2755,1.433915935191017,-0.023867786407470726,4.496650544943704e-226,6.348872333837135e-231
0.27575,1.4341788658074859,-0.0238893814086914,6.855023875073901e-226,9.686540173947801e-231
0.276,1.4344411666907222,-0.023921943664550804,1.0446200545605908e-225,1.4779904164053506e-230
0.27625,1.4347080122628895,-0.02393733978271484,1.591247028691534e-225,2.256349250450778e-230
0.2765,1.4349804625754397,-0.023973239898681664,2.4229643046760782e-225,3.4407914921253573e-230
0.27675,1.4352544476404931,-0.02397051620483398,3.6879658783628577e-225,5.244725153921119e-230
0.277,1.4355322905992272,-0.023981620788574243,5.611223186480958e-225,7.996136329424775e-230
0.27725,1.4357912859471686,-0.023987480163574215,8.53413021242444e-225,1.2176378507733845e-229
0.2775,1.4360687575177749,-0.024016704559326196,1.2974551708351685e-224,1.8535873911586538e-229
0.27775,1.4363591159026998,-0.023985847473144528,1.9717739851907286e-224,2.8200821510952196e-229
0.278,1.4366240649580062,-0.023996475219726587,2.9953934675933213e-224,4.291173997509915e-229
0.27825,1.4368951676631039,-0.024011871337890622,4.548653948881161e-224,6.522495790550424e-229
0.2785,1.4371607824934443,-0.024012485504150416,6.90469484277227e-224,9.910385133072091e-229
0.27875,1.4374390019368835,-0.024013576507568357,1.0477048397224165e-223,1.5062759073389678e-228
0.279,1.4377034345537059,-0.024013236999511745,1.5891561628163174e-223,2.2865129093967382e-228
0.27925,1.4379835338998936,-0.02401337432861328,2.409504070362253e-223,3.4698160597040387e-228
0.2795,1.4382421711149591,-0.02403496932983401,3.651930539244534e-223,5.2631920011198053e-228
0.27975,1.4385248487166065,-0.024018417358398436,5.532881939415369e-223,7.98619662948243e-228
0.28,1.4387913836191406,-0.024027137756347683,8.379433178790075e-223,1.210516428048739e-227
0.28025,1.439065647532118,-0.02402632141113281,1.2685643933788498e-222,1.8340917888661517e-227
0.2805,1.4393286011108046,-0.02404267120361331,1.9197528488279615e-222,2.7801537623291373e-227
0.28075,1.4396096143567851,-0.02405425262451172,2.9041118804222884e-222,4.209955373643519e-227
0.281,1.439900978505197,-0.024019104003906278,4.3915403321981386e-222,6.370145100354257e-227
0.28125,1.4401654187408641,-0.024016857147216797,6.638289782859652e-222,9.634064712009297e-227
0.28150000000000003,1.4404314643808602,-0.024016994476318387,1.0030708867878404e-221,1.4576749083765188e-226
0.28175,1.4407075288027835,-0.024023807525634766,1.515107401670428e-221,2.203206571545681e-226
0.28200000000000003,1.4409927629992305,-0.02398961257934573,2.2876620971799895e-221,3.3282179937802327e-226
0.28225,1.4412707336102843,-0.02400405502319336,3.45284658565411e-221,5.029352588959124e-226
0.28250000000000003,1.4415270146744334,-0.02401468276977542,5.209546548801694e-221,7.593239447065265e-226
0.28275,1.4417942975025952,-0.024029125213623048,7.857060237363668e-221,1.1462135667434884e-225
0.28300000000000003,1.4420520531731627,-0.02404166030883792,1.1845626802621007e-220,1.7312575377964736e-225
0.28325,1.4423222390561068,-0.024064208984375002,1.7852296702566335e-220,2.6117482842163792e-225
0.28350000000000003,1.4425919237588007,-0.024073883056640655,2.689481217247381e-220,3.939038773144357e-225
0.28375,1.4428792158180168,-0.024054946899414065,4.050247720526291e-220,5.938104238177086e-225
0.28400000000000003,1.4431460874864577,-0.024060806274414093,6.097244199107372e-220,8.953425162022704e-225
0.28425,1.4433987086459537,-0.02407810974121094,9.175395739657409e-220,1.348561210755988e-224
0.28450000000000003,1.4436664279493414,-0.024056312561035187,1.3802428699253034e-219,2.0301606308104875e-224
0.28475,1.4439515359275674,-0.024055496215820316,2.0755155475277694e-219,3.05717136677121e-224
0.28500000000000003,1.4442354623267946,-0.024058971405029328,3.119870148851538e-219,4.597739498313538e-224
0.28525,1.4445124534350975,-0.024040035247802738,4.687997517141871e-219,6.912658874309356e-224
0.28550000000000003,1.4447824497869046,-0.024041126251220735,7.04172126682566e-219,1.0389412994721758e-223
0.28575,1.4450808646759128,-0.024015991210937504,1.0573314898484303e-218,1.5618838749943819e-223
0.28600000000000003,1.4453505366284158,-0.024020420074462923,1.587028249204841e-218,2.3452035148040642e-223
0.28625,1.445608733644675,-0.02403486251831055,2.381220301340469e-218,3.5207554822782915e-223
0.28650000000000003,1.4458826413138794,-0.024044059753418,3.5715455896732744e-218,5.288365075480482e-223
0.28675,1.4461575045266923,-0.024033706665039067,5.354942294012755e-218,7.934869952886493e-223
0.28700000000000003,1.4464233461300426,-0.024068653106689486,8.025935031122744e-218,1.1903474382530096e-222
0.28725,1.4466891728623272,-0.02408691024780274,1.2024831621402307e-217,1.7855805899376264e-222
0.28750000000000003,1.446953210647799,-0.024083232879638705,1.8009645238486334e-217,2.6791546934577857e-222
0.28775,1.4472181597298146,-0.02411674880981446,2.696338248919697e-217,4.015974829990418e-222
0.28800000000000003,1.4474768030111027,-0.024132621765136753,4.035403038415754e-217,6.018104321616552e-222
0.28825,1.4477380498420342,-0.024144203186035162,6.037304204245028e-217,9.02254411028233e-222
0.2885,1.4479936678894885,-0.0241600761413574,9.029071011831315e-217,1.351200539158921e-221
0.28875,1.4482861198063535,-0.024144001007080085,1.3498552869560999e-216,2.0221770727477175e-221
0.289,1.4485558011727404,-0.024129356384277323,2.017324465823663e-216,3.02413587950347e-221
0.28925,1.4488159702022796,-0.024126632690429695,3.01376209187237e-216,4.524385233876439e-221
0.2895,1.4490851539296283,-0.024134876251220683,4.500772983320922e-216,6.761520267331867e-221
0.28975,1.4493450729852901,-0.024140258789062508,6.719089812922275e-216,1.0101990422418476e-220
0.29,1.4495938125727088,-0.02415088653564451,1.0027190014371772e-215,1.5099547674491582e-220
0.29025,1.4498730757485045,-0.024139579772949227,1.4958697054486985e-215,2.2541087515179952e-220
0.2905,1.450159662048288,-0.024131134033203105,2.2307673263486143e-215,3.3633914459097688e-220
0.29075,1.4504290872953427,-0.02414557647705079,3.325531229372339e-215,5.0179201684577815e-220
0.291,1.4506805186874079,-0.02416192626953123,4.95580597796503e-215,7.489255532944932e-220
0.29125,1.450951770145715,-0.024161586761474618,7.382684841460245e-215,1.1167207122883399e-219
0.2915,1.4511968799045367,-0.024182228088378888,1.0994143279613366e-214,1.6645732176069e-219
0.29175,1.4514492214699044,-0.024204776763916025,1.6366497337137329e-214,2.482714266701253e-219
0.292,1.4517270727701703,-0.024192039489746076,2.4355533248357436e-214,3.698813540597198e-219
0.29225,1.451998833511428,-0.024191699981689463,3.6231586034056443e-214,5.507030142015037e-219
0.2925,1.4522440089868691,-0.024209480285644513,5.387969274402292e-214,8.196733711083354e-219
0.29275,1.4524942355657897,-0.024232982635498057,8.009606741085178e-214,1.220844537758289e-218
0.293,1.4527487878314704,-0.024243133544921858,1.1902709944712645e-213,1.8162915418852203e-218
0.29325,1.4530163009077,-0.024267112731933604,1.7681916554153368e-213,2.701305868848899e-218
0.2935,1.4532936939923011,-0.024252468109130842,2.6258015875911825e-213,4.018868741444932e-218
0.29375,1.453558476540754,-0.024263572692871105,3.898017764293083e-213,5.97208546074093e-218
0.294,1.4538419284350046,-0.024246543884277327,5.78462635755033e-213,8.869207154680031e-218
0.29425,1.454107270294267,-0.024244773864746105,8.581370509500669e-213,1.3166786907622361e-217
0.2945,1.4543656256057256,-0.02425683212280272,1.272588780416959e-212,1.955476799996611e-217
0.29475,1.454659368114955,-0.02422072982788087,1.8865567461630726e-212,2.9000410733111483e-217
0.295,1.454921836073631,-0.024220867156982406,2.7957752308779377e-212,4.298940501696905e-217
0.29525,1.455179254749365,-0.02424580001831056,4.141765249077407e-212,6.377585183164597e-217
0.2955,1.455447647286891,-0.024239738464355454,6.133661477295032e-212,9.450880792312632e-217
0.29575,1.4557196777425916,-0.0242332000732422,9.080410275558243e-212,1.4002304643565928e-216
0.296,1.4559818246885228,-0.02422952270507811,1.3438250512753715e-211,2.07341800255596e-216
0.29625,1.4562622012437347,-0.0242144012451172,1.9880707456211245e-211,3.071252096424513e-216
0.2965,1.4565229048153636,-0.02423361206054686,2.9401739399915306e-211,4.5443245587271746e-216
0.29675,1.4567821231265028,-0.024225166320800795,4.346768854748842e-211,6.722705187963513e-216
0.297,1.4570382650076854,-0.024238178253173814,6.424105260283833e-211,9.950324926711138e-216
0.29725,1.4573199979484426,-0.024243083953857436,9.490991271908756e-211,1.471228874608478e-215
0.2975,1.4575903037223985,-0.024232730865478502,1.4017274169195912e-210,2.1742682890998465e-215
0.29775,1.4578714896598157,-0.02422333145141603,2.0695164071776875e-210,3.2143223006089257e-215
0.298,1.4581512239773473,-0.024226329803466784,3.0544128262046506e-210,4.746896335268821e-215
0.29825,1.4584196398838016,-0.024230281829834,4.5065105606889145e-210,7.00846182010696e-215
0.2985,1.4586867010037592,-0.024205623626708972,6.646715512458374e-210,1.034159273500466e-214
0.29875,1.4589673817947588,-0.024192886352539078,9.800044981467658e-210,1.5264044513205844e-214
0.299,1.4592233136149555,-0.024205421447753894,1.4444535097348788e-209,2.2507625588549995e-214
0.29925,1.4594759337753387,-0.024211280822753922,2.1283048223127361e-209,3.3184011851206277e-214
0.2995,1.4597140157570574,-0.024264823913574207,3.134866783933065e-209,4.8965328287080745e-214
0.29975,1.4599830706772436,-0.02425637817382814,4.6159340029042196e-209,7.2187529440993225e-214
0.3,1.4602531739278497,-0.02423887252807616,6.794469742548057e-209,1.06340555248773e-213
0.30025,1.46051620027889,-0.024240917205810564,9.997864864412642e-209,1.5658572223786103e-213
0.3005,1.460794545582335,-0.024229610443115224,1.4706688978908032e-208,2.306524157605954e-213
0.30075,1.4610404872053389,-0.02426408004760744,2.1626126656854453e-208,3.3942679599819287e-213
0.301,1.461294098084129,-0.02426374053955077,3.1790620219926654e-208,4.9940750645313624e-213
0.30125,1.4615716905267695,-0.02427865982055666,4.67171046789077e-208,7.350563334542462e-213
0.3015,1.4618439123765552,-0.024289764404296865,6.862932572317454e-208,1.0810190006768159e-212
0.30175,1.4621253651461357,-0.02425986099243166,1.0078610765629474e-207,1.588831175939775e-212
0.302,1.4623875794771286,-0.024270488739013663,1.479615854119145e-207,2.3338018181838583e-212
0.30225,1.4626388317851926,-0.0242930374145508,2.1714752008677356e-207,3.430375814590789e-212
0.3025,1.4628974438732674,-0.024305095672607413,3.1858006661227626e-207,5.038260184097487e-212
0.30275,1.4631746868507935,-0.02429855728149416,4.672403949548084e-207,7.395479807415438e-212
0.303,1.4634588387742526,-0.02428582000732421,6.850471374935715e-207,1.0858234595509374e-211
0.30325,1.463727451575308,-0.024287864685058613,1.0040585762230042e-206,1.5924035316333917e-211
0.3035,1.4639798149125802,-0.02430659866333007,1.471148098207909e-206,2.3351089104692457e-211
0.30375,1.4642462032930816,-0.024295291900634786,2.1548285413882237e-206,3.4230518736466617e-211
0.304,1.4645161810661087,-0.024299243927001946,3.155209876508394e-206,5.019036215983691e-211
0.30425,1.4647852485721877,-0.024314163208007833,4.618524196530065e-206,7.352876833317626e-211
0.3045,1.4650256506941681,-0.024353401184082024,6.758306107752344e-206,1.077147237586915e-210
0.30475,1.465288379300767,-0.024374519348144552,9.886268153734027e-206,1.5790850322925827e-210
0.305,1.4655506169618433,-0.024388008117675775,1.4457294639844045e-205,2.3123178281630812e-210
0.30525,1.465827818257147,-0.02436907196044924,2.113498883328577e-205,3.3837290387300786e-210
0.3055,1.4660857422797609,-0.024390190124511713,3.0887131957589413e-205,4.9502383889084056e-210
0.30575,1.4663393043834785,-0.024399864196777366,4.5124659659625805e-205,7.244454161219363e-210
0.306,1.466595694251045,-0.024399524688720697,6.590393020613956e-205,1.0590544957160133e-209
0.30625,1.466862801102668,-0.024392986297607444,9.622101487602553e-205,1.5476157001656583e-209
0.3065,1.4671022251850188,-0.024412673950195307,1.4043974050158066e-204,2.2624602898849943e-209
0.30675,1.4673884831889916,-0.024378955841064476,2.0491407626898994e-204,3.303267948192891e-209
0.307,1.46764910303671,-0.024398166656494136,2.9889281712401146e-204,4.821047837136487e-209
0.30725,1.467907076941045,-0.024399257659912132,4.358341906679498e-204,7.034954749342537e-209
0.3075,1.4681890318210409,-0.024393196105957027,6.3531552765679355e-204,1.0268018777365105e-208
0.30775,1.4684270357332718,-0.02442289733886721,9.258064827609708e-204,1.4975888093378824e-208
0.308,1.4686999497812434,-0.024424465179443355,1.348695037944586e-203,2.1836639430685216e-208
0.30825,1.4689624846518607,-0.024422695159912133,1.964130392802998e-203,3.1854275264565046e-208
0.3085,1.469201961360449,-0.024450965881347653,2.859500028532438e-203,4.641505381019787e-208
0.30875,1.4694679845468976,-0.02444156646728518,4.1617246794813413e-203,6.761577134680394e-208
0.309,1.4697259303859265,-0.02443455123901367,6.055085164455128e-203,9.844700870697362e-208
0.30925,1.46997847724188,-0.02446377563476565,8.807061973038604e-203,1.4342438606026385e-207
0.3095,1.470244905180107,-0.024477741241455075,1.2805777516485644e-202,2.0876368867248425e-207
0.30975,1.4705131856106972,-0.02448598480224612,1.8614234112809549e-202,3.037744989095345e-207
0.31,1.4707828322530507,-0.024486598968505857,2.7048857543893972e-202,4.422035561255072e-207
0.31025,1.4710455359077508,-0.024477199554443385,3.9293203012806197e-202,6.428681985266648e-207
0.3105,1.4712910705992952,-0.02449116516113281,5.706251417411334e-202,9.343177916455962e-207
0.31075,1.4715285997270429,-0.024537555694580104,8.284180497994685e-202,1.3581150834799651e-206
0.311,1.4718015296782112,-0.024537216186523436,1.2023020732407681e-201,1.9749065507308458e-206
0.31125,1.472060034270824,-0.02454545974731448,1.744388622256706e-201,2.868692182063538e-206
0.3115,1.4723227437105777,-0.024551795959472655,2.530105982038343e-201,4.165456851457214e-206
0.31175,1.472597900720436,-0.024538105010986355,3.6685987389715176e-201,6.048828139634681e-206
0.312,1.4728634800351972,-0.024522506713867187,5.31775046073658e-201,8.772195604139994e-206
0.31225,1.4731236646371597,-0.024511199951171903,7.705878353367568e-201,1.2718196892210974e-205
0.3125,1.4733883257655176,-0.02451944351196289,1.1163053545612999e-200,1.8433298650171218e-205
0.31275000000000003,1.4736417285380035,-0.024535793304443387,1.6166303994346378e-200,2.673388417065648e-205
0.313,1.4739065832782101,-0.02452925491333008,2.3404833608010195e-200,3.8729773813863284e-205
0.31325000000000003,1.4741813893499947,-0.02451270294189456,3.3874092373050135e-200,5.60857931462731e-205
0.3135,1.4744600960028873,-0.024500442504882813,4.901141919182e-200,8.123218720165481e-205
0.31375000000000003,1.4747142532677633,-0.02450630187988284,7.089157061454695e-200,1.1754720107427148e-204
0.314,1.4749979340055763,-0.024529327392578126,1.0250848975651947e-199,1.7008779415319103e-204
0.31425000000000003,1.4752631521332433,-0.024538047790527373,1.4818123015009532e-199,2.4627022396846826e-204
0.3145,1.4755346654896802,-0.024530555725097658,2.1413856441656225e-199,3.561538103451652e-204
0.31475000000000003,1.4757943102688502,-0.024508758544921905,3.093606804043235e-199,5.147667251113746e-204
0.315,1.4760657033468632,-0.024526062011718752,4.467906577582811e-199,7.439027443561709e-204
0.31525000000000003,1.4763125281372538,-0.024531444549560577,6.450776570581673e-199,1.075590634047902e-203
0.3155,1.476576907270665,-0.02451155471801758,9.310844375557254e-199,1.5532348793224008e-203
0.31575000000000003,1.4768403383835582,-0.024526473999023468,1.3434932576030557e-198,2.2425415083628997e-203
0.316,1.47708346541001,-0.024567619323730472,1.937989741795646e-198,3.2400058044892675e-203
0.31625000000000003,1.477330302383459,-0.024586353302001984,2.794713024042649e-198,4.678004932663642e-203
0.3165,1.47756494473217,-0.024609855651855472,4.0289597495975114e-198,6.753034335419419e-203
0.31675000000000003,1.4778296822576302,-0.024616191864013703,5.8065584961966784e-198,9.744626556886827e-203
0.317,1.478114555270883,-0.024598686218261723,8.365945885840322e-198,1.4062925752969934e-202
0.31725000000000003,1.478377333475902,-0.024593101501464876,1.2049856262099599e-197,2.0270772971030328e-202
0.3175,1.4786616276061935,-0.024575595855712895,1.735079794265335e-197,2.9204566985117165e-202
0.31775000000000003,1.478920324855207,-0.024572395324707064,2.4976294629839033e-197,4.208657615848666e-202
0.318,1.4791820080498044,-0.02458016204833985,3.5942454851150275e-197,6.0604317102352475e-202
0.31825000000000003,1.4794422107285752,-0.024570285797119173,5.170813007181964e-197,8.72211463983241e-202
0.3185,1.4797081693735006,-0.0245689926147461,7.436721158483419e-197,1.255135058754843e-201
0.31875000000000003,1.479986314833307,-0.02454147338867191,1.0692418036969554e-196,1.806432658143174e-201
0.319,1.480248998656187,-0.024555438995361334,1.5368883781771753e-196,2.5974482851799055e-201
0.31925000000000003,1.4805038089155589,-0.02456082153320316,2.2084160012375065e-196,3.734557176475402e-201
0.3195,1.4807721565138916,-0.024565727233886725,3.172428207978882e-196,5.3718701159400754e-201
0.31975000000000003,1.4810459007797725,-0.02455871200561527,4.555911464188311e-196,7.719269865170477e-201
0.32,1.4813304528283435,-0.0245431137084961,6.540809492815568e-196,1.1088012559983814e-200
0.32025,1.4815943244751002,-0.02455135726928709,9.38773174806694e-196,1.5920678910925843e-200
0.3205,1.481833303621213,-0.024589164733886726,1.3469856974788684e-195,2.2876838887544143e-200
0.32075,1.4820874841060014,-0.024603607177734355,1.9321401884785987e-195,3.2849539158858104e-200
0.321,1.4823181961432534,-0.02462281799316407,2.7706892145855057e-195,4.715880464228693e-200
0.32125,1.4825901109863442,-0.02460102081298826,3.972013525421199e-195,6.771938513912597e-200
0.3215,1.4828584796368258,-0.02461164855957032,5.692559003089118e-195,9.712514541303368e-200
0.32175,1.4831400663003467,-0.024598434448242168,8.156023588037317e-195,1.3925809337247172e-199
0.322,1.4834094801785733,-0.02458378982543946,1.1682175011042462e-194,1.9958308755856282e-199
0.32225,1.4836781588720236,-0.024578681945800762,1.6727977575372212e-194,2.860808750096358e-199
0.3225,1.4839337286368575,-0.024609813690185556,2.3946268788742802e-194,4.0981869486901947e-199
0.32275,1.484188910267627,-0.024608043670654278,3.426945085857922e-194,5.869767960126861e-199
0.323,1.484440138914029,-0.024624870300292978,4.902882721223276e-194,8.4097820579195e-199
0.32325,1.4846879682290264,-0.024651233673095685,7.012471706014951e-194,1.2039767662895487e-198
0.3235,1.4849470537433378,-0.024663768768310557,1.002688851322376e-193,1.7233329987572827e-198
0.32375,1.4852194178903706,-0.02465913772583006,1.4332992927834402e-193,2.4660953352057757e-198
0.324,1.4854947138051902,-0.024645923614501963,2.0482521152516182e-193,3.529495513110805e-198
0.32425,1.4857587104511492,-0.024637954711914045,2.9262131038961927e-193,5.0457376918384046e-198
0.3245,1.48603588692171,-0.024627124786376964,4.179311006987212e-193,7.209814510174193e-198
0.32475,1.4863048826548428,-0.024622016906738264,5.967326754688293e-193,1.0307034332696899e-197
0.325,1.486557487167521,-0.02464122772216798,8.517880117583038e-193,1.4720433458551067e-197
0.32525,1.4868132687152957,-0.02464088821411131,1.215514068329017e-192,2.1021133485033458e-197
0.3255,1.4870699213861602,-0.024643409729003918,1.734065126445531e-192,3.0008245098281615e-197
0.32575,1.487332826167946,-0.02464450073242186,2.4731357354349695e-192,4.285692890699954e-197
0.326,1.4875854846460261,-0.02465083694458009,3.526207140604101e-192,6.114940443478169e-197
0.32625,1.4878467758779637,-0.024643344879150375,5.0262628027863384e-192,8.721673079325323e-197
0.3265,1.4880992912471829,-0.024645389556884778,7.162427724615841e-192,1.2444825707861048e-196
0.32675,1.4883747550010398,-0.024648387908935532,1.0203594363716592e-191,1.7738385906261707e-196
0.327,1.4886371858307446,-0.024650432586669935,1.453195933333253e-191,2.5281362660639786e-196
0.32725,1.4888887323442312,-0.024675842285156235,2.0690615090502936e-191,3.6022130564024974e-196
0.3275,1.4891404074114283,-0.02469505310058595,2.9451068176268474e-191,5.136318032270171e-196
0.32775,1.48940154573003,-0.02472046279907225,4.190900062461068e-191,7.317034080415427e-196
0.328,1.4896643515292842,-0.024736812591552748,5.962005112723784e-191,1.0422549733608723e-195
0.32825,1.4899344630622413,-0.024736949920654283,8.479228736296842e-191,1.485000471986515e-195
0.3285,1.4901836893651819,-0.024746147155761733,1.2055896370127565e-190,2.113641560206522e-195
0.32875,1.4904302583940352,-0.024772033691406237,1.7136494679107553e-190,3.007723771691764e-195
0.329,1.4906834781006095,-0.024781230926513687,2.435140276465807e-190,4.2817524633894185e-195
0.32925,1.4909351571693437,-0.024798534393310534,3.4594389128317915e-190,6.0894133726456964e-195
0.3295,1.4911915856536395,-0.024798671722412124,4.913231378678108e-190,8.658383931955563e-195
0.32975,1.4914640303532507,-0.02479261016845702,6.976037632352852e-190,1.230416064195932e-194
0.33,1.4917246827808288,-0.024793224334716812,9.902175937961115e-190,1.7490289590513183e-194
0.33025,1.4920129722152176,-0.024765705108642566,1.4051829321470277e-189,2.4836319551885653e-194
0.3305,1.4922796344510851,-0.024761074066162125,1.99349740800288e-189,3.524925585705859e-194
0.33075,1.4925363338931898,-0.024765026092529285,2.827347851916989e-189,5.005220959513338e-194
0.331,1.4927923418240012,-0.02475991821289064,4.008886379832512e-189,7.09926825091455e-194
0.33125,1.4930728276754293,-0.02471475601196288,5.682629794810252e-189,1.0065138980913341e-193
0.3315,1.4933096408677882,-0.024735397338867204,8.052973481988095e-189,1.4266252547229624e-193
0.33175,1.493587888674461,-0.0246988182067871,1.1408922711818206e-188,2.0230046240401223e-193
0.332,1.4938571324843348,-0.0247008628845215,1.6159006164408874e-188,2.865645051493698e-193
0.33225,1.494126360118394,-0.024676681518554677,2.2880550514973684e-188,4.058060902077657e-193
0.3325,1.4943760314953702,-0.024697799682617205,3.238920448036452e-188,5.749911061185318e-193
0.33275,1.494632791239146,-0.02469459915161132,4.583700743598452e-188,8.14109413777468e-193
0.333,1.4948894716329821,-0.024681861877441424,6.485068495725278e-188,1.1522001250736255e-192
0.33325,1.495135275045692,-0.024712039947509756,9.172661963095102e-188,1.6307477023084481e-192
0.3335,1.4954008947094384,-0.02471122360229494,1.297056496344134e-187,2.3089315937493504e-192
0.33375,1.4956843285397843,-0.024682273864746085,1.8336027555877597e-187,3.265880833117433e-192
0.334,1.4959528192242633,-0.024662384033203144,2.591401108871046e-187,4.617102815031353e-192
0.33425,1.4962036187544019,-0.024678733825683585,3.661400418888053e-187,6.529439588459134e-192
0.3345,1.496461636471578,-0.024687931060791035,5.171817414514167e-187,9.228464490835094e-192
0.33475,1.4967240179157373,-0.024690452575683586,7.303359571532067e-187,1.3040157875298754e-191
0.335,1.4970004904903316,-0.02466197967529299,1.0310646426174653e-186,1.8416868378471862e-191
0.33525,1.4972601869637026,-0.024665454864501946,1.4552345186528106e-186,2.6019308377738245e-191
0.3355,1.497526499452376,-0.024657962799072286,2.053355442025609e-186,3.672734247010919e-191
0.33575,1.4977737865990632,-0.02467908096313476,2.8965398045192286e-186,5.183874023833879e-191
0.336,1.4980302173661766,-0.024694953918457052,4.0848795877339e-186,7.321470353155774e-191
0.33625,1.498286317705149,-0.02470033645629882,5.759218778357857e-186,1.0331073551547647e-190
0.3365,1.4985373521259122,-0.024721931457519553,8.117692979002319e-186,1.4572888156932384e-190
0.33675,1.4988055017728616,-0.02470585632324218,1.1438960555725625e-185,2.0553717331208993e-190
0.337,1.4990572453106439,-0.024714576721191428,1.6114823983425546e-185,2.8996587812116405e-190
0.33725,1.4993112931894488,-0.0247356948852539,2.2696024951952818e-185,4.087227142484371e-190
0.3375,1.4995718817526602,-0.024736309051513694,3.195651645760451e-185,5.760636374686319e-190
0.33775,1.4998394075605277,-0.024723571777343745,4.498364319578351e-185,8.120516489685763e-190
0.338,1.500109647784665,-0.024723232269287132,6.33046409137995e-185,1.1435290154587224e-189
0.33825,1.500369804657535,-0.02470858764648437,8.906403540022183e-185,1.6094475621234865e-189
0.3385,1.5006278100031172,-0.024725891113281273,1.2527235681008386e-184,2.2651019034278483e-189
0.33875,1.5008889935932905,-0.024728889465332027,1.761547477405048e-184,3.1893772954451743e-189
0.339,1.5011690713493973,-0.024718059539794945,2.4763945948178136e-184,4.486367364456777e-189
0.33925,1.5014199057086608,-0.02472868728637695,3.48042192667559e-184,6.309453604251327e-189
0.3395,1.5016834893979527,-0.024723102569580102,4.890245504835029e-184,8.877240232498568e-189
0.33975,1.501946899291756,-0.024715133666992184,6.869360529236491e-184,1.2475855593087653e-188
0.34,1.5021994634638867,-0.02470716476440432,9.646927230544426e-184,1.752876714538306e-188
0.34025,1.502451865435511,-0.0247139778137207,1.3544061023273645e-183,2.4619666718168362e-188
0.3405,1.5027268580664077,-0.02468216705322268,1.901061517242432e-183,3.459424948244137e-188
0.34075,1.5029673775589258,-0.02471329879760742,2.6676630344495962e-183,4.8564232049091455e-188
0.341,1.5032415865210964,-0.024691501617431666,3.742428089865853e-183,6.816835685200496e-188
0.34125,1.5034959521367202,-0.02471881866455078,5.248845771345346e-183,9.572570018983631e-188
0.3415,1.5037571851070322,-0.024721340179443385,7.359734963922014e-183,1.3431769058960958e-187
0.34175,1.5040215130091692,-0.024720523834228514,1.031688795236481e-182,1.884130018461686e-187
0.342,1.504281943579628,-0.02471398544311526,1.4458511636027102e-182,2.6421151700190366e-187
0.34225,1.5045479031758662,-0.024683605194091796,2.0257551876458407e-182,3.705219269892972e-187
0.3425,1.5048084672769075,-0.024694709777832058,2.8375203578314343e-182,5.191410394529351e-187
0.34275,1.5050483962184522,-0.024719642639160155,3.973560473839144e-182,7.274647022797883e-187
0.343,1.5053054348023562,-0.024728839874267605,5.5630074456030426e-182,1.0198108328353637e-186
0.34325,1.5055609200123952,-0.02474566650390625,7.786254363420805e-182,1.428719974465374e-186
0.3435,1.505819563746512,-0.024741512298584012,1.0895240549356394e-181,2.0008955349022066e-186
0.34375,1.506065158898251,-0.024745941162109375,1.5241738519749668e-181,2.8014468098386373e-186
0.34400000000000003,1.5063172220985548,-0.024757045745849637,2.1316789440647955e-181,3.924200558871226e-186
0.34425,1.5065834647953862,-0.024763381958007813,2.980566707409567e-181,5.49188802690212e-186
0.34450000000000003,1.506857940887472,-0.024758750915527372,4.166446558052207e-181,7.682994089973804e-186
0.34475,1.5071033582619418,-0.024782730102539063,5.822679158355946e-181,1.0752281019109881e-185
0.34500000000000003,1.5073635424401937,-0.02477333068847659,8.135235622841188e-181,1.5033933451590582e-185
0.34525,1.5076241644085466,-0.024789680480957033,1.1363387027817947e-180,2.1016409967428633e-185
0.34550000000000003,1.5078882506486302,-0.0247712211608887,1.5868504649069875e-180,2.9388937767783232e-185
0.34575,1.5081418660171924,-0.02477326583862305,2.2154140484403397e-180,4.105244361361031e-185
0.34600000000000003,1.5083941668282868,-0.024793907165527374,3.09217923248605e-180,5.7339413477471624e-185
0.34625,1.5086623773198722,-0.024793090820312502,4.3148471806412195e-180,8.007917776880801e-185
0.34650000000000003,1.5089352558326328,-0.02478989028930667,6.0194573097541505e-180,1.1185396323753142e-184
0.34675,1.5091853619252866,-0.024799087524414065,8.395384136476793e-180,1.561102210363744e-184
0.34700000000000003,1.5094522407955897,-0.02481352996826175,1.170618202748707e-179,2.1785891589612649e-184
0.34725,1.509710087163928,-0.024800315856933597,1.631855101690854e-179,3.0412781626542475e-184
0.34750000000000003,1.5099731405561143,-0.024811897277832062,2.27425776780685e-179,4.2415638871574806e-184
0.34775,1.51023092083124,-0.024802497863769535,3.1687626090187077e-179,5.913654107665744e-184
0.34800000000000003,1.510509252287242,-0.02478213119506839,4.413994622625616e-179,8.241299058602177e-184
0.34825,1.510770335474909,-0.024785606384277348,6.147041188975631e-179,1.1489265394193226e-183
0.34850000000000003,1.51100805458903,-0.02481483078002933,8.558404844706732e-179,1.6007414873259337e-183
0.34875,1.5112796816853187,-0.024807815551757817,1.1912750893510958e-178,2.2297927507173252e-183
0.34900000000000003,1.5115361056942795,-0.024809383392334017,1.6577688535890368e-178,3.1068321308293663e-183
0.34925,1.5117994856614931,-0.024779956817626958,2.3063686328660244e-178,4.324730229004105e-183
0.34950000000000003,1.5120575992154803,-0.02477580261230472,3.207941587709333e-178,6.0166809251182356e-183
0.34975,1.512313802274603,-0.02477069473266602,4.460846836866938e-178,8.369496574111e-183
0.35000000000000003,1.512574045283459,-0.02477035522460941,6.201567184214185e-178,1.1647339787966825e-182
0.35025,1.5128348913242902,-0.024778121948242193,8.619439459634102e-178,1.6195031295456957e-182
0.35050000000000003,1.5130974306704696,-0.024781120300293003,1.1977058554700814e-177,2.2515374225983608e-182
0.35075,1.5133686668479858,-0.02476790618896485,1.663853362499222e-177,3.131343776578228e-182
0.35100000000000003,1.5136156654267854,-0.024788547515869175,2.3108608743091284e-177,4.3515656271371746e-182
0.35125,1.5138533351098107,-0.024813957214355475,3.2086812234300324e-177,6.046501890620157e-182
0.35150000000000003,1.5141015297959202,-0.02481171035766605,4.454239000982919e-177,8.401330093244005e-182
0.35175,1.514398737373721,-0.024777038574218757,6.181797530351748e-177,1.1673692447377112e-181
0.352,1.5146509480734525,-0.02480149459838865,8.57729804044865e-177,1.620674801369602e-181
0.35225,1.5149151183093432,-0.02479066467285157,1.1898188242659351e-176,2.249348984219769e-181
0.3525,1.515178793346569,-0.024787464141845683,1.6500835196922462e-176,3.1231880326380363e-181
0.35275,1.515430597879831,-0.024799522399902352,2.2878414294879597e-176,4.3324266439886004e-181
0.353,1.5156959895646265,-0.024808719635009746,3.1713265350139546e-176,6.009696624105185e-181
0.35325,1.5159674197088244,-0.024792167663574227,4.39492224146866e-176,8.334018847890343e-181
0.3535,1.5162292340685406,-0.024796119689941387,6.0891513334884304e-176,1.1561109764252744e-180
0.35375,1.51649175350659,-0.024806270599365243,8.434470474341859e-176,1.602287773728159e-180
0.354,1.516745682296338,-0.024797824859619122,1.1680313612774567e-175,2.2204684684814463e-180
0.35425,1.5169978614289399,-0.0247960548400879,1.6171375278902565e-175,3.0776195484997416e-180
0.3545,1.517249487464198,-0.02479714584350584,2.2383877582882902e-175,4.262628337326199e-180
0.35475,1.5174971359222211,-0.02481826400756837,3.097560132794432e-175,5.9023747800625955e-180
0.355,1.517758987588631,-0.024809818267822248,4.2854888635067024e-175,8.171395504666544e-180
0.35525,1.5180115045444482,-0.024817108154296885,5.927578840885017e-175,1.1316831556007234e-179
0.3555,1.5182690277035986,-0.024828212738037092,8.196921825712952e-175,1.5660154362959477e-179
0.35575,1.5185275918483248,-0.024816429138183604,1.1332373382358383e-174,2.16655693007468e-179
0.356,1.518753091422862,-0.02486854171752928,1.5663460898906941e-174,2.998944296034829e-179
0.35625,1.5190259323822715,-0.02484722137451173,2.164469600060732e-174,4.148479969565866e-179
0.3565,1.5192811877539798,-0.024841636657714827,2.990283099714637e-174,5.7347677221974786e-179
0.35675,1.519546788569526,-0.02484988021850587,4.130192707704905e-174,7.926021034756845e-179
0.357,1.5198003957439186,-0.024863845825195297,5.703292676037803e-174,1.0960232056041128e-178
0.35725,1.5200325209140797,-0.02487828826904298,7.873692984396697e-174,1.5143757014154342e-178
0.3575,1.5203027643964617,-0.02487461090087889,1.0867481475258409e-173,2.0919259740600455e-178
0.35775,1.5205704087948035,-0.024854244232177747,1.4996057421061263e-173,2.8901155652787385e-178
0.358,1.5208465016165462,-0.024826248168945297,2.0688222308862494e-173,3.9886512219885596e-178
0.35825,1.5210922449360278,-0.024844028472900404,2.853430418351827e-173,5.503404168028528e-178
0.3585,1.5213557808315281,-0.024857517242431626,3.934681382366165e-173,7.593397279304493e-178
0.35875,1.5216410776343432,-0.02483858108520509,5.4243807253967866e-173,1.0479587558741497e-177
0.359,1.5218907624228284,-0.0248501625061035,7.476342799068356e-173,1.4450793630631863e-177
0.35925,1.5221383421221262,-0.024859836578369154,1.0302125454619236e-172,1.992516042331713e-177
0.3595,1.5224041346949848,-0.024865219116210924,1.419263997644858e-172,2.7487623499715883e-177
0.35975,1.5226618333248223,-0.024889675140380874,1.9547823063295542e-172,3.788802999274058e-177
0.36,1.5229279950387635,-0.024885997772216784,2.691736916592306e-172,5.221580493247939e-177
0.36025,1.523195204807291,-0.02486277008056642,3.705663307852509e-172,7.197492295737329e-177
0.3605,1.5234687301059573,-0.024840972900390612,5.1003335083485066e-172,9.910243832907723e-177
0.36075,1.5237400315369154,-0.024812500000000015,7.018278551473617e-172,1.3638909635460749e-176
0.361,1.5239981430340976,-0.02482169723510741,9.655219926475983e-172,1.8766530806263378e-176
0.36125,1.524263004384546,-0.024827079772949234,1.3279857637710056e-171,2.583650577337193e-176
0.3615,1.5245257453497771,-0.024835800170898426,1.8260996900805248e-171,3.554358686533423e-176
0.36175,1.5247780413527001,-0.024825447082519547,2.5104726588142285e-171,4.888384001229776e-176
0.362,1.5250267932363704,-0.02482653808593749,3.4505362438922236e-171,6.726108298141563e-176
0.36225,1.5252967401136939,-0.024833351135253923,4.741523530446345e-171,9.247186403488801e-176
0.3625,1.5255478656823427,-0.02486591339111327,6.514027384367945e-171,1.2713730789839597e-175
0.36275,1.5257895980404705,-0.024862236022949236,8.947088577058278e-171,1.7477284698499133e-175
0.363,1.5260386536603918,-0.024869049072265614,1.2286113262896839e-170,2.4034220969879743e-175
0.36325,1.5262784494516675,-0.024870616912841814,1.686739621261391e-170,3.301869080027139e-175
0.3635,1.5265449307975412,-0.02485406494140624,2.315167758310994e-170,4.5346299086767656e-175
0.36375,1.5268094356565127,-0.024839420318603533,3.177005048198903e-170,6.229171619169331e-175
0.364,1.5270494099365026,-0.024865306854248037,4.358675092311887e-170,8.550806580376965e-175
0.36425,1.5273086502097597,-0.024857337951660174,5.9785019242854844e-170,1.1736517742273515e-174
0.3645,1.5275578768125286,-0.024867012023925772,8.198448385545156e-170,1.6103269589335662e-174
0.36475,1.5278366727450559,-0.024843307495117206,1.1240160402754372e-169,2.210321713984259e-174
0.365,1.5280866051139894,-0.024864902496337882,1.5406891738759044e-169,3.031411204674693e-174
0.36525,1.5283429091741012,-0.02484024429321291,2.1113457773333784e-169,4.156261060730835e-174
0.3655,1.5286016762386883,-0.02485659408569335,2.892714943587853e-169,5.700905821723608e-174
0.36575,1.5288635174414824,-0.024855300903320332,3.9623605118012856e-169,7.813300553904243e-174
0.366,1.5291403124503289,-0.02484971618652343,5.426309208350115e-169,1.0704938618516391e-173
0.36625,1.5294073748469088,-0.02484222412109377,7.429462951695148e-169,1.4664331661109291e-173
0.3665,1.5296854105572208,-0.024816135406494133,1.0169808331532248e-168,2.0090878694644263e-173
0.36675,1.5299589575237222,-0.024803874969482442,1.391780370168845e-168,2.7499089457827298e-173
0.367,1.530232596083298,-0.024781124114990227,1.90428246080809e-168,3.763003449404742e-173
0.36725,1.5304997004360628,-0.024783645629882833,2.604922929335286e-168,5.150568620953166e-173
0.3675,1.5307548474600474,-0.02480094909667968,3.562553286921558e-168,7.046313078409469e-173
0.36775,1.5310254392874962,-0.024792026519775412,4.8711439885722595e-168,9.639193606128701e-173
0.368,1.5312951945793472,-0.024762599945068353,6.658920064337997e-168,1.318018507864785e-172
0.36825,1.5315544568491586,-0.02476369094848635,9.100808995742398e-168,1.8026649807102563e-172
0.3685,1.5318152918354309,-0.024767166137695307,1.243539799294225e-167,2.4639413344596997e-172
0.36875,1.5320773183294836,-0.02475681304931643,1.698802916864578e-167,3.366697432779505e-172
0.369,1.532324911679256,-0.02476553344726562,2.3202247372927692e-167,4.6027443442005496e-172
0.36925,1.5325870351347226,-0.024777114868164085,3.168261212090111e-167,6.288376443477718e-172
0.3695,1.5328525401595523,-0.024766284942626948,4.325296738393211e-167,8.588790665794801e-172
0.36975,1.533112324139506,-0.02476832962036135,5.903573314068531e-167,1.1728174262949764e-171
0.37,1.5333733244662886,-0.024754638671874996,8.05597789991013e-167,1.6021517724304725e-171
0.37025,1.5336304343149227,-0.02477527999877932,1.0990715072102093e-166,2.1869726721529357e-171
0.3705,1.5339007446840818,-0.024764450073242184,1.4991259973733268e-166,2.984927717575722e-171
0.37075,1.5341703389774004,-0.024756958007812524,2.0443485887422744e-166,4.0748731894869184e-171
0.371,1.534423290681033,-0.02477426147460937,2.7872538223972857e-166,5.55896598034855e-171
0.37125,1.5346873652336637,-0.024752464294433618,3.799294572434362e-166,7.581217647736761e-171
0.3715,1.5349429593115027,-0.024759277343749997,5.177670604333897e-166,1.0335588856284796e-170
0.37175,1.5352006372058709,-0.024751785278320337,7.054577287406026e-166,1.4097579827061997e-170
0.372,1.5354508988858755,-0.024775287628173825,9.609766278440693e-166,1.9213729592686557e-170
0.37225,1.5357156125747353,-0.0247882995605469,1.3087600504750348e-165,2.6184288064007538e-170
0.3725,1.5359804294726613,-0.024774608612060545,1.7820206533454197e-165,3.569923798935973e-170
0.37275,1.5362507114960602,-0.024762348175048854,2.4258897441415143e-165,4.861877667396394e-170
0.373,1.536505366384099,-0.024755332946777342,3.301681138559239e-165,6.620118800519198e-170
0.37325,1.5367740178950884,-0.02474736404418948,4.492675661606356e-165,9.011613515800584e-170
0.3735,1.5370317498519748,-0.02473176574707031,6.1119669223513785e-165,1.2270898898778685e-169
0.37375,1.5373045541046344,-0.02471044540405276,8.3131006001454e-165,1.6692585793604008e-169
0.374,1.5375714774899218,-0.024706291198730468,1.130449878678574e-164,2.2703320000020403e-169
0.37425,1.5378333446458416,-0.02470642852783206,1.5369011776626248e-164,3.0892459656841857e-169
0.3745,1.538109646613048,-0.02468033981323242,2.089041430020921e-164,4.199692112171351e-169
0.37475,1.5383509677289908,-0.02470145797729495,2.8389305073150135e-164,5.708944737259293e-169
0.375,1.5386201547564577,-0.02467632293701172,3.8571736450868255e-164,7.75798744469167e-169
0.37525000000000003,1.538888149460352,-0.0246750297546387,5.239507429562455e-164,1.0546828151527622e-168
0.3755,1.5391520994796983,-0.02464703369140625,7.11571739997416e-164,1.4325746874168408e-168
0.37575000000000003,1.5394115766438357,-0.02463334274291995,9.661710155121461e-164,1.945007183729325e-168
0.376,1.539673455275577,-0.024630619049072267,1.3115852367425119e-163,2.641933248081353e-168
0.37625000000000003,1.5399380038910846,-0.02463266372680667,1.78010801636566e-163,3.5861091449555995e-168
0.3765,1.5401839449079056,-0.02464138412475586,2.4154810430844722e-163,4.867686704162054e-168
0.37675000000000003,1.5404509672473568,-0.024615772247314482,3.276939862477766e-163,6.610447617020079e-168
0.377,1.5407031405718814,-0.024606849670410158,4.444685014566468e-163,8.967834014093197e-168
0.37725000000000003,1.540962435677439,-0.024609848022460967,6.027279131181302e-163,1.2163258757312208e-167
0.3775,1.5412232688539305,-0.024600925445556643,8.171645866986766e-163,1.6495833621152335e-167
0.37775000000000003,1.5414959017803516,-0.024588665008544952,1.1076582983110665e-162,2.23762006697184e-167
0.378,1.5417725911347309,-0.02457258987426758,1.5011020806477627e-162,3.0328746186612717e-167
0.37825000000000003,1.5420401113437188,-0.024557945251464874,2.033868731850573e-162,4.1103902613478805e-167
0.3785,1.542299326087222,-0.02455188369750977,2.7551420886299576e-162,5.571488253130164e-167
0.37875000000000003,1.54254161584541,-0.024563465118408234,3.7314153107904714e-162,7.546985646238779e-167
0.379,1.5428043313284487,-0.024548820495605472,5.052563735254833e-162,1.0222434916145548e-166
0.37925000000000003,1.5430864587655635,-0.02453465270996097,6.840041747387208e-162,1.3841414457800167e-166
0.3795,1.5433495124611962,-0.024524299621582035,9.25794425143185e-162,1.8747960880081624e-166
0.37975000000000003,1.5435906625621643,-0.024541126251220735,1.252793073771282e-161,2.5377386498761502e-166
0.38,1.5438636949763171,-0.024500732421875004,1.6949356555254619e-161,3.433717451215078e-166
0.38025000000000003,1.5441109839081384,-0.024532341003418,2.292642261470184e-161,4.648520802064203e-166
0.3805,1.5443613840341477,-0.024538677215576177,3.1004782786678096e-161,6.290230619528511e-166
0.38075000000000003,1.5446381248162142,-0.024521648406982455,4.1920893394865905e-161,8.509002741893954e-166
0.381,1.544908254446918,-0.024506050109863287,5.6668526239042196e-161,1.1506484838987024e-165
0.38125000000000003,1.5451898763873086,-0.024484252929687533,7.658839602742144e-161,1.5562645798242524e-165
0.3815,1.54547947405715,-0.024467224121093756,1.0348890995175508e-160,2.10291824621092e-165
0.38175000000000003,1.5457433365404682,-0.024456394195556674,1.3980881270786831e-160,2.8411850658782437e-165
0.382,1.546019256075488,-0.02444604110717774,1.888362179812048e-160,3.8400201051858884e-165
0.38225000000000003,1.5462834609062324,-0.024441886901855503,2.550035140717136e-160,5.18580333211656e-165
0.3825,1.5465379796455578,-0.02445299148559571,3.442843455206397e-160,7.002840359202844e-165
0.38275000000000003,1.546830134156592,-0.02442547225952152,4.647278928607574e-160,9.454797235876274e-165
0.383,1.5470786841706339,-0.02444039154052735,6.271777885189703e-160,1.277022065387958e-164
0.38325000000000004,1.5473275444305221,-0.024443866729736363,8.462392775326869e-160,1.7237877728847563e-164
0.3835,1.5475793490581469,-0.02445783233642579,1.1415800773685282e-159,2.3264887996665586e-164
0.38375000000000004,1.547816459971351,-0.024474182128906286,1.539679716028602e-159,3.141886694681407e-164
0.384,1.5480662196626063,-0.024478134155273445,2.07618148446475e-159,4.240194528266751e-164
0.38425,1.5483127855414391,-0.024488285064697246,2.799053949303922e-159,5.720559745410645e-164
0.3845,1.5485697982462863,-0.024486991882324227,3.772839819271522e-159,7.716388767838023e-164
0.38475,1.5488269402931285,-0.024484745025634747,5.084364985017997e-159,1.041135440270639e-163
0.385,1.5490777065333137,-0.024510154724121103,6.85040798342227e-159,1.4039447128229338e-163
0.38525,1.5493361615717478,-0.02450743103027342,9.22800098983732e-159,1.8928436383560386e-163
0.3855,1.5495943817835713,-0.024515674591064462,1.2428262464453364e-158,2.5527244345057594e-163
0.38575,1.5498583308641405,-0.02450246047973631,1.673496851540008e-158,3.4395714285249593e-163
0.386,1.5501169090277362,-0.024488292694091807,2.2529481315245247e-158,4.632787908766045e-163
0.38625,1.550357228830976,-0.024509887695312482,3.032420387622481e-158,6.238648713841966e-163
0.3865,1.5506318908501129,-0.024502872467041026,4.080746845414826e-158,8.404997836750771e-163
0.38675,1.5508877559808183,-0.024497764587402326,5.490375407912488e-158,1.1314998795422946e-162
0.387,1.5511445468026235,-0.024514114379882823,7.385445180969186e-158,1.522903217205481e-162
0.38725,1.5514175407829864,-0.02450090026855467,9.93261673956605e-158,2.0503297286039884e-162
0.3875,1.5516796980292988,-0.024507713317871105,1.3355592132796489e-157,2.7582257945470463e-162
0.38775,1.5519281946622794,-0.024505943298339827,1.795457778437576e-157,3.7102653889800577e-162
0.388,1.5521698446031547,-0.024493682861328137,2.4132367738596364e-157,4.9893150969731e-162
0.38825,1.5524251633301078,-0.024485237121582015,3.242929220484801e-157,6.71094603756381e-162
0.3885,1.5526832292657353,-0.024483943939208996,4.3570035254197214e-157,9.020064147025382e-162
0.38875,1.5529353291734722,-0.02449171066284178,5.852634016863295e-157,1.2121960606721848e-161
0.389,1.5531792038565786,-0.02448707962036134,7.860097725486444e-157,1.629610289376353e-161
0.38925,1.5534304002975947,-0.024493415832519516,1.0554016160106267e-156,2.189209347504936e-161
0.3895,1.5536865771756108,-0.024498321533203138,1.4168403034728126e-156,2.9407181499442906e-161
0.38975,1.5539260519745515,-0.024526115417480454,1.901680248117346e-156,3.950049663610914e-161
0.39,1.5541733206200496,-0.024524822235107435,2.55192344763049e-156,5.307616406907512e-161
0.39025,1.5544422042344057,-0.02450493240356444,3.423824137220317e-156,7.125139222231967e-161
0.3905,1.5547032708539028,-0.024492671966552748,4.592710001353853e-156,9.562133642476661e-161
0.39075,1.554954810582065,-0.02451665115356444,6.159429258766545e-156,1.283756681685478e-160
0.391,1.555218621055566,-0.024519172668457045,8.258970223454044e-156,1.7225191453173945e-160
0.39125,1.5554851517896866,-0.024519786834716784,1.1071983137266544e-155,2.3104663212626025e-160
0.3915,1.555738362423099,-0.024517063140869155,1.4840178468772217e-155,3.1004276367752845e-160
0.39175,1.555990346501509,-0.024530551910400378,1.9886901863892085e-155,4.1574971935729424e-160
0.392,1.5562354827079656,-0.02453259658813478,2.664462067101125e-155,5.574105600808693e-160
0.39225,1.556466545221201,-0.02454274749755858,3.5691636610068146e-155,7.472207387483236e-160
0.3925,1.5567102890815063,-0.024562911987304703,4.780111186382538e-155,1.0021397551055068e-159
0.39275,1.5569630933508758,-0.024557804107666004,6.400652574242459e-155,1.3429165973618704e-159
0.393,1.5572234601322834,-0.02454983520507814,8.56890514300345e-155,1.799084875939758e-159
0.39325,1.557477126618246,-0.02453995895385741,1.1469417070382896e-154,2.41067996345169e-159
0.3935,1.5577409807783362,-0.024540573120117204,1.534872799824124e-154,3.2275396257436843e-159
0.39375,1.558007329518778,-0.02452735900878905,2.0536128455939416e-154,4.319631028693554e-159
0.394,1.5582613106454448,-0.024523204803466814,2.7471349666092174e-154,5.780921270716655e-159
0.39425,1.5585139991554398,-0.02454813766479491,3.674149024012038e-154,7.739430318898033e-159
0.3945,1.558765417697545,-0.024551612854003924,4.913025152498078e-154,1.0355471542998849e-158
0.39475,1.5590033107817203,-0.024570823669433584,6.5683571724281e-154,1.3855320407117615e-158
0.395,1.5592572533802453,-0.024584789276123065,8.779710384297011e-154,1.854589412133981e-158
0.39525,1.5595133191067843,-0.024570621490478506,1.1733278488069006e-153,2.4804751040260424e-158
0.3955,1.5597771413467607,-0.024561698913574237,1.5677414083192548e-153,3.3163492587856445e-158
0.39575,1.5600336131150065,-0.024560405731201163,2.0943315959147274e-153,4.432463805688632e-158
0.396,1.5602720832510215,-0.024574371337890644,2.797258016223579e-153,5.926969934172094e-158
0.39625,1.5605289725870077,-0.024561634063720694,3.735388511666658e-153,7.91916770849734e-158
0.3965,1.560770581673653,-0.024566539764404316,4.987182967588461e-153,1.057733319287944e-157
0.39675,1.5610375854369738,-0.024555233001708976,6.657193765378673e-153,1.4134476202047969e-157
0.397,1.5612933537225353,-0.024550125122070332,8.884716377272073e-153,1.8870660021325024e-157
0.39725,1.5615547552174538,-0.024544063568115226,1.1855299104503503e-152,2.518875675779603e-157
0.3975,1.5618194258035993,-0.024547061920166036,1.5816054027867502e-152,3.3615106337430213e-157
0.39775,1.5620719839212933,-0.0245362319946289,2.1096020684746784e-152,4.488159624568565e-157
0.398,1.5623378117030247,-0.0245230178833008,2.8133244761165175e-152,5.986870441265729e-157
0.39825,1.5625970805102385,-0.02452220153808593,3.7510779269012156e-152,7.985117775567765e-157
0.3985,1.5628593564199607,-0.02451757049560549,5.000453910938326e-152,1.065412550174303e-156
0.39875,1.5630956355356858,-0.024543933868408196,6.6646899700738845e-152,1.420595244637044e-156
0.399,1.563351611622146,-0.024542640686035178,8.881120345147776e-152,1.8941556773132773e-156
0.39925,1.5636170375498362,-0.024553745269775384,1.183240262468974e-151,2.525193219578228e-156
0.3995,1.5638751492704217,-0.024556743621826194,1.5761429485022438e-151,3.3677771183620627e-156
0.39975,1.5641276163380131,-0.02458596801757812,2.0991131401274434e-151,4.4883560409302085e-156
0.4,1.5643860147172426,-0.02459516525268557,2.795076959063541e-151,5.982165124531731e-156
0.40025,1.564642958516155,-0.02460102462768554,3.72108397621934e-151,7.975412297046756e-156
0.4005,1.5649144247948272,-0.024577320098876976,4.952939796697893e-151,1.0623666416624854e-155
0.40075,1.5651940265356772,-0.024570781707763667,6.591353484696121e-151,1.4145277197362931e-155
0.401,1.5654687918593404,-0.02455899810791018,8.770093647492152e-151,1.882770784642729e-155
0.40125,1.5657425442806086,-0.024550552368164058,1.166680747893722e-150,2.5068002180107273e-155
0.4015,1.5660188091296807,-0.024548782348632836,1.5517369535673002e-150,3.3351093137068932e-155
0.40175,1.5662953735583756,-0.024505050659179684,2.0634908275103384e-150,4.4356725320231535e-155
0.402,1.5665608317059263,-0.024511386871337915,2.7435030620932403e-150,5.90095764463396e-155
0.40225,1.5668281206314436,-0.024512001037597653,3.646925737876229e-150,7.84561140359107e-155
0.4025,1.5670949321852925,-0.024494495391845728,4.8469333971973534e-150,1.0429034007304399e-154
0.40275,1.5673500364549056,-0.024477943420410153,6.440594293200207e-150,1.3859745970115302e-154
0.403,1.5676275382247757,-0.02446663665771487,8.55664845251198e-150,1.842363185887235e-154
0.40325,1.5678669023844098,-0.024486801147460935,1.1365809920153302e-149,2.4478902725266398e-154
0.4035,1.5681195864821134,-0.024494567871093775,1.509440982278779e-149,3.2523127975915144e-154
0.40375,1.5683724678535957,-0.0245085334777832,2.0042460272047095e-149,4.32287957451303e-154
0.404,1.5686241347948968,-0.02453155899047854,2.660756720084282e-149,5.742789167789736e-154
0.40425,1.568878368011863,-0.024515007019042967,3.5316580126050404e-149,7.627674305818923e-154
0.4045,1.5691330811347675,-0.024498455047607448,4.686747437857297e-149,1.0127187124217708e-153
0.40475,1.5693820786134787,-0.024506698608398436,6.218476378974328e-149,1.3449976034186764e-153
0.405,1.5696292836376111,-0.024488239288330105,8.24928015014882e-149,1.7849637788222683e-153
0.40525,1.5698974612865526,-0.024437355041503905,1.094127256776322e-148,2.367523824980368e-153
0.4055,1.5701576341997514,-0.024430816650390652,1.4509065382284352e-148,3.140879881115598e-153
0.40575,1.570404869523169,-0.02444382858276367,1.923671670549955e-148,4.1649836124211574e-153
0.406,1.5706575270738763,-0.024443012237548856,2.550013423689368e-148,5.522808133088359e-153
0.40625,1.5709025179387046,-0.024460315704345703,3.379668348810648e-148,7.322528649916354e-153
0.40650000000000003,1.5711645849119196,-0.024451393127441434,4.478431102981274e-148,9.712832469692669e-153
0.40675,1.5714105155342963,-0.024452484130859375,5.9333231124065326e-148,1.2873742701539216e-152
0.40700000000000003,1.5716748979094977,-0.02445023727416995,7.859419770420295e-148,1.706079680127185e-152
0.40725,1.5719296266645462,-0.024459434509277345,1.0408866725306036e-147,2.2618850449277537e-152
0.40750000000000003,1.5721836020770006,-0.024460048675537138,1.3782785010157344e-147,2.9967120108757387e-152
0.40775,1.5724527863147322,-0.02445207977294922,1.824698775508338e-147,3.969203645717744e-152
0.40800000000000003,1.57269913336472,-0.024440773010253936,2.4152725049283085e-147,5.258357189217281e-152
0.40825,1.5729773420079454,-0.024418975830078127,3.1964060621122987e-147,6.961054716169159e-152
0.40850000000000003,1.573234439282111,-0.024413867950439483,4.2293993895864457e-147,9.211690974616084e-152
0.40875,1.5734760333002422,-0.024422588348388674,5.595211250187941e-147,1.218920055181273e-151
0.40900000000000003,1.57372998931997,-0.024413665771484405,7.400744449722009e-147,1.6136830490375243e-151
0.40925,1.5739854789876608,-0.02441380310058594,9.787134363553165e-147,2.134786288206444e-151
0.40950000000000003,1.5742573012710528,-0.024385330200195343,1.2940677317972988e-146,2.8232909552552047e-151
0.40975,1.5745130154582392,-0.024379268646240237,1.7107237017099106e-146,3.734653179607749e-151
0.41000000000000003,1.5747730454572777,-0.024365577697753937,2.2611232521732222e-146,4.937059544332003e-151
0.41025,1.5750369948781806,-0.024359992980957035,2.9880660323823745e-146,6.525351792915466e-151
0.41050000000000003,1.5752884065714492,-0.02437586593627933,3.9480062155759283e-146,8.62380469493703e-151
0.41075,1.5755436254750856,-0.024367420196533207,5.215395392348459e-146,1.1401467188359811e-150
0.41100000000000003,1.5757847505540687,-0.02436946487426761,6.888402499388915e-146,1.5063833724609752e-150
0.41125,1.576038609709,-0.024375801086425786,9.096446066443206e-146,1.9900299557315496e-150
0.41150000000000003,1.5763136438159437,-0.024380706787109407,1.2010111233154462e-145,2.6301753195886345e-150
0.41175,1.5765579914827583,-0.02440325546264649,1.5854204247972395e-145,3.47431187458053e-150
0.41200000000000003,1.5768159809188997,-0.024416744232177767,2.0924934008986267e-145,4.589141992618102e-150
0.41225,1.5770611349942072,-0.024432617187500005,2.7612521349863707e-145,6.060457947279565e-150
0.41250000000000003,1.57732262547545,-0.024424648284912143,3.643094544651816e-145,8.007164793940216e-150
0.41275,1.5775868327879607,-0.024399513244628912,4.805707339737141e-145,1.0568270253085863e-149
0.41300000000000003,1.5778638098369637,-0.024391067504882846,6.338212368240211e-145,1.394407452173146e-149
0.41325,1.578122620242266,-0.024380714416503912,8.357933924421986e-145,1.840332422004998e-149
0.41350000000000003,1.5783720897387798,-0.02437560653686527,1.1019296007330312e-144,2.4270809009916166e-149
0.41375,1.578643376105381,-0.02436143875122071,1.45255178489892e-144,3.1999598223362565e-149
0.41400000000000003,1.5788989927189236,-0.024350131988525425,1.9143985084583582e-144,4.218076341588409e-149
0.41425,1.5791594950456167,-0.024361236572265632,2.5226448180420254e-144,5.5625279426735515e-149
0.41450000000000004,1.5794195116310554,-0.024354221343994176,3.32355594351809e-144,7.331516601934901e-149
0.41475,1.5796974175995149,-0.024329086303710945,4.3779731572236365e-144,9.659293472505682e-149
0.41500000000000004,1.5799494133426397,-0.024351634979248082,5.765891941252999e-144,1.273188355944054e-148
0.41525,1.5801975266584753,-0.02435654067993165,7.592473688435365e-144,1.6772566939352685e-148
0.41550000000000004,1.5804608046963882,-0.024348094940185583,9.995938429168287e-144,2.2091052420049116e-148
0.41575,1.5807469105630467,-0.024329635620117196,1.3157925334593676e-143,2.908930095682137e-148
0.41600000000000004,1.5809887741889632,-0.0243469390869141,1.7317090207841353e-143,3.8322066400239394e-148
0.41625,1.5812449323476683,-0.024337062835693368,2.2786948200600404e-143,5.0445252809472025e-148
0.4165,1.581508424321774,-0.02431097412109373,2.99792830632834e-143,6.637866499726262e-148
0.41675,1.5817574387119624,-0.02431254196166993,3.9434854220219874e-143,8.73723301835541e-148
0.417,1.5820076433120336,-0.024317447662353497,5.186366976317273e-143,1.1494390823858814e-147
0.41725,1.5822708250901913,-0.024307571411132822,6.819779618401124e-143,1.5118464059507022e-147
0.4175,1.5825305505228422,-0.0242991256713867,8.966059544910337e-143,1.9882044050895165e-147
0.41775,1.5827990890427492,-0.024296878814697276,1.1785748368909407e-142,2.6157514396854513e-147
0.418,1.5830633524420925,-0.02428318786621092,1.548948806881624e-142,3.438337006469226e-147
0.41825,1.583320807574378,-0.024280941009521495,2.0353607965130093e-142,4.5191638461056866e-147
0.4185,1.5835677219912472,-0.024299674987792952,2.6740546153658195e-142,5.942708604793393e-147
0.41875,1.5838221462361082,-0.024305057525634777,3.512560023707457e-142,7.809855251075231e-147
0.419,1.5840595814075056,-0.02433237457275389,4.61319629850259e-142,1.0263649159841164e-146
0.41925,1.5843138267737908,-0.02434443283081056,6.057660094184328e-142,1.3488373559572138e-146
0.4195,1.5845799347427743,-0.024332172393798812,7.953032136838981e-142,1.7732493446272208e-146
0.41975,1.5848394569306594,-0.024322296142578137,1.0439640187843439e-141,2.3291219188695705e-146
0.42,1.585102504016421,-0.02432386398315428,1.3701350161667415e-141,3.0582288727191084e-146
0.42025,1.5853698898487623,-0.024317325592041028,1.7979032927241136e-141,4.016791636149291e-146
0.4205,1.5856392713559138,-0.024295051574707016,2.3588183746510468e-141,5.271591415336404e-146
0.42075,1.5859094934740958,-0.024288990020751966,3.094197092307374e-141,6.916492921071516e-146
0.421,1.5861580400362572,-0.02430247879028319,4.058138145851858e-141,9.075069652062051e-146
0.42125,1.586401292576034,-0.024318828582763685,5.321464226506137e-141,1.191248651493318e-145
0.4215,1.5866318660356225,-0.02433279418945311,6.976876216441486e-141,1.5626673917564033e-145
0.42175,1.586903526635456,-0.02434056091308595,9.145690997251291e-141,2.0499436337554436e-145
0.422,1.5871579186374576,-0.024355480194091783,1.198664792836417e-140,2.6900959292266613e-145
0.42225,1.587407554494395,-0.024347988128662124,1.570741717374029e-140,3.527693021611241e-145
0.4225,1.5876608853221048,-0.02436386108398436,2.057963626094303e-140,4.62549739338407e-145
0.42275,1.5879304581516671,-0.02434683227539064,2.6958553234479457e-140,6.066069301087122e-145
0.423,1.5882092305295505,-0.02432789611816405,3.530868333778094e-140,7.948837731087845e-145
0.42325,1.5884620334475485,-0.024310390472412124,4.6237314536092415e-140,1.041344590338761e-144
0.4235,1.5887180597657022,-0.024296222686767566,6.053825559833603e-140,1.3636478557813237e-144
0.42375,1.5889727286531743,-0.024304943084716812,7.924894823564002e-140,1.7862817373866476e-144
0.424,1.5892375865123791,-0.02431461715698241,1.0372501316225872e-139,2.3388059237533823e-144
0.42425,1.589487219620585,-0.02431904602050783,1.3573753555460245e-139,3.06205020186133e-144
0.4245,1.5897289396528405,-0.024326812744140613,1.7760000496538245e-139,4.0106506343595723e-144
0.42475,1.5900017104527948,-0.024296432495117204,2.3233392114016744e-139,5.248457303555638e-144
0.425,1.5902539322273515,-0.024306583404541005,3.0388480715835004e-139,6.86752586266094e-144
0.42525,1.5904981125599669,-0.024308151245117204,3.974039257738148e-139,8.985078999103372e-144
0.4255,1.5907700143838053,-0.02429159927368163,5.1961562199093506e-139,1.1757593928398332e-143
0.42575,1.5910256229643351,-0.02428696823120119,6.792962375138678e-139,1.537488356766319e-143
0.426,1.59127917685464,-0.024308563232421865,8.878983802748757e-139,2.0104452646626465e-143
0.42625,1.5915285756749884,-0.024307270050048846,1.1603645300551933e-138,2.630071568267986e-143
0.4265,1.5917848638336656,-0.024303592681884756,1.5161872278140737e-138,3.438463998474825e-143
0.42675,1.5920372065885855,-0.024301822662353534,1.9807903523865714e-138,4.49390194682375e-143
0.427,1.592298167988473,-0.024277164459228506,2.5873284296331307e-138,5.871856859228066e-143
0.42725,1.5925741481644353,-0.024278732299804706,3.379030099317904e-138,7.674638386149121e-143
0.4275,1.5928192544465753,-0.024275054931640616,4.4122498012031486e-138,1.002489791900946e-142
0.42775,1.5930974704413148,-0.024267086029052753,5.76044105335272e-138,1.3091869023092405e-142
0.428,1.593354653502287,-0.02427342224121093,7.519328782787107e-138,1.710320881860967e-142
0.42825,1.593608793029322,-0.024270221710205098,9.813641445087247e-138,2.233120234171904e-142
0.4285,1.593857118608169,-0.024287048339843742,1.2805871863251983e-137,2.9152447884369877e-142
0.42875,1.5941177115527203,-0.02429004669189455,1.6707676259590309e-137,3.805882818443254e-142
0.429,1.5943535305508827,-0.024301151275634758,2.179470349013149e-137,4.970001557501413e-142
0.42925,1.5946047593772272,-0.024298904418945333,2.8425883526956705e-137,6.4861833893494825e-142
0.4295,1.5948528819636392,-0.024323360443115227,3.706851199167258e-137,8.464431285639106e-142
0.42975,1.595106006460918,-0.02431014633178713,4.833086705844379e-137,1.1049403622346655e-141
0.43,1.5953679758409134,-0.02430503845214843,6.300461358988348e-137,1.4412433925505046e-141
0.43025,1.5956313290094366,-0.024302314758300803,8.211992229752119e-137,1.8794507721043393e-141
0.4305,1.5958766536108175,-0.0242967300415039,1.0701710485107067e-136,2.4503446387302243e-141
0.43075,1.596156240428178,-0.024276363372802756,1.3943969857765347e-136,3.195254374684064e-141
0.431,1.5964225867769093,-0.02426124191284179,1.8165540362732664e-136,4.1633928913665753e-141
0.43125,1.5966943455002955,-0.024255657196044944,2.3661318090421874e-136,5.42355770894297e-141
0.4315,1.5969574234879134,-0.02424959564208984,3.0814728976481814e-136,7.068770038561673e-141
0.43175,1.5972218881161457,-0.024231136322021507,4.0124224765206535e-136,9.205836008536843e-141
0.432,1.5974805822354354,-0.024238903045654292,5.223768459360025e-136,1.1987100750169767e-140
0.43225,1.5977266721038235,-0.024252868652343773,6.799707375236731e-136,1.5610082847659822e-140
0.4325,1.5979778332179642,-0.024263496398925777,8.84964085043955e-136,2.0335263490799566e-140
0.43275,1.598226176377769,-0.024262203216552758,1.1515697930978706e-135,2.6475907688960084e-140
0.433,1.5984989914455978,-0.024247081756591793,1.4982495517102627e-135,3.4461078414811926e-140
0.43325,1.5987558165413303,-0.024251987457275415,1.9489800767378848e-135,4.486942632585362e-140
0.4335,1.5990143734062108,-0.0242750129699707,2.5348955633304492e-135,5.838602361107794e-140
0.43375,1.5992730805620408,-0.02428277969360354,3.296417785689868e-135,7.597529970659673e-140
0.434,1.5995221854501709,-0.024303897857666013,4.2860181808985724e-135,9.88618112349008e-140
0.43425,1.5997801848942876,-0.02429735946655276,5.571798845329624e-135,1.2867978155801094e-139
0.4345,1.6000389179375172,-0.024282714843749997,7.242134491616065e-135,1.6735598618672055e-139
0.43475,1.600302350713232,-0.02428952789306643,9.411688736488679e-135,2.1761236175383093e-139
0.435,1.6005623032365368,-0.024295387268066404,1.2229210363166822e-134,2.830479761847073e-139
0.43525,1.600815374017469,-0.024314121246337916,1.5887634561873942e-134,3.679801082806067e-139
0.4355,1.6010877656500326,-0.024297569274902342,2.0637168524791234e-134,4.7827537436125395e-139
0.43575,1.6013478340864542,-0.024319164276123073,2.680224039647658e-134,6.215431627132481e-139
0.436,1.601599221734821,-0.024315486907958983,3.480344868091647e-134,8.080476646520016e-139
0.43625,1.601842186410491,-0.024311332702636745,4.518598285846413e-134,1.0497508792050068e-138
0.4365,1.6021268167131655,-0.024274276733398437,5.865641721674582e-134,1.363187713825456e-138
0.43675,1.6024094779344753,-0.02424580383300784,7.613033721051399e-134,1.770243738440985e-138
0.437,1.6026682469037825,-0.02424212646484375,9.879397777120274e-134,2.2974077505309823e-138
0.43725,1.602925426411621,-0.02426038360595706,1.2818398329363867e-133,2.981541823605124e-138
0.4375,1.6031818667086557,-0.024256229400634766,1.662906007041046e-133,3.869153225700808e-138
0.43775000000000003,1.6034286067366927,-0.024271148681640653,2.156911689736368e-133,5.022842126214125e-138
0.438,1.6036883017515802,-0.024283206939697266,2.7972277247231867e-133,6.51766113526894e-138
0.43825000000000003,1.6039309216480317,-0.02427762222290042,3.627055129439545e-133,8.455854297255924e-138
0.4385,1.6041712117589544,-0.024303508758544923,4.702311948925265e-133,1.0975619629719508e-137
0.43875000000000003,1.6044172718761969,-0.02431222915649417,6.095365300696199e-133,1.4238000772339144e-137
0.439,1.6046713944790838,-0.02431475067138672,7.89985529873064e-133,1.8466473943715558e-137
0.43925000000000003,1.6049276894917528,-0.024302013397216826,1.0236929324393947e-132,2.39559646671919e-137
0.4395,1.6051955075567226,-0.024301673889160158,1.3263297713308879e-132,3.105338583932188e-137
0.43975000000000003,1.6054674844690355,-0.024307533264160186,1.718164137101089e-132,4.0247588771714708e-137
0.44,1.6057033482105156,-0.024324836730957033,2.2254055873443773e-132,5.216771082991716e-137
0.44025000000000003,1.6059662529414342,-0.024335941314697296,2.881941524259438e-132,6.764358133706594e-137
0.4405,1.6062255480818415,-0.024332263946533206,3.7315794680345436e-132,8.76392134958073e-137
0.44075000000000003,1.6064601350198724,-0.024352428436279328,4.830942166486925e-132,1.1354655560713751e-136
0.441,1.6067304318306155,-0.024341121673583987,6.253205029608664e-132,1.4714387640619787e-136
0.44125000000000003,1.6069818168343541,-0.024341259002685578,8.092920208189047e-132,1.9054558769873644e-136
0.4415,1.6072408465137116,-0.024338535308837894,1.0472242282956822e-131,2.466927628154954e-136
0.44175000000000003,1.6075060411830717,-0.024323413848876985,1.3548961543236622e-131,3.193151564112956e-136
0.442,1.607794860274573,-0.0243054313659668,1.752686806439478e-131,4.133998039108449e-136
0.44225000000000003,1.608051433867491,-0.024310813903808626,2.26691207704616e-131,5.348547074508239e-136
0.4425,1.6083167892538048,-0.024302368164062504,2.9315490076721677e-131,6.918981175139396e-136
0.44275000000000003,1.6085992261065303,-0.02429726028442386,3.7904593002138944e-131,8.952815440698785e-136
0.443,1.6088656976790905,-0.024295967102050786,4.900256183877757e-131,1.1578025133198229e-135
0.44325000000000003,1.6091317483326892,-0.024282276153564486,6.334000215699581e-131,1.4968203164045123e-135
0.4435,1.609385852632411,-0.024287658691406255,8.185962958070735e-131,1.9350796905146518e-135
0.44375000000000003,1.6096492068144541,-0.024289226531982455,1.0577766140927995e-130,2.5025838585714436e-135
0.444,1.6099044855827365,-0.024288410186767584,1.3666292251282893e-130,3.234443147033955e-135
0.44425000000000003,1.6101460429449757,-0.024296653747558628,1.765387611643322e-130,4.179978045430327e-135
0.4445,1.6104180262445535,-0.024291069030761725,2.2801433176742498e-130,5.403924104394646e-135
0.44475000000000003,1.6106820352044005,-0.02426879501342777,2.9445368049927113e-130,6.980476847305857e-135
0.445,1.610954410596534,-0.024259872436523444,3.801934857762083e-130,9.01479156488487e-135
0.44525000000000003,1.6112170880473384,-0.024265731811523472,4.908234110599072e-130,1.1641429592616499e-134
0.4455,1.6114826966783298,-0.0242496566772461,6.335470191502387e-130,1.5037023446463097e-134
0.44575000000000004,1.6117313028433842,-0.024265529632568394,8.176463267606035e-130,1.9412641096923702e-134
0.446,1.6119902579534569,-0.024258991241455086,1.0550796692798331e-129,2.5060556649284152e-134
0.44625000000000004,1.6122529368992238,-0.024262466430664098,1.3612510132881214e-129,3.23628159054616e-134
0.4465,1.6125197252393715,-0.024242576599121102,1.755999731224688e-129,4.1758450836461933e-134
0.44675000000000004,1.6127640906651204,-0.02424700546264652,2.2648738219282676e-129,5.387313620477221e-134
0.447,1.6130219197048092,-0.024244281768798837,2.9207674991104726e-129,6.949902456186098e-134
0.44725000000000004,1.6132706362857887,-0.024258247375488318,3.766027101392832e-129,8.96952478618837e-134
0.4475,1.6135296534635133,-0.024252185821533212,4.8551588439565684e-129,1.1569585614015542e-133
0.44775000000000004,1.61377861194006,-0.02427187347412113,6.258309881583237e-129,1.4922123700079118e-133
0.448,1.614043101344735,-0.024244831085205087,8.065742855492691e-129,1.9250303384558285e-133
0.44825,1.6142838562730355,-0.024251167297363263,1.0393586589361847e-128,2.481414335417969e-133
0.4485,1.614555709203294,-0.02423699951171876,1.339122577582311e-128,3.1980446842183743e-133
0.44875,1.614797788213806,-0.024257164001464826,1.7250795341732738e-128,4.1215169551005384e-133
0.449,1.61504643459085,-0.024258255004882823,2.2219377089334574e-128,5.313868915553132e-133
0.44925,1.6153102652427893,-0.02425696182250975,2.861466536765406e-128,6.84661333529665e-133
0.4495,1.6155771064460973,-0.02423421096801759,3.684508541997323e-128,8.818715330236906e-133
0.44975,1.6158453594079534,-0.024204307556152327,4.743562610695475e-128,1.1360607857500509e-132
0.45,1.6161022453525944,-0.024187278747558605,6.10610051154477e-128,1.462380118639216e-132
0.45025,1.6163779726836216,-0.02416738891601561,7.858824154253081e-128,1.8820151722290043e-132
0.4505,1.6166196231660943,-0.02418469238281251,1.0113129607106796e-127,2.4219300222350693e-132
0.45075,1.6168865857007995,-0.024202949523925765,1.3012118888962567e-127,3.118664309334934e-132
0.451,1.617141578494357,-0.024216915130615246,1.6739596620738925e-127,4.013908784513593e-132
0.45125,1.617401624325463,-0.02421228408813475,2.1531611671945724e-127,5.165684971192123e-132
0.4515,1.6176775457357242,-0.024198116302490247,2.769126152321091e-127,6.649725579580565e-132
0.45175,1.617958206419548,-0.024181564331054672,3.560767884823883e-127,8.553784535071332e-132
0.452,1.6182241618107596,-0.024160243988037122,4.578037815572367e-127,1.1000035555647724e-131
0.45225,1.6184933730828235,-0.024143215179443345,5.885047102504166e-127,1.4140675295831918e-131
0.4525,1.6187576617650854,-0.024142875671386732,7.564068172212089e-127,1.818448871544573e-131
0.45275,1.6190136666514046,-0.024145874023437486,9.720663662045592e-127,2.3372960511487213e-131
0.453,1.6192739956132207,-0.02413265991210939,1.2490259388728841e-126,3.0038232802093116e-131
0.45325,1.6195318146073985,-0.024118968963623033,1.6046566651283078e-126,3.8612555632628657e-131
0.4535,1.6197769511426965,-0.024131504058837905,2.0612372586736363e-126,4.960840152051076e-131
0.45375,1.6200225361612726,-0.024152622222900377,2.6473362343449788e-126,6.374170137984101e-131
0.454,1.6202931543116956,-0.024121765136718765,3.3995822316593785e-126,8.192474860667683e-131
0.45425,1.620565241229997,-0.024114749908447253,4.364931083921875e-126,1.0520641066466275e-130
0.4545,1.6208241672325872,-0.02411154937744142,5.6035685889999486e-126,1.3508994454828232e-130
0.45475,1.6210957928141954,-0.024097381591796863,7.192626688620519e-126,1.7343480167380838e-130
0.455,1.6213485115969475,-0.02409704208374025,9.230940286838471e-126,2.2273335368942747e-130
0.45525,1.6216272676101284,-0.02410099411010741,1.1845135220867561e-125,2.8587575995235026e-130
0.4555,1.621889311028013,-0.02409779357910158,1.519741874940319e-125,3.668792259983392e-130
0.45575,1.6221470735648476,-0.02409268569946288,1.949554720756833e-125,4.71010280933692e-130
0.456,1.6224000802696628,-0.024076610565185563,2.5005577398254864e-125,6.042457474661404e-130
0.45625,1.6226596125478285,-0.02408294677734374,3.2068176761859605e-125,7.75058512711374e-130
0.4565,1.6229145922369943,-0.024088329315185564,4.11194824866336e-125,9.941633381302351e-130
0.45675,1.6231661120658165,-0.024124229431152333,5.271777436591291e-125,1.2759277584198416e-129
0.457,1.6234095899599716,-0.024133903503417986,6.757757679602619e-125,1.6367985014508585e-129
0.45725,1.6236827294237286,-0.024116397857666005,8.661325277371944e-125,2.099374564808297e-129
0.4575,1.6239465366945103,-0.024093647003173846,1.1099472378214687e-124,2.692509045713712e-129
0.45775,1.624218032784582,-0.024078048706054678,1.422186780650874e-124,3.450761996280008e-129
0.458,1.6244907878473538,-0.024066741943359393,1.8219955933232536e-124,4.4217510335104315e-129
0.45825,1.6247487121501778,-0.024078323364257803,2.3338581365311817e-124,5.6651491446633775e-129
0.4585,1.6250212449317574,-0.02407035446166994,2.9890838456150362e-124,7.261246520741173e-129
0.45875,1.6252762289364582,-0.02408813476562499,3.8277037486803665e-124,9.302169993245181e-129
0.459,1.6255778510975145,-0.024029621124267597,4.900892525449021e-124,1.1912948653273994e-128
0.45925,1.6258526697575943,-0.023991611480712882,6.2740611274748e-124,1.5255507063222548e-128
0.4595,1.6261052167527446,-0.02398364257812502,8.030805037346166e-124,1.9522635173351668e-128
0.45975,1.6263621868014726,-0.023958984374999992,1.0277944169072703e-123,2.497929869740896e-128
0.46,1.626630774737166,-0.023941001892089864,1.3151955305122364e-123,3.195247589930775e-128
0.46025,1.6268753320042433,-0.02395067596435546,1.6827180647243264e-123,4.0894700569700055e-128
0.4605,1.627148750679361,-0.023924110412597677,2.1526301389407577e-123,5.231009992590821e-128
0.46075,1.6274225185353925,-0.023895637512207024,2.753369938697578e-123,6.689222460879876e-128
0.461,1.6276622589397212,-0.023900543212890646,3.521250086592304e-123,8.557517005129232e-128
0.46125,1.6279394443889075,-0.02388542175292968,4.5026313699217185e-123,1.094165292800061e-127
0.4615,1.6281875612107457,-0.023890804290771506,5.756694680600359e-123,1.3988674741275665e-127
0.46175,1.6284415695892809,-0.023893325805664056,7.358975289306325e-123,1.788332205183138e-127
0.462,1.6287021555203562,-0.023880588531494162,9.405868464374399e-123,2.287177280353438e-127
0.46225,1.628958590955127,-0.023894077301025385,1.2020372573877964e-122,2.9235692662750997e-127
0.4625,1.6292429217116111,-0.023846530914306663,1.5359408503503755e-122,3.7358917622419795e-127
0.46275,1.6294937522136383,-0.023864788055419917,1.9623146711471288e-122,4.775613774488609e-127
0.463,1.629757420419329,-0.023855865478515648,2.5066890898338985e-122,6.101991343006483e-127
0.46325,1.6299971103445632,-0.023864109039306636,3.2016216921200595e-122,7.79565997591284e-127
0.4635,1.6302455056674412,-0.023874259948730492,4.0886255902554335e-122,9.958499699907188e-127
0.46375,1.6305042641516403,-0.023868198394775386,5.220625249146509e-122,1.272639893747487e-126
0.464,1.6307565864977474,-0.023865474700927758,6.665083692210456e-122,1.6253528760888753e-126
0.46425,1.6310132550442318,-0.023867519378662105,8.507984065239326e-122,2.075571519255975e-126
0.4645,1.6312689161445073,-0.02386193466186526,1.0858898251606815e-121,2.6514092865267402e-126
0.46475,1.6315172166617424,-0.023877807617187496,1.3857438412942871e-121,3.3849476553070635e-126
0.465,1.6317716219519387,-0.023875083923339868,1.7681467611939235e-121,4.32111645797498e-126
0.46525,1.6320393930158912,-0.023866161346435544,2.2557547672865527e-121,5.515207386322779e-126
0.4655,1.6323112361513874,-0.023852470397949244,2.8774232006897475e-121,7.041017950593735e-126
0.46575,1.6325681563967214,-0.02386071395874023,3.6698975703525663e-121,8.983269043022978e-126
0.466,1.6328302502484666,-0.023855129241943385,4.679964419291663e-121,1.1459936482463862e-125
0.46625,1.6330998341053524,-0.023825702667236326,5.967186717370999e-121,1.4622362660606815e-125
0.4665,1.6333492994986818,-0.023812011718750026,7.607382144196986e-121,1.8643964476265305e-125
0.46675,1.6336146099200792,-0.023809288024902342,9.69704539802101e-121,2.3767213165489593e-125
0.467,1.6338862362444586,-0.023800842285156276,1.2358969955485009e-120,3.02937523305762e-125
0.46725,1.6341287157585733,-0.023815761566162108,1.574939360376818e-120,3.8632096727489997e-125
0.4675,1.6344113002580953,-0.023786334991455105,2.006707948974773e-120,4.923389635970181e-125
0.46775,1.6346579772237237,-0.023794578552246093,2.5564855346197333e-120,6.2730901611736e-125
0.468,1.6349235653674168,-0.02378041076660159,3.2564274256357743e-120,7.995987044481462e-125
0.46825,1.6351770955404255,-0.023788177490234375,4.147423877923196e-120,1.0185724533316134e-124
0.4685,1.6354355364120614,-0.02377067184448245,5.281465658083868e-120,1.2974174534834992e-124
0.46875,1.63570264898249,-0.0237884521484375,6.724648269772278e-120,1.6525301745703773e-124
0.46900000000000003,1.6359392460237658,-0.023807662963867215,8.560986740501862e-120,2.1058772816700893e-124
0.46925,1.636187192005668,-0.023837364196777344,1.089725898960673e-119,2.6824040055066766e-124
0.46950000000000003,1.6364444819135222,-0.02383368682861331,1.386915425902647e-119,3.41652458421045e-124
0.46975,1.636710692653901,-0.02382524108886719,1.7649077176938122e-119,4.352222623889219e-124
0.47000000000000003,1.6369757749986205,-0.023833484649658232,2.2456051904504235e-119,5.541143880692771e-124
0.47025,1.6372597021183384,-0.023789276123046876,2.8568289758701526e-119,7.052459018190199e-124
0.47050000000000003,1.6375210930652466,-0.023792274475097686,3.633913437963567e-119,8.977473698656923e-124
0.47075,1.6377842767498703,-0.023790504455566408,4.621728935809265e-119,1.1421350565683152e-123
0.47100000000000003,1.6380777097473,-0.023759647369384795,5.877247493597125e-119,1.452576002100391e-123
0.47125,1.6383500649875222,-0.02372306823730469,7.472796644444422e-119,1.846601196066057e-123
0.47150000000000003,1.6386012906958136,-0.023724159240722686,9.500185463485393e-119,2.348353333935688e-123
0.47175,1.6388604359302579,-0.02372238922119141,1.207593585878958e-118,2.985084645713365e-123
0.47200000000000003,1.63911483279146,-0.023724910736084015,1.5347914277286692e-118,3.794119671574031e-123
0.47225,1.6393929999700128,-0.02369739151000977,1.9503737560370113e-118,4.823746018336729e-123
0.47250000000000003,1.6396464437833083,-0.023715648651123078,2.478142611567805e-118,6.129937653383496e-123
0.47275,1.6398886597854574,-0.023729614257812504,3.148290337502268e-118,7.79037671130283e-123
0.47300000000000003,1.6401505476672975,-0.023721168518066438,3.999109965639845e-118,9.899082265533889e-123
0.47325,1.6404125125971034,-0.023706047058105473,5.079161985084131e-118,1.2582368271609622e-122
0.47350000000000003,1.6406754648959825,-0.023695693969726594,6.45001889438885e-118,1.5980664303944095e-122
0.47375,1.6409401520866673,-0.02368820190429688,8.18974113179426e-118,2.0294191565046874e-122
0.47400000000000003,1.6412154755330524,-0.023674987792968782,1.0397278682611562e-117,2.577863258850323e-122
0.47425,1.6414635899299095,-0.023671310424804692,1.3198044120947507e-117,3.272734919382911e-122
0.47450000000000003,1.6417294534389175,-0.023646175384521517,1.6750967887033652e-117,4.1539344422274603e-122
0.47475,1.6419902037071312,-0.02362771606445313,2.1257428807102898e-117,5.271238522348026e-122
0.47500000000000003,1.6422508605303396,-0.023635959625244174,2.6972556744206103e-117,6.691654572762535e-122
0.47525,1.6425297803994166,-0.023600811004638678,3.421953552288513e-117,8.490174653676716e-122
0.47550000000000003,1.6427823962293708,-0.02361191558837894,4.340770008904652e-117,1.0768788432039507e-121
0.47575,1.643041598003553,-0.02361109924316407,5.5055431321942924e-117,1.3666138092871837e-121
0.47600000000000003,1.6432879419855362,-0.023633171081543003,6.981911645607528e-117,1.7336645991816318e-121
0.47625,1.6435309948411545,-0.02363187789916993,8.852977713868753e-117,2.1990673673095875e-121
0.47650000000000003,1.6437949523312085,-0.023622478485107457,1.1223938896036114e-116,2.7888056295903467e-121
0.47675,1.6440592165285013,-0.023609741210937507,1.4227944882529714e-116,3.5375891075966095e-121
0.47700000000000004,1.6443271421795973,-0.023596050262451207,1.803350187466053e-116,4.484491926902851e-121
0.47725,1.6445895251005704,-0.023588558197021492,2.2853832308698064e-116,5.683992664010288e-121
0.47750000000000004,1.644867403087611,-0.023561992645263707,2.8958704696762697e-116,7.206500284283125e-121
0.47775,1.6451599656607967,-0.023510154724121102,3.66893834584398e-116,9.129315596463582e-121
0.47800000000000004,1.645408702578675,-0.023527458190918005,4.647751906597822e-116,1.156221405863922e-120
0.47825,1.6456693918307148,-0.023520442962646493,5.886901384128168e-116,1.4644710269246192e-120
0.47850000000000004,1.6459451012137931,-0.023523441314697302,7.455416994141751e-116,1.8556257887868712e-120
0.47875,1.6462290647097415,-0.0234873390197754,9.440576808518195e-116,2.349680542205222e-120
0.47900000000000004,1.6465135800876003,-0.023451713562011756,1.1952715684218523e-115,2.9739939677980505e-120
0.47925,1.6467741840721704,-0.023451374053955087,1.513129760454957e-115,3.765519571225313e-120
0.47950000000000004,1.6470432737421241,-0.023434345245361365,1.9152582334123662e-115,4.765354285788747e-120
0.47975,1.6472959688164188,-0.023444496154785166,2.4239303687022017e-115,6.0307118648198455e-120
0.48,1.6475736691335112,-0.023437480926513654,3.0672885594402057e-115,7.631877997003126e-120
0.48025,1.647834335994563,-0.023425697326660166,3.880885936819579e-115,9.660926950704204e-120
0.4805,1.648098170465781,-0.023406761169433576,4.909631843644305e-115,1.2220753083961023e-119
0.48075,1.6483669548212145,-0.023418342590332042,6.210246461641707e-115,1.545959859947226e-119
0.481,1.6486253786276865,-0.023436122894287092,7.85435743249126e-115,1.9565498418686696e-119
0.48125,1.6488931514058762,-0.023415279388427745,9.932405863552834e-115,2.4747753632098217e-119
0.4815,1.6491590681963633,-0.02340158843994139,1.2558572618869144e-114,3.129770334812753e-119
0.48175,1.6494105249334339,-0.02340029525756837,1.5876990579981727e-114,3.9573260539169005e-119
0.482,1.6496774980475362,-0.02339184951782225,2.0069577531426853e-114,5.005384799352943e-119
0.48225,1.6499366663636197,-0.023402000427246106,2.5365911145058998e-114,6.327649155311152e-119
0.4825,1.6501888446600086,-0.023414535522460922,3.205567680983218e-114,7.999566777779115e-119
0.48275,1.6504878346859808,-0.02336841964721681,4.050435656864416e-114,1.0115278502153832e-118
0.483,1.650746178163856,-0.023362358093261704,5.1173000457534716e-114,1.2779823839930691e-118
0.48325,1.6510046610179256,-0.02336011123657228,6.4643139241098225e-114,1.6145268859153493e-118
0.4835,1.6512735855981777,-0.023357864379882798,8.164817139390973e-114,2.0394464634244206e-118
0.48375,1.6515527481680243,-0.023345127105712904,1.0311290163336272e-113,2.577042260006148e-118
0.484,1.6517951745621668,-0.023339542388916,1.3020334150694448e-113,3.2546001961728443e-118
0.48425,1.6520478018116727,-0.023358753204345717,1.6438942726940524e-113,4.110157213791367e-118
0.4845,1.6523222985371238,-0.023353168487548814,2.075239951780913e-113,5.192970698988842e-118
0.48475,1.6525914025735955,-0.02334043121337892,2.6194221534105555e-113,6.55619421920727e-118
0.485,1.652870431953886,-0.023305759429931627,3.3058676751378137e-113,8.275161568331735e-118
0.48525,1.6531387472864922,-0.0232877769470215,4.171654024402534e-113,1.0446823614663113e-117
0.4855,1.6533966104834263,-0.02327790069580077,5.263492416224135e-113,1.3181374827033873e-117
0.48575,1.6536726181297645,-0.023265163421630874,6.640223160974596e-113,1.6628986529702272e-117
0.486,1.6539528156768395,-0.023248134613037097,8.375955429929859e-113,2.097279466056727e-117
0.48625,1.654214372592317,-0.023235874176025406,1.0564017279831948e-112,2.6458992428945046e-117
0.4865,1.6544820572667556,-0.02322838211059569,1.3321924387740433e-112,3.3363140101282504e-117
0.48675,1.6547382966621589,-0.023223274230957047,1.6797629408293604e-112,4.2065185563221085e-117
0.487,1.6550144666378959,-0.023217689514160145,2.117738099452486e-112,5.305370931010443e-117
0.48725,1.6552741958567736,-0.023206859588623063,2.6695605804390935e-112,6.687828694026446e-117
0.4875,1.655550396770721,-0.023198413848876942,3.364733261666096e-112,8.429327592900366e-117
0.48775,1.6558285009524647,-0.023177093505859392,4.240381048015474e-112,1.0622542075827817e-116
0.488,1.656074188802507,-0.02320965576171874,5.343213948701458e-112,1.3392905255359407e-116
0.48825,1.656342609261098,-0.02321313095092775,6.7319941904255945e-112,1.6879885396199682e-116
0.4885,1.6566175584603402,-0.02318942642211913,8.480636380880667e-112,2.1270338367236475e-116
0.48875,1.6568575514620605,-0.023188610076904315,1.068210265758433e-111,2.6808753191883873e-116
0.489,1.6571017459608663,-0.023203052520751943,1.3453296051491999e-111,3.377433936647201e-116
0.48925,1.6573619224336984,-0.023203189849853534,1.6941207086977217e-111,4.2547967899626826e-116
0.4895,1.6576361154370574,-0.02318043899536132,2.133063358966702e-111,5.358941913093314e-116
0.48975,1.6578994765001331,-0.023168178558349628,2.68538751138967e-111,6.750477600263366e-116
0.49,1.6581527943319525,-0.023170223236083975,3.3802905505429415e-111,8.499619266374208e-116
0.49025,1.6584316138157829,-0.023159870147705097,4.254465510976115e-111,1.0699148603007367e-115
0.4905,1.6587090770323873,-0.02313854980468749,5.354019456581022e-111,1.3472107353365294e-115
0.49075,1.658965028675608,-0.023141071319580098,6.736881318319801e-111,1.6952574949898428e-115
0.491,1.659244766484086,-0.023112121582031242,8.475823684532315e-111,2.1331546273200842e-115
0.49125,1.6595207626463253,-0.023096046447753926,1.06622546049034e-110,2.683099164825383e-115
0.4915,1.6597697819007595,-0.023108581542968742,1.3410975015125047e-110,3.3762162136782873e-115
0.49175,1.660050225103317,-0.023084877014160177,1.686614692509239e-110,4.246336922129528e-115
0.492,1.6603298248378735,-0.023058311462402337,2.1208779554549994e-110,5.339379908702614e-115
0.49225,1.6606050818623768,-0.023039852142334005,2.66661182938332e-110,6.715106913157111e-115
0.4925,1.6608790945239504,-0.02303236007690429,3.3523418650135345e-110,8.440611713249095e-115
0.49275,1.6611114490144243,-0.023064922332763693,4.2138709135515207e-110,1.0610360022050368e-114
0.493,1.6613627406572804,-0.023091762542724603,5.2961299518695117e-110,1.3340576465061417e-114
0.49325,1.6616314585969012,-0.023072349548339866,6.655498169785272e-110,1.6778390563211357e-114
0.4935,1.6618948486465674,-0.023086791992187494,8.362710928169601e-110,2.1089579054443755e-114
0.49375,1.662167451967092,-0.023067378997802757,1.0506504082442726e-109,2.6507097411229106e-114
0.494,1.6624427533004704,-0.02306417846679687,1.319818055862621e-109,3.33220869370046e-114
0.49425,1.6627155001960598,-0.023063838958740257,1.6577331848336865e-109,4.186448639616531e-114
0.4945,1.6629788161238626,-0.02308352661132812,2.081900560365014e-109,5.2601155951876184e-114
0.49475,1.6632357720406845,-0.023079372406005882,2.614268369763695e-109,6.608424589140173e-114
0.495,1.6634990907285347,-0.023069496154785152,3.2823526637934036e-109,8.304239362532831e-114
0.49525,1.6637423758970051,-0.023072971343994164,4.120645465902031e-109,1.0429606341040312e-113
0.4955,1.6640115176312178,-0.023066432952880855,5.172377889404702e-109,1.309698247964412e-113
0.49575,1.6642906254734913,-0.023066570281982446,6.4917274883242775e-109,1.6451091435668993e-113
0.496,1.6645400760201037,-0.02306336975097656,8.146581423235462e-109,2.0652992030661722e-113
0.49625,1.6648195415804468,-0.023047294616699243,1.022199496295573e-108,2.5922562136886322e-113
0.4965,1.6650778334043,-0.02306459808349609,1.2824519756391408e-108,3.253264805500778e-113
0.49675,1.6653261703690831,-0.02306282806396487,1.6087619931861703e-108,4.084469754921632e-113
0.497,1.665601115555491,-0.023064872741699216,2.0178448579388178e-108,5.125590437819397e-113
0.49725,1.6658632120396282,-0.023072162628173853,2.5306325247701885e-108,6.43115206291429e-113
0.4975,1.6661202465144704,-0.023068962097167967,3.1733340114208768e-108,8.071794386746666e-113
0.49775,1.6663793308012802,-0.02307434463500979,3.9787616670235434e-108,1.0125022818682625e-112
0.498,1.6666523801722115,-0.02306589889526367,4.987989735359679e-108,1.269869992390079e-112
0.49825,1.6669134664193472,-0.023055545806884792,6.252428210229079e-108,1.592371097624704e-112
0.4985,1.667195731875742,-0.023027549743652342,7.836415645976465e-108,1.9970135712880556e-112
0.49875,1.6674561730566433,-0.023023872375488308,9.820460381473104e-108,2.5030061793292014e-112
0.499,1.667721383923361,-0.023008750915527343,1.2305291829768569e-107,3.1365830717664805e-112
0.49925,1.6679929454915743,-0.022995059967041043,1.541692366066381e-107,3.9313184829733166e-112
0.4995,1.668251087585658,-0.022980892181396484,1.931298083182272e-107,4.9247547323702655e-112
0.49975,1.668538385156706,-0.022955280303955106,2.4190604963992943e-107,6.167755528221002e-112
0.5,1.6687841534339227,-0.022973060607910156,3.029633057096536e-107,7.724089389059345e-112
0.50025,1.6690494696045257,-0.022973674774169894,3.793842196209508e-107,9.677902818223244e-112
0.5005000000000001,1.6693187912018757,-0.022960937500000056,4.750228199035542e-107,1.2119922633137572e-111
0.50075,1.6695739649873165,-0.022966320037841825,5.946969514656973e-107,1.5176822281956633e-111
0.501,1.6698298874005577,-0.022960735321044923,7.444285617988084e-107,1.901006187072742e-111
0.50125,1.6701181817089352,-0.022965164184570286,9.317437064631522e-107,2.3799544702123575e-111
0.5015000000000001,1.6703798483379622,-0.02298342132568365,1.1660470699613447e-106,2.9797082613683082e-111
0.50175,1.670658404118822,-0.022971637725830107,1.4590894525714049e-106,3.731350416175863e-111
0.502,1.6709322654386474,-0.022975589752197267,1.825551227957172e-106,4.670406134497158e-111
0.50225,1.671185944041041,-0.022992416381835912,2.2837704512502336e-106,5.845630266760545e-111
0.5025000000000001,1.6714303541644764,-0.0229992294311524,2.856651367689468e-106,7.316281488650035e-111
0.50275,1.6717071465702191,-0.02296932601928714,3.5727978798897704e-106,9.159183588446244e-111
0.503,1.6719677447280246,-0.02297613906860352,4.467927503098054e-106,1.145869712327619e-110
0.50325,1.6722642074335243,-0.022972461700439428,5.586635002015801e-106,1.4333380545373906e-110
0.5035000000000001,1.672533176377839,-0.022974506378173887,6.984591918847074e-106,1.793425916513869e-110
0.50375,1.6728100086861386,-0.02294984817504886,8.731289389790033e-106,2.2425290141279752e-110
0.504,1.6730710365043637,-0.022952846527099613,1.0913458025708508e-105,2.803559767723414e-110
0.50425,1.6733329522892113,-0.022946308135986304,1.363933146984721e-105,3.504439399822185e-110
0.5045000000000001,1.6735754290687992,-0.022960750579834044,1.70439611177994e-105,4.3825329611623075e-110
0.50475,1.6738392089224372,-0.022946582794189485,2.129584035227265e-105,5.477450756872547e-110
0.505,1.6741195003590899,-0.022935752868652348,2.660515994427184e-105,6.845384262317705e-110
0.50525,1.674385907524337,-0.022936367034912086,3.323409503166157e-105,8.55629814867046e-110
0.5055000000000001,1.674661171039967,-0.022921245574951232,4.150962206996368e-105,1.0689556130786897e-109
0.50575,1.674936390774339,-0.022897064208984408,5.183948603643749e-105,1.3351165067514891e-109
0.506,1.6752055645757902,-0.022898632049560552,6.473208976961488e-105,1.667281855399548e-109
0.50625,1.6754601391891204,-0.022901153564453103,8.082126586336767e-105,2.0830018060769962e-109
0.5065000000000001,1.6757245528254363,-0.022897953033447327,1.0089712597918514e-104,2.6012009526036113e-109
0.50675,1.675992935250747,-0.02289475250244144,1.25944473934043e-104,3.2475691247841815e-109
0.507,1.6762574487617816,-0.022908241271972662,1.571906313044359e-104,4.056363015493939e-109
0.50725,1.6765277669530474,-0.02292268371582029,1.9616497474380687e-104,5.064172711837796e-109
0.5075000000000001,1.6767995619723253,-0.022931880950927797,2.4477304407975315e-104,6.322119303218072e-109
0.50775,1.6770635989290104,-0.022938694000244175,3.0538877603092404e-104,7.891922766080226e-109
0.508,1.677313460140619,-0.02294932174682618,3.809692829467506e-104,9.85576464161626e-109
0.50825,1.6775933746551164,-0.022942306518554667,4.751976701445103e-104,1.2300722293193175e-108
0.5085000000000001,1.6778508725321184,-0.02293147659301764,5.926607198581995e-104,1.5348386287702423e-108
0.50875,1.6781105618441057,-0.022952594757080114,7.390699273804736e-104,1.915836066660524e-108
0.509,1.6783641955256385,-0.022973712921142586,9.215364336787674e-104,2.3905188220722736e-108
0.50925,1.678650186381811,-0.022947147369384746,1.1489129553564487e-103,2.9821397589734482e-108
0.5095000000000001,1.6789041115411936,-0.022959682464599673,1.4322189873574522e-103,3.719458335774561e-108
0.50975,1.6791657674043372,-0.02295695877075199,1.7851694951506772e-103,4.64043391151035e-108
0.51,1.6794443266453807,-0.022927055358886728,2.224832205935355e-103,5.785771159723868e-108
0.51025,1.679703652287999,-0.022911933898925763,2.7724446816327053e-103,7.21092656825405e-108
0.5105000000000001,1.6799862537871095,-0.022903488159179752,3.4544298939685567e-103,8.989034479402457e-108
0.51075,1.6802502641379995,-0.02290696334838871,4.303658375747776e-103,1.1201030101636005e-107
0.511,1.6805347752491544,-0.02288182830810548,5.361016628769726e-103,1.39551883862826e-107
0.51125,1.6808138035299536,-0.02288434982299803,6.677355868405192e-103,1.7384224991306413e-107
0.5115000000000001,1.6810810289233467,-0.022884487152099675,8.31591304786656e-103,2.1662851645134225e-107
0.51175,1.6813326115496063,-0.022896545410156288,1.0355318261984676e-102,2.6982084927512602e-107
0.512,1.681597874916341,-0.02289000701904298,1.2893330109700823e-102,3.360625799329324e-107
0.51225,1.6818708447208137,-0.02288203811645506,1.605147467117262e-102,4.1867237940908044e-107
0.5125,1.6821307517565829,-0.02288599014282222,1.998080600817241e-102,5.2127912538160155e-107
0.51275,1.6824037564793237,-0.022871822357177773,2.486905848092057e-102,6.490010544040462e-107
0.513,1.682668036381685,-0.02287672805786134,3.0949526112328338e-102,8.078651693535392e-107
0.51325,1.6829225623973203,-0.022866374969482406,3.851208472081585e-102,1.0059855979916498e-106
0.5135,1.683185348211261,-0.022859359741210894,4.7916872298132475e-102,1.2519301029235716e-106
0.51375,1.6834557227354723,-0.022848052978515665,5.961126672561035e-102,1.5576794779094435e-106
0.514,1.6837368631116965,-0.022833408355712903,7.41509530907568e-102,1.938658712739493e-106
0.51425,1.684010164796832,-0.022844036102294907,9.222606262842688e-102,2.41170488659495e-106
0.5145,1.684294491971504,-0.022827484130859332,1.1469360038131223e-101,2.9998654822146867e-106
0.51475,1.6845634757899692,-0.022806163787841838,1.4261766983847125e-101,3.730666264855082e-106
0.515,1.684826532563859,-0.02279962539672853,1.7731936340907738e-101,4.640724995778417e-106
0.51525,1.6850921213690953,-0.02279451751708983,2.2043863412979537e-101,5.769403178157408e-106
0.5155,1.6853494570012892,-0.022795131683349568,2.740110169033228e-101,7.172310967919297e-106
0.51575,1.6856078526215112,-0.022786685943603557,3.405627520790105e-101,8.919509603441013e-106
0.516,1.6858734253094692,-0.02277585601806642,4.232287115421442e-101,1.1085680588527e-105
0.51625,1.6861285171668159,-0.022762641906738268,5.25898576294423e-101,1.3775960710769677e-105
0.5165,1.6864094080942702,-0.022725109100341756,6.53398012529817e-101,1.7122130189914558e-105
0.51675,1.6866941226343846,-0.022709987640380902,8.117131994670478e-101,2.12654645183046e-105
0.517,1.6869623713523973,-0.022713939666748062,1.0082690496472955e-100,2.641004717994603e-105
0.51725,1.6872347702064117,-0.022703586578369128,1.2522739212339858e-100,3.2798343404230732e-105
0.5175,1.6875181600159372,-0.022688465118408163,1.5551466634904325e-100,4.07463203008808e-105
0.51775,1.687773898281926,-0.022681449890136762,1.9310455987897808e-100,5.059225581703475e-105
0.518,1.6880245461181942,-0.022683971405029313,2.3975236973508045e-100,6.281440760253735e-105
0.51825,1.6882965216051933,-0.022662651062011707,2.976339954614481e-100,7.801040870748673e-105
0.5185,1.6885596283024151,-0.02265039062499996,3.6944640954015155e-100,9.682365938237388e-105
0.51875,1.6888179063885196,-0.022668170928955123,4.585320524414219e-100,1.2017536733584935e-104
0.519,1.6890697359392455,-0.022663063049316423,5.690328315305785e-100,1.4916830346021504e-104
0.51925,1.6893567743760678,-0.022662723541259755,7.060807469473192e-100,1.852126033619557e-104
0.5195,1.6896132778871116,-0.022660953521728477,8.760338284698026e-100,2.2985845650396892e-104
0.51975,1.6898729350466333,-0.022660137176513717,1.0867681198234905e-99,2.8522215747232105e-104
0.52,1.690140906566545,-0.022671718597412127,1.3480389828983363e-99,3.540196990458503e-104
0.52025,1.6904304970379624,-0.022652782440185537,1.671928127472836e-99,4.392050727900502e-104
0.5205,1.6907087836250416,-0.02263909149169918,2.0733966424497188e-99,5.4478336215311806e-104
0.52075,1.6909733685278794,-0.022637321472168015,2.570969085253782e-99,6.756630242718796e-104
0.521,1.6912532136709229,-0.022618862152099628,3.187579590282664e-99,8.381464335976508e-104
0.52125,1.6915211323249453,-0.02261566162109374,3.951618248416536e-99,1.0391285629303999e-103
0.5215,1.6917877896337221,-0.022607692718505823,4.898225012282452e-99,1.2881941588588325e-103
0.52175,1.692058979364388,-0.022599246978759813,6.070889496789718e-99,1.5974512747023341e-103
0.522,1.6923258541455963,-0.022589370727539082,7.523428765313719e-99,1.979872213893848e-103
0.52225,1.6925764721727412,-0.022610965728759758,9.322432127951157e-99,2.4538212033186917e-103
0.5225,1.6928541095208764,-0.022583923339843714,1.1550282880476941e-98,3.040827648863629e-103
0.52275,1.6931406874822166,-0.02256880187988286,1.4308892706876374e-98,3.76924969886197e-103
0.523,1.6934033543774998,-0.022540328979492208,1.7724316295964283e-98,4.668632289401571e-103
0.52325,1.6936724525237674,-0.02252759170532226,2.19524529903463e-98,5.781579964421651e-103
0.5235,1.6939238650541637,-0.02251962280273434,2.7186090727574596e-98,7.161883492491402e-103
0.52375,1.694189058902975,-0.022510700225830127,3.366360728516007e-98,8.867737452661761e-103
0.524,1.694478479884909,-0.022464107513427756,4.167971753552666e-98,1.0977348931717828e-102
0.52425,1.6947747429302589,-0.02241846847534179,5.159874629724717e-98,1.3583014375944654e-102
0.5245,1.6950352135163578,-0.022423374176025357,6.387101842952515e-98,1.681252682212322e-102
0.52475,1.6953170107973872,-0.02240157699584966,7.905309597931219e-98,2.0800249880092304e-102
0.525,1.6955889028986673,-0.02237977981567385,9.783276251432191e-98,2.5731580218429695e-102
0.52525,1.6958613997201673,-0.022355121612548823,1.2105986472415733e-97,3.1839370946127627e-102
0.5255,1.696132399993092,-0.022361457824707,1.4978438013368e-97,3.9380654113915055e-102
0.52575,1.6964148738294704,-0.02231343460083013,1.8530339866267995e-97,4.870040600706531e-102
0.526,1.6966935427689485,-0.022299743652343773,2.2921909870944154e-97,6.021064965729482e-102
0.52625,1.6969429124651647,-0.022308464050292964,2.835102825758494e-97,7.447474247180303e-102
0.5265,1.6971997977305588,-0.022305263519287077,3.506206324864838e-97,9.208168800284949e-102
0.52675,1.697484202413718,-0.02230349349975591,4.335675831484778e-97,1.1385016609523184e-101
0.527,1.6977422127657564,-0.022314121246337915,5.360766116970359e-97,1.4083038381968556e-101
0.52725,1.6979989175006311,-0.02233428573608398,6.627468602842067e-97,1.7414749874222753e-101
0.5275,1.6982623646681416,-0.022354450225830047,8.192553788465853e-97,2.1537523365891592e-101
0.52775,1.6985329058838023,-0.022344097137451224,1.012608965209417e-96,2.6634378879611625e-101
0.528,1.698797868045492,-0.022372367858886744,1.2514546598082985e-96,3.294987944161503e-101
0.52825,1.6990866580164947,-0.022355339050292966,1.5464625128934013e-96,4.074046816062997e-101
0.5285,1.6993606754634203,-0.02234927749633786,1.9107973937514277e-96,5.035894433204797e-101
0.52875,1.6996151693890744,-0.02237277984619146,2.360700490248509e-96,6.227007356756494e-101
0.529,1.6998865364650304,-0.022376255035400416,2.916205920070135e-96,7.69728057057932e-101
0.52925,1.7001806964357367,-0.022353981018066404,3.6020237479623036e-96,9.511584452876352e-101
0.5295,1.7004607297864593,-0.02233742904663083,4.448627928659884e-96,1.1751405606776221e-100
0.52975,1.7007201260739218,-0.022345195770263726,5.493596583541717e-96,1.4521610745562135e-100
0.53,1.7010072505391618,-0.022322921752929714,6.783262951830591e-96,1.7934985584937639e-100
0.53025,1.7012862832721254,-0.022285388946533202,8.374748803173478e-96,2.2144505643628168e-100
0.5305,1.7015598085699393,-0.022269790649414034,1.0338468633535472e-95,2.7342745011192644e-100
0.53075,1.7018322021096286,-0.022259914398193414,1.2761213298011455e-95,3.3745583059187606e-100
0.531,1.7020965226804463,-0.02226482009887698,1.574994673124779e-95,4.164432081290106e-100
0.53125,1.702366604555896,-0.0222625732421875,1.943648013595494e-95,5.139647694523238e-100
0.5315,1.7026506822764127,-0.022225040435790988,2.398322579280215e-95,6.34432874990358e-100
0.5317500000000001,1.7029267712584097,-0.022221839904785212,2.95902790701138e-95,7.826548041408584e-100
0.532,1.70320097686115,-0.022210533142089872,3.650413426455516e-95,9.654388772438526e-100
0.53225,1.7034839279239045,-0.022199226379394532,4.5028410009838626e-95,1.1911970298729442e-99
0.5325,1.7037530283410562,-0.022205085754394505,5.55370461259621e-95,1.4692194289416676e-99
0.5327500000000001,1.7040030054717525,-0.02223097229003912,6.849053960031349e-95,1.8121710464349472e-99
0.533,1.704275659073672,-0.022229679107666045,8.44559173775519e-95,2.23622267584573e-99
0.53325,1.7045428577370227,-0.02222361755371094,1.0413130328958746e-94,2.7583730739542507e-99
0.5335,1.7048079885476843,-0.022215171813964818,1.2837613252912367e-94,3.4015848970749955e-99
0.5337500000000001,1.7050675029504492,-0.022231044769287167,1.582483078426059e-94,4.194601955038307e-99
0.534,1.7053566910159457,-0.02220924758911136,1.950498872471734e-94,5.173493605391872e-99
0.53425,1.705637068908892,-0.02220270919799805,2.4038325602134737e-94,6.3773842120926125e-99
0.5345,1.7058857534998884,-0.02221762847900388,2.962201812578714e-94,7.861005042465407e-99
0.5347500000000001,1.7061602858356881,-0.02220584487915045,3.64986694138163e-94,9.693208703759072e-99
0.535,1.7064348942813234,-0.022183094024658234,4.4966741626038315e-94,1.194458973000028e-98
0.53525,1.7066967264465256,-0.022196105957031254,5.539337699932064e-94,1.4716525910245457e-98
0.5355,1.7069637960262478,-0.022199104309082007,6.823015234575826e-94,1.8133740167830698e-98
0.5357500000000001,1.7072297269827144,-0.022191612243652403,8.403243606786751e-94,2.234889174049709e-98
0.536,1.7074879897228747,-0.022183643341064485,1.0348316885566895e-93,2.7528032550280432e-98
0.53625,1.7077588834464614,-0.02217138290405274,1.2742207581431483e-93,3.390342292092138e-98
0.5365,1.7080389850608024,-0.022148632049560524,1.56881546613789e-93,4.176307713935371e-98
0.5367500000000001,1.7083089695144613,-0.022128265380859435,1.9313070089706815e-93,5.1412927705530144e-98
0.537,1.7085826580412147,-0.02212697219848636,2.377295003159553e-93,6.328488894724774e-98
0.53725,1.7088625878339578,-0.022118049621582037,2.9259519050354486e-93,7.789388069893708e-98
0.5375,1.7091363081235582,-0.02211055755615232,3.600838735726429e-93,9.590285983984756e-98
0.5377500000000001,1.7093976269699265,-0.022096389770507874,4.430906458249563e-93,1.1800464167552184e-97
0.538,1.7096888901440543,-0.02206028747558597,5.451725125618673e-93,1.4518396502317685e-97
0.53825,1.7099631156776893,-0.022033245086669928,6.706992444017399e-93,1.7863180084387298e-97
0.5385,1.710239792631926,-0.022038150787353494,8.250385067410748e-93,2.1967655059939243e-97
0.5387500000000001,1.7105307647872101,-0.022010154724121156,1.01478302420197e-92,2.7012708167117273e-97
0.539,1.7108291721112794,-0.021980728149414097,1.2480292941411624e-92,3.3210052395670126e-97
0.53925,1.71110324175168,-0.021970851898193366,1.534719509826588e-92,4.0839328147323924e-97
0.5395,1.7113881994233493,-0.021954299926757792,1.8870609831664056e-92,5.019681716008849e-97
0.5397500000000001,1.7116380003129001,-0.02197303390502936,2.3200405771221125e-92,6.17084772811369e-97
0.54,1.7119069900071269,-0.021982707977294957,2.8520556015484268e-92,7.589097088918855e-97
0.54025,1.7121898055477445,-0.021969017028808602,3.505687455154336e-92,9.329097489661843e-97
0.5405,1.7124638537664367,-0.02194960403442381,4.3086502086808896e-92,1.1466036169064696e-96
0.5407500000000001,1.712733054510982,-0.021924945831298892,5.294953562582434e-92,1.408875522909184e-96
0.541,1.7130047239251114,-0.021926513671875036,6.506328472752908e-92,1.7315493756463988e-96
0.54125,1.7132999145620191,-0.02190662384033204,7.993974582591507e-92,2.1273279799443653e-96
0.5415,1.7135827577123857,-0.021888164520263653,9.820701871897603e-92,2.6130881144845123e-96
0.5417500000000001,1.7138526451225649,-0.02189736175537116,1.2063555174415622e-91,3.2107390886792444e-96
0.542,1.7141059758638124,-0.02189368438720707,1.4817030088367205e-91,3.943596886117742e-96
0.54225,1.7143835617405014,-0.021901451110839854,1.8197013117258643e-91,4.843795740958045e-96
0.5425,1.7146385658829915,-0.021902542114257795,2.234560862067953e-91,5.949190119341625e-96
0.5427500000000001,1.7149327718185217,-0.021873115539550847,2.743705153518485e-91,7.308436515913844e-96
0.543,1.7151908478101288,-0.02186991500854496,3.368494932064513e-91,8.97260927785407e-96
0.54325,1.7154863729105356,-0.021840011596679698,4.1351151001605326e-91,1.1014581822757007e-95
0.5435,1.7157493294786135,-0.021834426879882796,5.075660771041214e-91,1.3524278386850616e-95
0.5437500000000001,1.7160036919932204,-0.021835517883300848,6.229467049139431e-91,1.659864046641194e-95
0.544,1.7162740654215738,-0.021840900421142617,7.644737058141626e-91,2.0373011154673447e-95
0.54425,1.7165334139743047,-0.021844375610351574,9.380534895706115e-91,2.5003626483334547e-95
0.5445,1.7167728454266924,-0.021862632751464828,1.1509225053630651e-90,3.069942969018132e-95
0.54475,1.7170152437423032,-0.02188088989257808,1.411945800297319e-90,3.767910102565015e-95
0.545,1.7172801039153454,-0.021880550384521524,1.7319823836217665e-90,4.624550988618832e-95
0.54525,1.7175804841116664,-0.02186113739013673,2.1243322975224483e-90,5.677003177813242e-95
0.5455,1.7178411120903854,-0.021873672485351547,2.6052836083607393e-90,6.965163104575118e-95
0.54575,1.7181211606900972,-0.021854259490966754,3.1947815794233243e-90,8.5441817093749e-95
0.546,1.7184072799036225,-0.021825786590576213,3.9172472298939366e-90,1.0478242680034696e-94
0.54625,1.7186569696142637,-0.02184452056884767,4.802578522722063e-90,1.2853552778607345e-94
0.5465,1.7189247768383487,-0.021829875946044908,5.887374797851275e-90,1.575984598248223e-94
0.54675,1.7191990605894965,-0.021840980529785115,7.21643407138326e-90,1.932217540474475e-94
0.547,1.719472740334545,-0.021814414978027385,8.844583815120344e-90,2.3696333953481015e-94
0.54725,1.7197524910628,-0.021807876586914077,1.0838919252664113e-89,2.904056594609479e-94
0.5475,1.7200462115773205,-0.02178321838378905,1.3281539592507942e-89,3.55856196923759e-94
0.54775,1.72031576741403,-0.021772865295410115,1.627289261683122e-89,4.361749388401805e-94
0.548,1.7205899142268644,-0.021760128021240277,1.9935862451979646e-89,5.343232726418519e-94
0.54825,1.7208626688287505,-0.021745006561279312,2.4420765131449674e-89,6.544924013657277e-94
0.5485,1.7211434378987986,-0.021717010498046863,2.99114529057946e-89,8.015620964027558e-94
0.54875,1.7214004738155695,-0.02173145294189449,3.663277259574342e-89,9.819699773380786e-94
0.549,1.721675582467982,-0.021714424133300825,4.4859677379644164e-89,1.202369937704922e-93
0.54925,1.7219584918192743,-0.021690242767334,5.492835739200664e-89,1.4721278477839045e-93
0.5495,1.722241492832472,-0.021671783447265613,6.724983499229679e-89,1.8027007062254985e-93
0.54975,1.7224956867647223,-0.021684795379638633,8.232656871623078e-89,2.2066226823362584e-93
0.55,1.72278417327411,-0.02165918350219731,1.0077272961312938e-88,2.7007541729611095e-93
0.55025,1.7230524075567755,-0.021660751342773454,1.2333895961368792e-88,3.3052203122189805e-93
0.5505,1.7233319923345727,-0.021662796020507802,1.50942599500288e-88,4.0467630261493714e-93
0.55075,1.7235951632774547,-0.021681053161621056,1.847045909554845e-88,4.952818188774195e-93
0.551,1.7238746589836609,-0.021656871795654342,2.2599452155345496e-88,6.0609827723779164e-93
0.55125,1.724156515153909,-0.021643180847167987,2.7648560379583205e-88,7.418298916282261e-93
0.5515,1.7244204045448177,-0.021636165618896475,3.382217719953418e-88,9.075812018180001e-93
0.55175,1.7247061527303909,-0.021604831695556603,4.136995593320973e-88,1.1100632817602157e-92
0.552,1.7250079090935553,-0.02156253051757817,5.05968000450768e-88,1.3572438756448593e-92
0.55225,1.7252895589187216,-0.021550270080566425,6.187505152785925e-88,1.6597085459262064e-92
0.5525,1.7255807183368663,-0.0215108299255371,7.565935950238785e-88,2.0286302916686703e-92
0.55275,1.7258512922631808,-0.021492847442626917,9.250481652545376e-88,2.478868963428343e-92
0.553,1.7261237686811683,-0.021467235565185594,1.1308907845641773e-87,3.0300612251863834e-92
0.55325,1.7264117867817255,-0.02143828582763674,1.3823934004899029e-87,3.701549654223306e-92
0.5535,1.7266804005783467,-0.021432701110839836,1.6896522877352055e-87,4.521918368471556e-92
0.55375,1.726960038030721,-0.021399936676025355,2.0649891111925554e-87,5.523637722955903e-92
0.554,1.7272551648094763,-0.021370510101318407,2.5234398775279722e-87,6.747621742585786e-92
0.55425,1.7275551535126115,-0.021336315155029317,3.083350973356058e-87,8.239123929065523e-92
0.5545,1.7278206443759518,-0.021334068298339837,3.767105668082916e-87,1.0059026996506e-91
0.55475,1.7280787393015804,-0.021347080230712856,4.602009546718178e-87,1.2287313147525852e-91
0.555,1.7283343378932106,-0.021343402862548877,5.621369528628424e-87,1.5004541450885812e-91
0.55525,1.7286086048864528,-0.021334480285644553,6.8658086608710665e-87,1.832337652376211e-91
0.5555,1.7288830132558943,-0.021333187103271478,8.38486803939369e-87,2.2375550271726025e-91
0.55575,1.7291501615860194,-0.021348583221435513,1.0238958360419433e-86,2.7334529910000904e-91
0.556,1.7294209515144585,-0.02134109115600591,1.2501737166049869e-86,3.337969716487483e-91
0.55625,1.7296702253812177,-0.021359825134277366,1.5263004342906392e-86,4.076248209496345e-91
0.5565,1.7299531507281423,-0.021356147766113276,1.863222849288594e-86,4.979778332653455e-91
0.55675,1.730241733663268,-0.021344841003417936,2.2742841188739042e-86,6.08033554157065e-91
0.557,1.7305291477330123,-0.021311599731445363,2.77574657876941e-86,7.42131144391123e-91
0.55725,1.730836292049502,-0.021278835296630882,3.387428353680343e-86,9.056125313748373e-91
0.5575,1.7311208678225185,-0.02124750137329101,4.133478354072961e-86,1.1051152594566068e-90
0.55775,1.7314099663410347,-0.021240009307861296,5.0433196447887005e-86,1.3479078495252101e-90
0.558,1.7316797144428715,-0.021217735290527395,6.152797647404742e-86,1.6439271550280864e-90
0.55825,1.731944800832668,-0.02121501159667971,7.505577508772776e-86,2.0055411407923535e-90
0.5585,1.7322364361207905,-0.021192260742187496,9.154844532114507e-86,2.44556946512127e-90
0.55875,1.732502055983044,-0.021202411651611297,1.116537318751684e-85,2.9821996588150938e-90
0.559,1.7327750515841238,-0.02118395233154302,1.361604433653248e-85,3.636160784954033e-90
0.55925,1.733050469192158,-0.02118170547485354,1.660290745566616e-85,4.434990679920408e-90
0.5595,1.733340454255767,-0.021180412292480466,2.024290547515538e-85,5.407103672832536e-90
0.55975,1.7336331078703737,-0.021153369903564423,2.46784051501839e-85,6.591633644771312e-90
0.56,1.73390527965487,-0.021155891418457085,3.008270660721045e-85,8.037698220410295e-90
0.56025,1.7341794293263093,-0.021157936096191432,3.666674301788208e-85,9.796903267082601e-90
0.5605,1.7344577346288605,-0.02115568923950195,4.46872266533789e-85,1.1940466018558158e-89
0.56075,1.7347295207133229,-0.021151058197021455,5.445655256841387e-85,1.455240631015985e-89
0.561,1.7350230296369453,-0.02112830734252935,6.635483792584257e-85,1.7738928900135366e-89
0.56125,1.735296811026224,-0.021134166717529324,8.084455600749585e-85,2.1614370070007827e-89
0.5615,1.735574589067336,-0.021112846374511718,9.848832230734563e-85,2.6332525835679354e-89
0.56175,1.7358680529663917,-0.02110773849487302,1.1997050945561443e-84,3.208558055483908e-89
0.562,1.736131439426296,-0.02113457870483404,1.4612351254929967e-84,3.908536442805881e-89
0.56225,1.73640973989977,-0.02112660980224612,1.7795966218338511e-84,4.7615120980140156e-89
0.5625,1.7366958721790802,-0.021108150482177734,2.1670999565653324e-84,5.799248386623176e-89
0.56275,1.7369562688331737,-0.0211283149719238,2.638713554249058e-84,7.066000926683955e-89
0.5630000000000001,1.7372250665157842,-0.021143711090087947,3.212635975444122e-84,8.606031269238641e-89
0.56325,1.7375039507386383,-0.021139556884765653,3.910990732610678e-84,1.0481632230820047e-88
0.5635,1.7377803219145063,-0.0211416015625,4.760670082434329e-84,1.2769029187666902e-88
0.56375,1.7380623849834702,-0.0211364936828613,5.794359633510353e-84,1.55487232193764e-88
0.5640000000000001,1.7383568778926766,-0.021099914550781307,7.051782390807574e-84,1.8928614335096205e-88
0.56425,1.7386267937959008,-0.02110720443725589,8.581209080899705e-84,2.3046295567149275e-88
0.5645,1.738907951080379,-0.02108063888549805,1.0441291569452578e-83,2.8044492590576264e-88
0.56475,1.739200027286246,-0.021039768218994115,1.270328826391198e-83,3.4114873089558555e-88
0.5650000000000001,1.7395024058851623,-0.020993652343750058,1.5453765036617176e-83,4.1486108750144705e-88
0.56525,1.7397988084905096,-0.020937999725341827,1.8797872947784776e-83,5.0447589803831e-88
0.5655,1.7401081679197978,-0.02089188385009766,2.2863325548810665e-83,6.129650909247787e-88
0.56575,1.740389158370272,-0.02087628555297849,2.7805224596986767e-83,7.447354739405518e-88
0.5660000000000001,1.7406678358190062,-0.020865932464599668,3.3811914572618225e-83,9.052225340958953e-88
0.56625,1.740943914099172,-0.02085796356201175,4.111208461984513e-83,1.099927799068441e-87
0.5665,1.7412473316248427,-0.02084045791625977,4.9983382838497865e-83,1.336536450716988e-87
0.56675,1.7415422736071942,-0.02083248901367185,6.0762863936312684e-83,1.6238867288476738e-87
0.5670000000000001,1.741823396352817,-0.020836917877197325,7.385965916602628e-83,1.9738913775541643e-87
0.56725,1.7421286579563262,-0.020827041625976594,8.977033970868297e-83,2.3986692268571945e-87
0.5675,1.742412424239006,-0.020821933746337895,1.0909754423316312e-82,2.9144655333430486e-87
0.56775,1.7426994973842531,-0.020813964843749977,1.32572561903158e-82,3.5423090992279564e-87
0.5680000000000001,1.7430010436157934,-0.020773094177246154,1.610827080201157e-82,4.303218358586263e-87
0.56825,1.7432773602799299,-0.020763217926025423,1.9570450610756926e-82,5.226340071886835e-87
0.5685,1.7435770072255945,-0.020764308929443365,2.3774390399762696e-82,6.347120593033649e-87
0.56875,1.7438585171228302,-0.020773983001708962,2.887850101573121e-82,7.712062442857364e-87
0.5690000000000001,1.7441598290718021,-0.020756954193115296,3.507491494999256e-82,9.36668734365855e-87
0.56925,1.7444349275523172,-0.020754707336425815,4.259664166394686e-82,1.1374320940389798e-86
0.5695,1.7447279411195598,-0.020726234436035162,5.1726236271040644e-82,1.38158098693319e-86
0.56975,1.7450157193356812,-0.020707298278808572,6.280630061063035e-82,1.677188876777392e-86
0.5700000000000001,1.7453060992786096,-0.02068788528442389,7.625220278605856e-82,2.0357017476409853e-86
0.57025,1.7455545591501553,-0.020709003448486363,9.256748231670519e-82,2.4709601935302483e-86
0.5705,1.7458338311828703,-0.020686252593994148,1.1236250610177193e-81,3.0004296542885842e-86
0.57075,1.7460979706049082,-0.0206887741088867,1.3637705895270548e-81,3.641752795397814e-86
0.5710000000000001,1.7463747742383502,-0.02069415664672858,1.6550769579897583e-81,4.419983551438311e-86
0.57125,1.7466778810423107,-0.020647563934326207,2.0084085597310113e-81,5.365028197202431e-86
0.5715,1.7469378294568614,-0.020645317077636727,2.4369294947439693e-81,6.508742527226893e-86
0.57175,1.7471978602579943,-0.02066834259033201,2.9565887832996873e-81,7.89629659862526e-86
0.5720000000000001,1.7474766559861825,-0.02066418838500983,3.5867076221302433e-81,9.581040178174888e-86
0.57225,1.7477643097561761,-0.02064668273925785,4.350690073243471e-81,1.1627245780780264e-85
0.5725,1.7480383307188831,-0.020651588439941415,5.276883044515259e-81,1.4102784635321083e-85
0.57275,1.7483253650654493,-0.020643619537353497,6.399616820958503e-81,1.7106267239647875e-85
0.5730000000000001,1.7485992387346792,-0.020644233703613346,7.760463929178571e-81,2.075445735726929e-85
0.57325,1.7488807798487451,-0.020632450103759803,9.409761998072704e-81,2.5168908032328285e-85
0.5735,1.7491766051347675,-0.02062400436401368,1.1408455797718264e-80,3.051811311415216e-85
0.57375,1.7494870313759006,-0.020613174438476545,1.383032513502259e-80,3.699793104702351e-85
0.5740000000000001,1.7497555457022382,-0.020615219116211003,1.6764679168646595e-80,4.4869637134218467e-85
0.57425,1.7500383169274463,-0.02061392593383793,2.0319614471156895e-80,5.439427441445172e-85
0.5745,1.7503113714108336,-0.02061215591430665,2.4625954409196634e-80,6.593458827427888e-85
0.57475,1.750602829987196,-0.020604663848876936,2.9842011851677588e-80,7.99475287656444e-85
0.5750000000000001,1.7508932250063896,-0.020604801177978582,3.615934671868424e-80,9.688923036943582e-85
0.57525,1.751169648755487,-0.020614952087402383,4.380972549532963e-80,1.1742143857287264e-84
0.5755,1.7514591785368774,-0.02060650634765626,5.307353281631235e-80,1.4229125225541087e-84
0.57575,1.751745505803651,-0.02059519958496092,6.428993709802848e-80,1.7247577408715285e-84
0.5760000000000001,1.7520441124284043,-0.02057149505615241,7.786917478896999e-80,2.0892978976450524e-84
0.57625,1.7523345652495341,-0.020559234619140665,9.430739333454052e-80,2.5304112173819177e-84
0.5765,1.7526153610646777,-0.020549358367919934,1.1420458407214055e-79,3.065320181715715e-84
0.57675,1.7528926858036566,-0.02056475448608397,1.38286246195853e-79,3.712200140574677e-84
0.577,1.7531886243046033,-0.020551540374755817,1.67429555524818e-79,4.49487516921138e-84
0.57725,1.7534727712031235,-0.020533557891845744,2.026949717353052e-79,5.441961172640091e-84
0.5775,1.7537437205518482,-0.0205370330810547,2.453644105892049e-79,6.590075717951131e-84
0.57775,1.7540201662843653,-0.020521434783935533,2.9698734027591987e-79,7.977340154367638e-84
0.578,1.7542710446454512,-0.020527770996093708,3.5943644142924397e-79,9.655343687427023e-84
0.57825,1.7545617308686703,-0.020506927490234417,4.3497480850218674e-79,1.1689160357933405e-83
0.5785,1.7548470982208468,-0.02050849533081056,5.2633707780278386e-79,1.4145339988826619e-83
0.57875,1.7551546307937638,-0.020485267639160143,6.368273588532594e-79,1.7115543556423815e-83
0.579,1.7554419443129639,-0.02046156311035152,7.704374379703179e-79,2.0712364347478714e-83
0.57925,1.75572414861458,-0.020447872161865277,9.319894367319204e-79,2.5050071023146784e-83
0.5795,1.7560070403801538,-0.020431320190429703,1.1273079681366817e-78,3.029323179943844e-83
0.57975,1.7562808998970034,-0.02043622589111327,1.363427869703849e-78,3.6633243148087485e-83
0.58,1.7565599391172242,-0.020420150756835898,1.648844841514059e-78,4.431379712799968e-83
0.58025,1.7568307512062895,-0.020434593200683637,1.9938178216061996e-78,5.358587158045363e-83
0.5805,1.7571189997858025,-0.02042662429809572,2.4107337433857996e-78,6.479738236084577e-83
0.58075,1.7574069367653646,-0.020430099487304676,2.9145475025470974e-78,7.837301469137544e-83
0.581,1.7577136146824301,-0.020418792724609336,3.5233125899932454e-78,9.47584157745994e-83
0.58125,1.7580174525836099,-0.020385551452636763,4.2588210132563564e-78,1.1453499511877478e-82
0.5815,1.7582907601151216,-0.02039379501342775,5.147374941267779e-78,1.384255366676381e-82
0.58175,1.7585815084299188,-0.020381057739257802,6.220717097574292e-78,1.673510626508498e-82
0.582,1.7588658713868608,-0.020379764556884727,7.517152453376916e-78,2.0222571479398202e-82
0.58225,1.7591638869218809,-0.020367980957031295,9.08290042436053e-78,2.4434678846915845e-82
0.5825,1.759461062509803,-0.020370502471923846,1.0973724782960363e-77,2.953556159847738e-82
0.58275,1.7597429727774174,-0.02036301040649413,1.3256898135606297e-77,3.5685677871855124e-82
0.583,1.7600269985588357,-0.020348842620849572,1.601356941326286e-77,4.3109471867977936e-82
0.58325,1.760308635916497,-0.020336582183837937,1.934161678107975e-77,5.206791004804592e-82
0.5835,1.7605932998560396,-0.020326705932617206,2.3359085166949387e-77,6.290405985432287e-82
0.58375,1.7608795233794816,-0.020304431915283194,2.82083278141048e-77,7.595811046279354e-82
0.584,1.761153698189632,-0.020322212219238245,3.406099556981477e-77,9.171466519869904e-82
0.58425,1.7614418875528108,-0.02031328964233403,4.112404686096409e-77,1.1078285972265705e-81
0.5845,1.7617322018828936,-0.020303890228271504,4.964698647486398e-77,1.337547267260512e-81
0.58475,1.7620350896852288,-0.020274463653564445,5.993058355831579e-77,1.6146217643375865e-81
0.585,1.7623227074973842,-0.020284137725830043,7.23373701092497e-77,1.948923337182242e-81
0.58525,1.7626228246209668,-0.020252803802490282,8.730428239279046e-77,2.3527490159612016e-81
0.5855,1.7629207848281978,-0.020233867645263692,1.0535788124410063e-76,2.838786371866831e-81
0.58575,1.7632165419787236,-0.02021636199951171,1.2713267561954548e-76,3.4246649570379253e-81
0.586,1.7634806576671977,-0.02024749374389645,1.533931800211569e-76,4.13333804256744e-81
0.58625,1.7637698767960233,-0.02021949768066411,1.850604641462103e-76,4.986849978366572e-81
0.5865,1.7640444798037294,-0.020222019195556662,2.2324410662315305e-76,6.015730062441522e-81
0.58675,1.764336825133603,-0.020222156524658197,2.6928064917617144e-76,7.256336724348022e-81
0.587,1.7646246575699005,-0.020223247528076138,3.247798692390042e-76,8.755526190066709e-81
0.58725,1.7649086535569043,-0.020212417602539112,3.916804553904641e-76,1.0560588065993165e-80
0.5875,1.7652117826853466,-0.020195388793945335,4.723169899817222e-76,1.2735003690785905e-80
0.58775,1.7654935513528582,-0.020193618774414057,5.695005277393411e-76,1.5360974606450627e-80
0.588,1.7657603159012525,-0.02021759796142575,6.866155208745407e-76,1.852436719520215e-80
0.58825,1.766076433328156,-0.02018197250366216,8.277363958259395e-76,2.2334773094135374e-80
0.5885,1.7663509776036888,-0.020195461273193382,9.977677528040319e-76,2.692760234534963e-80
0.58875,1.7666260069446578,-0.020190830230712886,1.2026129591217996e-75,3.247200230898741e-80
0.589,1.7669024978680188,-0.02021051788330075,1.4493768676547093e-75,3.9147208398634474e-80
0.58925,1.7671998341771906,-0.020198734283447317,1.7466095448035503e-75,4.7193101290866375e-80
0.5895,1.7674802570829962,-0.020182182312011743,2.1045992765501383e-75,5.689815922489285e-80
0.58975,1.7677676894989065,-0.020167060852050778,2.5357247827988686e-75,6.856179954699834e-80
0.59,1.768117073213543,-0.020080413818359344,3.0548785645866166e-75,8.257874034597688e-80
0.59025,1.7683942504642653,-0.02007912063598638,3.6799757023536797e-75,9.942669561364682e-80
0.5905,1.768681974235235,-0.02007401275634768,4.4325652959163165e-75,1.1976332909001213e-79
0.59075,1.768965335225428,-0.020072242736816404,5.338565183579237e-75,1.441923365631693e-79
0.591,1.7692545909296151,-0.020058551788330048,6.429144713381047e-75,1.736088179679643e-79
0.59125,1.7695204102626036,-0.020070610046386772,7.741785300977677e-75,2.0909257275189374e-79
0.5915,1.769819327116208,-0.02006502532958987,9.321554460533527e-75,2.5175842902890005e-79
0.59175,1.7701043530318246,-0.02006134796142578,1.122263613422139e-74,3.031202069756384e-79
0.592,1.770400184443854,-0.020058147430419893,1.3510168708592791e-74,3.649368805177414e-79
0.59225,1.7707094604244955,-0.020034442901611382,1.6262452375059544e-74,4.3944720247127924e-79
0.5925,1.77100046160096,-0.02002742767333987,1.9573599805799856e-74,5.28898939161659e-79
0.59275,1.7712851531487979,-0.020003246307373046,2.3556718881710043e-74,6.364703824151285e-79
0.593,1.7715806381803638,-0.019998138427734347,2.834773391145475e-74,7.660513464037623e-79
0.59325,1.7718769115736182,-0.020019733428955133,3.4109973003004955e-74,9.217613327843973e-79
0.5935,1.7721791001962708,-0.020003658294677762,4.103967468841671e-74,1.1091211597095522e-78
0.59375,1.7724719253126906,-0.019998550415039062,4.937259739427905e-74,1.3344134018970064e-78
0.594,1.7727517573372475,-0.019989151000976535,5.9391951894269144e-74,1.605874094119233e-78
0.5942500000000001,1.7730385846655095,-0.01998595046997076,7.143792067380314e-74,1.9317375316999471e-78
0.5945,1.773340313652585,-0.019966060638427763,8.591908061326874e-74,2.3233252225076175e-78
0.59475,1.7736394998793155,-0.019969058990478517,1.033261082712481e-73,2.79522950670231e-78
0.595,1.7739370179210292,-0.01996919631958005,1.242482223762825e-73,3.361485592885879e-78
0.5952500000000001,1.7742290772372624,-0.019955505371093807,1.4939290837295103e-73,4.042013832164408e-78
0.5955,1.7745418570507736,-0.019913204193115264,1.7960957795582614e-73,4.860967938460423e-78
0.59575,1.7748216174711153,-0.019921924591064455,2.1591794598381297e-73,5.842678404097617e-78
0.596,1.775118411037769,-0.01991157150268552,2.5954206220728307e-73,7.022251947674449e-78
0.5962500000000001,1.775419904867707,-0.01989358901977545,3.119511208993617e-73,8.439206505807987e-78
0.5965,1.7757153975258952,-0.019888004302978546,3.749083937880617e-73,1.0144271970484783e-77
0.59675,1.7760155152598247,-0.01986334609985352,4.505298978455862e-73,1.218964044771216e-77
0.597,1.7763100603741464,-0.0198553771972656,5.4135472812558804e-73,1.464476348049837e-77
0.5972500000000001,1.7765984844958185,-0.019835487365722715,6.504293672638132e-73,1.7597580627611504e-77
0.5975,1.776905002334951,-0.019811782836914094,7.814087397966618e-73,2.113602696388016e-77
0.59775,1.7772059700728762,-0.01980142974853516,9.38677325856016e-73,2.5381033946716808e-77
0.598,1.7774778340295658,-0.01981015014648435,1.127494302686299e-72,3.0477601506059632e-77
0.5982500000000001,1.7777878128619489,-0.019779769897460997,1.354167464883342e-72,3.661149209523469e-77
0.5985,1.7780757799741416,-0.019779907226562532,1.6262616104586924e-72,4.3957439262874335e-77
0.59875,1.7783486257090177,-0.01979864120483399,1.9528481998976208e-72,5.278442545405138e-77
0.599,1.7786469164200893,-0.01975872421264646,2.3448044352923095e-72,6.3394642103574026e-77
0.5992500000000001,1.7789507886251203,-0.019753616333007873,2.8151715093990965e-72,7.610018818856135e-77
0.5995,1.7792707661457845,-0.019722759246826205,3.379583691472435e-72,9.134111350199557e-77
0.59975,1.7795779178435482,-0.01970763778686524,4.0567822093819046e-72,1.0960526756132362e-76
0.6,1.7798708830466379,-0.019689178466796853,4.869230629154789e-72,1.3156368094360011e-76
0.6002500000000001,1.7801588016045042,-0.019690269470214905,5.843851711380944e-72,1.5785049378588547e-76
0.6005,1.7804392719428384,-0.019677055358886753,7.012909643487487e-72,1.8938942312725835e-76
0.60075,1.7807436716816067,-0.01965478134155274,8.415066232827533e-72,2.2729295691634813e-76
0.601,1.7810708691986914,-0.019607234954833963,1.009664524711775e-71,2.7256907859043333e-76
0.6012500000000001,1.7813600076716536,-0.019620246887207093,1.2113145784285596e-71,3.268487630817325e-76
0.6015,1.781659062092385,-0.019612277984619175,1.4531053556246966e-71,3.9196620508359784e-76
0.60175,1.7819410125612154,-0.019626720428466804,1.7430008534705451e-71,4.702766452852392e-76
0.602,1.782246628674712,-0.019598724365234355,2.090539883514782e-71,5.639788221434692e-76
0.6022500000000001,1.782568731422078,-0.019553562164306704,2.507146437034422e-71,6.760692779581867e-76
0.6025,1.7828788298083311,-0.019540824890136754,3.006501011897382e-71,8.106653677354765e-76
0.60275,1.783180654985657,-0.019540008544921883,3.604984834503005e-71,9.716968322121877e-76
0.603,1.7834803895124947,-0.019516780853271465,4.322211238485634e-71,1.1647103523129523e-75
0.6032500000000001,1.7837929625787963,-0.01948926162719733,5.181661242670883e-71,1.3956457263555732e-75
0.6035,1.7840944901480842,-0.019492736816406286,6.211443691914377e-71,1.6728580256139682e-75
0.60375,1.784382881625934,-0.019493350982666025,7.44520429060076e-71,2.0046653846449896e-75
0.604,1.7846766430253542,-0.019468215942382794,8.923212594558781e-71,2.4019847736371307e-75
0.6042500000000001,1.7849727708701357,-0.019457386016845768,1.069366168189608e-70,2.878792893431839e-75
0.6045,1.7852593911355352,-0.01946181488037113,1.2814221974332263e-70,3.4490046978262e-75
0.60475,1.7855465714935705,-0.019459091186523447,1.535389873995251e-70,4.1319802575996925e-75
0.605,1.7858113109813065,-0.019470672607421857,1.839525242842808e-70,4.950634087390031e-75
0.6052500000000001,1.786095687437574,-0.019476055145263738,2.2037052472012986e-70,5.933278718472123e-75
0.6055,1.7863879429274778,-0.019465702056884804,2.6397448889145154e-70,7.108093561633746e-75
0.60575,1.7866789304558055,-0.01946583938598634,3.1617762380514856e-70,8.515311746559073e-75
0.606,1.7869825588983712,-0.019452148437499983,3.7867013120554534e-70,1.0203579033733431e-74
0.6062500000000001,1.787270582359469,-0.019449901580810613,4.534733172892907e-70,1.222125812004346e-74
0.6065,1.7875426695061591,-0.019461959838867227,5.4300423682120487e-70,1.4636102102239981e-74
0.60675,1.7878093238337969,-0.019461143493652355,6.501529155918442e-70,1.7528950135036487e-74
0.607,1.7880920470451647,-0.01946557235717772,7.783745903786167e-70,2.0999863610741212e-74
0.6072500000000001,1.788388517184107,-0.019462371826171943,9.317998769582742e-70,2.5147543285680924e-74
0.6075,1.788687677410573,-0.0194658470153809,1.1153663388839477e-69,3.0114962869621635e-74
0.60775,1.7889742067883145,-0.019449295043945325,1.3349756001228732e-69,3.6066583159347995e-74
0.608,1.7892576715725006,-0.019456108093261704,1.5976809439892416e-69,4.317674428687839e-74
0.60825,1.7895446843507266,-0.019451477050781207,1.9119112938491695e-69,5.1689595852515236e-74
0.6085,1.7898484890259223,-0.019446846008300822,2.2877386072507197e-69,6.186494682557673e-74
0.60875,1.7901289252736898,-0.01947654724121095,2.737197069515467e-69,7.407927070109685e-74
0.609,1.7904330553667476,-0.019465717315673814,3.2746640872036294e-69,8.866967564295857e-74
0.60925,1.7907150008492183,-0.019499233245849568,3.917315005928813e-69,1.0613189364573353e-73
0.6095,1.7910220753313877,-0.019467899322509807,4.685665769993991e-69,1.2706490711488694e-73
0.60975,1.7913136187043062,-0.0194618377685547,5.604220473712379e-69,1.5202786365478e-73
0.61,1.7916171389141535,-0.01944290161132811,6.702244010018e-69,1.8184622608440724e-73
0.61025,1.791923064521818,-0.01942682647705074,8.014683900857801e-69,2.1756424643677417e-73
0.6105,1.7922281223498455,-0.019389770507812543,9.583270014906562e-69,2.6013357276581675e-73
0.61075,1.7925359877599065,-0.019370834350585953,1.1457826382675946e-68,3.109666619473806e-73
0.611,1.7928338549610077,-0.019355236053466784,1.3697835875617505e-68,3.7166646862227274e-73
0.61125,1.7931518288872088,-0.01930959701538082,1.6374306324499217e-68,4.442867185734734e-73
0.6115,1.7934471170476072,-0.019294475555419965,1.9571995951681297e-68,5.307811975121559e-73
0.61175,1.793749570108165,-0.019304626464843766,2.339206706533255e-68,6.340966880307343e-73
0.612,1.7940477020166414,-0.019315731048583973,2.7955250148511434e-68,7.579329714051702e-73
0.61225,1.7943525707185453,-0.01931014633178707,3.3405616173448566e-68,9.056223676521406e-73
0.6125,1.7946365739577255,-0.019317436218261763,3.9915073658727515e-68,1.0821290477921282e-72
0.61275,1.794925793897649,-0.01931614303588869,4.7688729231443335e-68,1.293002238422069e-72
0.613,1.7952332003104012,-0.01928385543823241,5.697127693308917e-68,1.5452820284455517e-72
0.61325,1.795523389503574,-0.019279224395751915,6.80546130187191e-68,1.8457517478530165e-72
0.6135,1.795812435095035,-0.019271255493164108,8.128691049836304e-68,2.2042973749859815e-72
0.61375,1.79611510861485,-0.01926662445068361,9.708343229113296e-68,2.6335372988672187e-72
0.614,1.7964177837459505,-0.019261516571044912,1.1593941495477352e-67,3.1449347521527764e-72
0.61425,1.7967242533986214,-0.01924067306518551,1.384454181182357e-67,3.755289928740847e-72
0.6145,1.7970257201450708,-0.019247486114502,1.653056098870335e-67,4.483663221624207e-72
0.61475,1.7973199853093336,-0.019244762420654316,1.9735954787351755e-67,5.354969885990519e-72
0.615,1.7976341486677423,-0.0192372703552246,2.356081218168937e-67,6.393127638460143e-72
0.61525,1.7979633140594773,-0.01920593643188473,2.812444501944504e-67,7.631358041939381e-72
0.6155,1.7982597445735946,-0.019190814971923875,3.3569067358516127e-67,9.109635310009422e-72
0.61575,1.7985789235272645,-0.01917092514038088,4.0064176633673774e-67,1.0869894233640932e-71
0.616,1.7988857837495642,-0.019154850006103508,4.781177006681084e-67,1.2968724502935885e-71
0.61625,1.7991774711812893,-0.01915307998657223,5.7052555007012e-67,1.5472530377327322e-71
0.6165,1.799501982577587,-0.019130329132080126,6.807334193108133e-67,1.8462369991834135e-71
0.61675,1.799789985278195,-0.01913475799560549,8.121584454793863e-67,2.202309056390423e-71
0.617,1.8000796831015595,-0.019132034301757805,9.68871538973106e-67,2.6268687392147245e-71
0.61725,1.8003882740274681,-0.019124065399169887,1.1557220377986503e-66,3.134283148938399e-71
0.6175,1.800714740261605,-0.01907032012939458,1.378486048050112e-66,3.737428643431106e-71
0.61775,1.8009949196374135,-0.019078086853027365,1.644042955767537e-66,4.455761735332577e-71
0.618,1.8012820034132042,-0.019103496551513666,1.960585441755111e-66,5.3133625916083474e-71
0.61825,1.8015824443335398,-0.01908694458007809,2.3378693364665156e-66,6.3386631771261725e-71
0.6185,1.8018797608360324,-0.01906753158569341,2.7875108465713505e-66,7.557867278092526e-71
0.61875,1.8021944157361047,-0.01904716491699221,3.323340103700758e-66,9.00937205847776e-71
0.619,1.8024980444773524,-0.01903108978271484,3.9618216711241984e-66,1.0741673769711879e-70
0.61925,1.8027997798868458,-0.019040287017822233,4.722554645558853e-66,1.280244605508918e-70
0.6195,1.803075451468398,-0.019050914764404348,5.628867368088188e-66,1.5259802505902683e-70
0.61975,1.8034038418126754,-0.019011474609375023,6.708524580400152e-66,1.8186880583598944e-70
0.62,1.8037054467699727,-0.018989677429199214,7.994568213441332e-66,2.1676881422040842e-70
0.62025,1.8040114616418155,-0.018984092712402312,9.526316973777433e-66,2.5822790961985965e-70
0.6205,1.804307817494872,-0.018978984832763723,1.1350554615531172e-65,3.0759879342331894e-70
0.62075,1.8046026484885491,-0.018972446441650415,1.3522942391477889e-65,3.6657204963247645e-70
0.621,1.8049031138369487,-0.01897592163085937,1.610969783030354e-65,4.366582820082587e-70
0.62125,1.8052057779664326,-0.018983211517333953,1.9189589883293144e-65,5.201784741369934e-70
0.6215,1.805509703895086,-0.018974765777587943,2.285630985418292e-65,6.196121055396975e-70
0.62175,1.8058190750187302,-0.01895821380615237,2.7221288644827555e-65,7.382158825001609e-70
0.622,1.8061077537109402,-0.018956920623779294,3.241704404173593e-65,8.791664488884839e-70
0.62225,1.8063992866539675,-0.0189680252075195,3.860115741981819e-65,1.0469973485761026e-69
0.6225,1.8067134353322738,-0.018959102630615288,4.596099780657114e-65,1.2472494933094245e-69
0.62275,1.8070079839034792,-0.018947795867919948,5.471933327336158e-65,1.4851073875500126e-69
0.623,1.8073254946343724,-0.018947933197021483,6.5140995742135214e-65,1.7681292844157577e-69
0.62325,1.8076312494872648,-0.01893758010864255,7.754079627520941e-65,2.104946001970701e-69
0.6235,1.807944537393987,-0.01890672302246099,9.229292465335213e-65,2.505922440147205e-69
0.62375,1.808237461902349,-0.018921642303466824,1.0984211060922394e-64,2.9825562457382533e-69
0.624,1.8085563316975761,-0.01891415023803711,1.307168757334302e-64,3.549834150265617e-69
0.62425,1.808860115351394,-0.01889998245239255,1.5554526630389224e-64,4.225761819984502e-69
0.6245,1.8091500075606142,-0.018905841827392633,1.8507352987979655e-64,5.02824141241522e-69
0.62475,1.8094532979388385,-0.01889691925048831,2.201882845460628e-64,5.982786976639446e-69
0.625,1.809752265338327,-0.018902301788330078,2.6194283167962314e-64,7.118548085534508e-69
0.62525,1.8100577131888311,-0.01888813400268552,3.115883839752736e-64,8.471323294684744e-69
0.6255000000000001,1.810364720931568,-0.018859661102294978,3.70611123702592e-64,1.0076135979296741e-68
0.62575,1.810666307981012,-0.018838817596435575,4.4077617588855796e-64,1.1982043574475552e-68
0.626,1.810961181578096,-0.018833232879638673,5.241797822150266e-64,1.425191867967206e-68
0.62625,1.8112877463669312,-0.01879379272460935,6.23311199664631e-64,1.6942313698496703e-68
0.6265000000000001,1.811567526598182,-0.01881157302856451,7.411261301835268e-64,2.0139698729381903e-68
0.62675,1.811874995114105,-0.018785484313964873,8.811338219415497e-64,2.394771693358733e-68
0.627,1.8122187219051196,-0.018743659973144533,1.0475003787462274e-63,2.8458108330370453e-68
0.62725,1.8125176423342013,-0.01873187637329099,1.2451712831262362e-63,3.381362785112912e-68
0.6275000000000001,1.8128168898405332,-0.018715324401855526,1.4800166939606398e-63,4.01715972154148e-68
0.62775,1.813119174179394,-0.018710216522216827,1.7590037371407945e-63,4.774132398355982e-68
0.628,1.8134177224651946,-0.01870367813110352,2.0904007863817855e-63,5.671644713224632e-68
0.62825,1.8137238181755393,-0.018696662902832006,2.484019653136371e-63,6.738308946849846e-68
0.6285000000000001,1.814045168522983,-0.01867677307128912,2.951502695847941e-63,8.006625160491024e-68
0.62875,1.8143307226239247,-0.018685493469238312,3.5066631505545036e-63,9.510940882405574e-68
0.629,1.8146563716994752,-0.018651775360107425,4.16588851382501e-63,1.1296127294403514e-67
0.62925,1.814984609062841,-0.018625209808349585,4.9486186185483e-63,1.3413421910241535e-67
0.6295000000000001,1.8153065610248897,-0.018583385467529356,5.877912184552236e-63,1.5929306057621374e-67
0.62975,1.8156087039091926,-0.018602596282959016,6.981118160012007e-63,1.8909947773000164e-67
0.63,1.8159136023088123,-0.018574123382568364,8.290671167869609e-63,2.2449228894830025e-67
0.63025,1.816206012659595,-0.018584751129150368,9.845033918704844e-63,2.6657897953111014e-67
0.6305000000000001,1.8165041792095193,-0.018591564178466857,1.168981364794194e-62,3.164899954472768e-67
0.63075,1.8168206920270848,-0.01858502578735355,1.3879084599215683e-62,3.7575559019441695e-67
0.631,1.8171241229591502,-0.01856656646728516,1.6476954447124225e-62,4.46052279308397e-67
0.63125,1.8174345130027219,-0.018543815612792947,1.955941949667873e-62,5.2953279085480856e-67
0.6315000000000001,1.8177392598003064,-0.018538230895996155,2.321656170890624e-62,6.283527358226801e-67
0.63175,1.818024612524233,-0.018563640594482456,2.755515031283255e-62,7.457390178616108e-67
0.632,1.8183538410250901,-0.018530399322509772,3.270172224615757e-62,8.853835144767364e-67
0.63225,1.8186564435580732,-0.018536735534667947,3.880622924219685e-62,1.050567372094056e-66
0.6325000000000001,1.8189563090778025,-0.018538303375244203,4.604635542911335e-62,1.2466215441813296e-66
0.63275,1.8192672568912642,-0.01853557968139652,5.463262827856754e-62,1.4792136328435306e-66
0.633,1.8195785656819363,-0.018503768920898445,6.481446816444426e-62,1.7555495732840554e-66
0.63325,1.8198988869006782,-0.018479110717773417,7.688734829459765e-62,2.0821629885790698e-66
0.6335000000000001,1.8202127117235216,-0.018468757629394594,9.120126809887636e-62,2.4693059527733583e-66
0.63375,1.8205248259327558,-0.018454589843750036,1.0817078016751744e-61,2.9292035155960995e-66
0.634,1.8208479037736351,-0.018420394897460945,1.2828685456613778e-61,3.4727504032834515e-66
0.63425,1.8211581960636094,-0.018413856506347637,1.5213091602187096e-61,4.1167092261502316e-66
0.6345000000000001,1.8214629175845802,-0.0184163780212403,1.8039145051673915e-61,4.879602730034744e-66
0.63475,1.8217770611962165,-0.01841317749023441,2.1388364993141856e-61,5.786179126423467e-66
0.635,1.8220738533146523,-0.018431911468505868,2.5357264855496285e-61,6.85989021634052e-66
0.63525,1.8223546246367994,-0.018443492889404278,3.0060100587238088e-61,8.133559183816757e-66
0.6355000000000001,1.8226577925069403,-0.018414543151855534,3.56321208845059e-61,9.64518926524258e-66
0.63575,1.822982715445035,-0.018393222808837928,4.22334107192616e-61,1.143276644260244e-65
0.636,1.823277245926138,-0.01836999511718751,5.0053436084181635e-61,1.354663117994887e-65
0.63625,1.8236065782853454,-0.01833436965942381,5.9316417429688025e-61,1.6047550619369048e-65
0.6365000000000001,1.8239236780181785,-0.01830017471313483,7.028768235973467e-61,1.901193213625894e-65
0.63675,1.8242552109482477,-0.01827647018432621,8.328117541163074e-61,2.251372633408725e-65
0.637,1.8245755316782546,-0.01826039505004884,9.866833492114061e-61,2.665804230017939e-65
0.63725,1.8249075093969194,-0.018228584289550764,1.1688858495104431e-60,3.1569106346727504e-65
0.6375000000000001,1.8252148286090557,-0.01821632385253913,1.3846173508122394e-60,3.737114551041773e-65
0.63775,1.8255440517632116,-0.018188804626464883,1.640026337497835e-60,4.4234391661801476e-65
0.638,1.8258524916090328,-0.01816939163208009,1.9423848324664417e-60,5.235204948445403e-65
0.63825,1.8261516373136184,-0.018194324493408187,2.300292980988226e-60,6.198939399914595e-65
0.6385000000000001,1.8264769793565736,-0.018161560058593818,2.7239207546579405e-60,7.3375521309586434e-65
0.63875,1.8268086788111586,-0.01813404083251957,3.2252934865169914e-60,8.683410733469955e-65
0.639,1.8271125754147701,-0.018145145416259778,3.818629157378934e-60,1.0279592429746887e-64
0.63925,1.827416441758189,-0.018137653350830063,4.520736779332159e-60,1.2165717724668856e-64
0.6395000000000001,1.8277481895156216,-0.018103458404541084,5.351486904161037e-60,1.4396015307932586e-64
0.63975,1.8280752159478686,-0.01808690643310551,6.334367267710554e-60,1.7031954434233015e-64
0.64,1.8283765920836954,-0.018073692321777357,7.497138919890596e-60,2.01543821140434e-64
0.64025,1.8286905264869042,-0.018069538116455064,8.872610947538023e-60,2.3842661835799462e-64
0.6405,1.8290077022147972,-0.018053939819335896,1.0499555148452008e-59,2.820277924267078e-64
0.64075,1.8293343055661642,-0.018027374267578167,1.2423785847642947e-59,3.336567068939162e-64
0.641,1.8296616601274276,-0.017982688903808608,1.469943456477967e-59,3.945647079392964e-64
0.64125,1.8299579859165263,-0.01799331665039061,1.7390454567211682e-59,4.665097366168244e-64
0.6415,1.8302837432356658,-0.017970565795898397,2.057239661932487e-59,5.518214357685411e-64
0.64175,1.8305953995250608,-0.017964504241943402,2.433450463578027e-59,6.524161497635386e-64
0.642,1.8309167550647414,-0.01792697143554689,2.878218866254144e-59,7.712876032639954e-64
0.64225,1.8312295523929691,-0.017915187835693347,3.4039942880127914e-59,9.116198813660175e-64
0.6425,1.8315725012655597,-0.017889575958251913,4.0254788424170695e-59,1.0777620431636942e-63
0.64275,1.8318813030652161,-0.017877315521240278,4.760033507438964e-59,1.273598958810775e-63
0.643,1.8322076621638004,-0.017857902526855485,5.628157265650578e-59,1.5050710385623496e-63
0.64325,1.8325096919690103,-0.01786137771606444,6.654052278304309e-59,1.7791130250000332e-63
0.6435,1.8328205475740682,-0.01785770034790035,7.866290485717418e-59,2.1025223890895445e-63
0.64375,1.833124354531654,-0.017857837677001998,9.298599770284364e-59,2.4846735189664494e-63
0.644,1.83346238289755,-0.01781505966186525,1.0990791049657114e-58,2.9358018155545005e-63
0.64425,1.833783268974344,-0.017793262481689442,1.2989851472448311e-58,3.4690964465181375e-63
0.6445,1.8340975860713598,-0.017763835906982384,1.5351233368631633e-58,4.0971363250619955e-63
0.64475,1.8344030415841925,-0.0177596817016602,1.8140373881022714e-58,4.83875667437893e-63
0.645,1.8347103428685316,-0.017764110565185565,2.1434486413044028e-58,5.716919626567631e-63
0.64525,1.8350266909851145,-0.017748512268066396,2.532467233656389e-58,6.75251909024153e-63
0.6455,1.835311813441022,-0.01775008010864254,2.9918410005905754e-58,7.975141516708991e-63
0.64575,1.835615105226196,-0.01775689315795903,3.534248824840032e-58,9.419462439740835e-63
0.646,1.8359146143741123,-0.017754169464111347,4.174646341630749e-58,1.1129360978463787e-62
0.64625,1.8362196336502283,-0.017764320373535147,4.930673310509432e-58,1.3144986291223905e-62
0.6465,1.8365628048910674,-0.017719158172607385,5.823133613935746e-58,1.5523861964192186e-62
0.64675,1.836863452675314,-0.017713573455810594,6.876560783631492e-58,1.8333720704463227e-62
0.647,1.8371893670480866,-0.01769225311279299,8.119884238953764e-58,2.164443644696393e-62
0.64725,1.8375221946808533,-0.01767045593261718,9.587214107475828e-58,2.554850206007087e-62
0.6475,1.8378556110844944,-0.01765151977539059,1.13187656571928e-57,3.0149294863148406e-62
0.64775,1.8381991012908152,-0.01761875534057622,1.336194808551267e-57,3.558603743310482e-62
0.648,1.8385257887573025,-0.017592666625976583,1.5772646780028084e-57,4.1980866705218795e-62
0.64825,1.8388438448755382,-0.01758088302612304,1.8616733304754418e-57,4.951834979399703e-62
0.6485,1.8391483422062977,-0.017560993194580043,2.1971843407798473e-57,5.842827771656573e-62
0.64875,1.8394580624972283,-0.01756732940673833,2.592947045066862e-57,6.891615322339627e-62
0.649,1.8397896598458443,-0.017531227111816428,3.0597430011496496e-57,8.128886168301372e-62
0.64925,1.8401074692382526,-0.017528503417968744,3.6102761232757204e-57,9.585875290027656e-62
0.6495,1.8404323002379768,-0.01750765991210934,4.259514202500862e-57,1.13081735416743e-61
0.64975,1.8407688049234747,-0.017496829986572315,5.0250908803052673e-57,1.3333470160069609e-61
0.65,1.8410836377200541,-0.01749410629272463,5.92777873728731e-57,1.5722238544584228e-61
0.65025,1.8414114264014239,-0.017483276367187495,6.99204603225669e-57,1.8545382315130206e-61
0.6505,1.8417299577307422,-0.01746195602416989,8.246711828467658e-57,2.1865394721194597e-61
0.65075,1.8420531466528165,-0.017439205169677785,9.7257168303626e-57,2.577558341521537e-61
0.651,1.8423887925134141,-0.017397380828857445,1.1469030293145675e-56,3.0376489028774904e-61
0.65125,1.8426917596358756,-0.017403240203857417,1.3523716937594897e-56,3.580673612961353e-61
0.6515,1.8430094441337832,-0.017379058837890593,1.5945191996172645e-56,4.219373818952135e-61
0.65175,1.8433444620230097,-0.017353923797607473,1.8798697442367238e-56,4.971708693184356e-61
0.652,1.8436511265187039,-0.017358352661132836,2.2161038240425506e-56,5.859566855627993e-61
0.65225,1.8439918449112573,-0.017351337432861325,2.612262424688939e-56,6.904147050884455e-61
0.6525,1.844322839539736,-0.017313804626464813,3.078987137355071e-56,8.132684741511454e-61
0.65275,1.844652017812505,-0.01729725265502935,3.628802498959366e-56,9.579486135844448e-61
0.653,1.8449656528267235,-0.017295959472656275,4.276447953967206e-56,1.1286516632629428e-60
0.65325,1.845291330226479,-0.017277500152587888,5.039268126748514e-56,1.3294532856405048e-60
0.6535,1.8456058275793388,-0.017265716552734345,5.9376716092728885e-56,1.5657842937786797e-60
0.65375,1.845924576546929,-0.017242488861084038,6.995670248240717e-56,1.8445497584912981e-60
0.654,1.846247723798298,-0.017234996795654323,8.241513004105086e-56,2.17208584925092e-60
0.65425,1.846573372372436,-0.017222259521484373,9.70843090540358e-56,2.5574969577665e-60
0.6545,1.8469091307568601,-0.01720141601562497,1.1435512498002009e-55,3.01125022991881e-60
0.65475,1.847228105585804,-0.017194877624511773,1.3468732563910718e-55,3.5461900678677925e-60
0.655,1.847542085636734,-0.017188339233398464,1.5862160844229578e-55,4.175044117163497e-60
0.65525,1.8478519671662705,-0.01719181442260742,1.8679382146783953e-55,4.91511026065561e-60
0.6555,1.8481849655447848,-0.017154758453369112,2.199516466925048e-55,5.7877273893388e-60
0.65575,1.84849866224542,-0.017143928527832086,2.58974197619427e-55,6.81166832827521e-60
0.656,1.8488171758112832,-0.01715455627441409,3.0489503853408477e-55,8.017131882221314e-60
0.65625,1.8491338138369615,-0.017151355743408203,3.589292205720171e-55,9.436531591202241e-60
0.6565,1.849447859440135,-0.017141479492187472,4.225050329248197e-55,1.11107529653098e-59
0.6567500000000001,1.8497928049838177,-0.017110145568847712,4.973012884644155e-55,1.3073962296089485e-59
0.657,1.8501241494604748,-0.017082626342773466,5.852911048866671e-55,1.5381470394212177e-59
0.65725,1.8504587665710548,-0.01705081558227539,6.887933087576193e-55,1.809747401797213e-59
0.6575,1.8507940156146148,-0.01702234268188474,8.105327847836558e-55,2.1281673132753583e-59
0.6577500000000001,1.8511177766705627,-0.01701866531372076,9.537113211504912e-55,2.502657243909196e-59
0.658,1.851470313432054,-0.016997344970703154,1.1220907696404928e-54,2.9436289432637093e-59
0.65825,1.8517808266549687,-0.016986038208007814,1.3200906531952312e-54,3.4612922545515956e-59
0.6585,1.8521008346779666,-0.016988559722900365,1.552902721539962e-54,4.069654596319046e-59
0.6587500000000001,1.8524377160130765,-0.016955795288085995,1.8266253866817594e-54,4.7846000855293635e-59
0.659,1.8527930020242922,-0.016932567596435577,2.1484214753569707e-54,5.625970111749701e-59
0.65925,1.8531440149457548,-0.016908863067626956,2.5267033275174955e-54,6.612738971541783e-59
0.6595,1.8534617062359142,-0.01690280151367185,2.971349963545365e-54,7.771804690536804e-59
0.6597500000000001,1.853775378999088,-0.01690818405151373,3.493961855429997e-54,9.13725019273135e-59
0.66,1.8541194920286528,-0.016873035430908234,4.1081597889657015e-54,1.073885413278668e-58
0.66025,1.8544219514503508,-0.016885093688964847,4.829935418894947e-54,1.2619236339683564e-58
0.6605,1.8547468136435756,-0.016879985809326148,5.678062424676147e-54,1.482999545299121e-58
0.6607500000000001,1.85508319201085,-0.016857234954834044,6.674578703725943e-54,1.7433773065536524e-58
0.661,1.8554212321564723,-0.01685594177246097,7.845351829688956e-54,2.0484241149229714e-58
0.66125,1.855751733245488,-0.01682651519775391,9.220742100069287e-54,2.4068866450878486e-58
0.6615,1.8560487274514035,-0.016845249176025368,1.0836379952485476e-53,2.8287465329395067e-58
0.6617500000000001,1.8563878436456633,-0.01683441925048834,1.2734077402935724e-53,3.323413330191474e-58
0.662,1.8567087616314464,-0.016825019836425814,1.4962896523975644e-53,3.9046309014203055e-58
0.66225,1.8570342627202776,-0.01680560684204102,1.7580401919019997e-53,4.586675465126719e-58
0.6625,1.857350463158329,-0.016796684265136697,2.0654128758571467e-53,5.3890831857097824e-58
0.6627500000000001,1.8577008168009912,-0.016766304016113343,2.426330333901819e-53,6.3290822476513205e-58
0.663,1.858026754906182,-0.016734016418457065,2.8500859437988744e-53,7.430733234526953e-58
0.66325,1.8583601629436468,-0.01671269607543946,3.347580112786084e-53,8.72558404286669e-58
0.6635,1.8586951599138342,-0.016679454803466776,3.931597135303557e-53,1.0241131513199742e-57
0.6637500000000001,1.859025200733386,-0.01667768478393561,4.617129568984726e-53,1.2018629749231054e-57
0.664,1.8593723665955748,-0.016657794952392613,5.421758253913009e-53,1.4104344029193395e-57
0.66425,1.8596971525633004,-0.016670806884765632,6.366097484152022e-53,1.6558169222794622e-57
0.6645,1.8600311062104258,-0.01665139389038084,7.474316459385875e-53,1.9434742998390177e-57
0.6647500000000001,1.8603552217205426,-0.016638179779052797,8.774750037888314e-53,2.280736468074576e-57
0.665,1.8607015210125863,-0.016604938507080114,1.0300614026332229e-52,2.676907430608516e-57
0.66525,1.8610229807765322,-0.016598876953125008,1.2090842831375149e-52,3.1402347296850484e-57
0.6655,1.8613485381432802,-0.01659424591064451,1.419107032572417e-52,3.6841273910691214e-57
0.6657500000000001,1.8616470750204313,-0.016598674774169986,1.6654778321570801e-52,4.32226731671821e-57
0.666,1.8619724688238066,-0.016593566894531286,1.9544641183080883e-52,5.072663639198362e-57
0.66625,1.8623020074445096,-0.016585121154785165,2.293409994810032e-52,5.951257888908485e-57
0.6665,1.8626117139756797,-0.01659431838989256,2.6909204984871137e-52,6.98208004088491e-57
0.6667500000000001,1.8629480246739738,-0.016591594696044987,3.157077282025296e-52,8.194266173023131e-57
0.667,1.86328716042589,-0.016584579467773475,3.703691050198295e-52,9.613631761797075e-57
0.66725,1.863599702859874,-0.01658757781982423,4.3445969886547035e-52,1.1279045799528851e-56
0.6675,1.8639055202717636,-0.016593914031982404,5.096000479508079e-52,1.323168607652488e-56
0.6677500000000001,1.864261605472037,-0.016572116851806706,5.976881630792989e-52,1.5525405487215312e-56
0.668,1.8646012496433593,-0.01655842590332035,7.009468587238415e-52,1.820870710175852e-56
0.66825,1.8649424848745664,-0.01654711914062501,8.219791272537117e-52,2.135058835773867e-56
0.6685,1.8652518168225025,-0.01654487228393553,9.638329179040532e-52,2.5043016663040307e-56
0.6687500000000001,1.865568921193816,-0.016551208496093817,1.130076911694016e-51,2.9364417268070236e-56
0.669,1.8658891968120226,-0.016559928894043008,1.3248891516825075e-51,3.442832541601611e-56
0.66925,1.8662063849035917,-0.016546237945556652,1.5531607011609847e-51,4.0364441162965865e-56
0.6695,1.8665216319398423,-0.016546375274658187,1.820616868147547e-51,4.733739464587765e-56
0.6697500000000001,1.8668525240635292,-0.0165412673950196,2.1339589616465155e-51,5.549421230916079e-56
0.67,1.8671744145230642,-0.01653949737548832,2.5010300438278177e-51,6.505421595528309e-56
0.67025,1.8674995761309237,-0.016535343170166028,2.931008724507046e-51,7.627600423086994e-56
0.6705,1.8678135202643507,-0.01652880477905272,3.434635723997953e-51,8.940491086175106e-56
0.6707500000000001,1.8681245862798654,-0.01654467773437507,4.02447872384724e-51,1.0478302136735734e-55
0.671,1.8684545976341365,-0.016547676086425822,4.7152419510661905e-51,1.2280951530924755e-55
0.67125,1.8687863813650658,-0.016520156860351576,5.524128022386093e-51,1.4395951117975851e-55
0.6715,1.8691065885565983,-0.016531261444091783,6.471260836503308e-51,1.686854978785113e-55
0.6717500000000001,1.869437956722624,-0.016511371612548897,7.580179774348692e-51,1.97630836659811e-55
0.672,1.8697738499557517,-0.016505310058593792,8.878417185083534e-51,2.3157828574879066e-55
0.67225,1.870108977413036,-0.01647540664672853,1.0398173139629078e-50,2.7122409610090002e-55
0.6725,1.8704510345903462,-0.01643835067749022,1.2177103771678154e-50,3.1754214951261665e-55
0.67275,1.8707708969676922,-0.01643467330932613,1.4259242253721435e-50,3.718237407969226e-55
0.673,1.871130385812406,-0.01639427947998051,1.66960746373208e-50,4.351582619943763e-55
0.67325,1.8714617247791927,-0.016376296997070328,1.9547796497914238e-50,5.092424347768618e-55
0.6735,1.8717891421109805,-0.01639121627807616,2.288478065266682e-50,5.959505035108585e-55
0.67375,1.872117299340893,-0.016367034912109335,2.6789291267343157e-50,6.976309900889647e-55
0.674,1.8724457602582811,-0.016347621917724653,3.1357485554199625e-50,8.16223245026566e-55
0.67425,1.872771097973386,-0.01633917617797853,3.6701751125883065e-50,9.54878043376082e-55
0.6745,1.873097565461426,-0.01632024002075194,4.29534350721998e-50,1.1173351327930326e-54
0.67475,1.8734169843459565,-0.016346126556396445,5.026603015516792e-50,1.307204431289069e-54
0.675,1.8737530570336727,-0.01633529663085942,5.881889439250487e-50,1.529450071640868e-54
0.67525,1.8740917787059201,-0.016296333312988298,6.8821592975735e-50,1.789142499754488e-54
0.6755,1.87441893490678,-0.01628693389892577,8.051896624330102e-50,2.0930433988672622e-54
0.67575,1.874774830574593,-0.01625893783569332,9.419704464797442e-50,2.4476716200379853e-54
0.676,1.8751177671611094,-0.01624286270141606,1.101899517238246e-49,2.861686669285507e-54
0.67625,1.8754210469328467,-0.016256351470947283,1.2888795944024168e-49,3.3470787893908283e-54
0.6765,1.8757465813180096,-0.01627031707763671,1.5074688757471136e-49,3.9143283710282067e-54
0.67675,1.8760984935019906,-0.016238983154296838,1.7629907047747273e-49,4.577418462463943e-54
0.677,1.8764359969743276,-0.016219570159912156,2.061661515802783e-49,5.351236963104154e-54
0.67725,1.8767796972216595,-0.01621493911743166,2.4107400907620675e-49,6.257431867157393e-54
0.6775,1.8771049855239483,-0.01620983123779296,2.8187016637334135e-49,7.314929923391395e-54
0.67775,1.8774654804627704,-0.01616657638549801,3.295440993628062e-49,8.548926923102216e-54
0.678,1.8778134145756744,-0.016154315948486375,3.8525092060001255e-49,9.992400741039353e-54
0.67825,1.8781629489661518,-0.016161605834960957,4.50338999753106e-49,1.1675425758789513e-53
0.6785,1.878500023303452,-0.016162696838378898,5.263821719593534e-49,1.3644136205740188e-53
0.67875,1.8788301485415002,-0.01614566802978512,6.152172931808725e-49,1.5944691177632522e-53
0.679,1.8791944425123543,-0.016130546569824267,7.18988026752655e-49,1.8634773072085923e-53
0.67925,1.8795304292210058,-0.0161306838989258,8.40195890948483e-49,2.177117166474765e-53
0.6795,1.879881611407105,-0.016118423461914055,9.817597669181732e-49,2.5433682038826854e-53
0.67975,1.880211610534981,-0.01611236190795895,1.1470852636693587e-48,2.9719918573857225e-53
0.68,1.880548732068133,-0.016068153381347705,1.3401455664230027e-48,3.4709628643506873e-53
0.68025,1.880889763740724,-0.01605589294433596,1.5655756619425483e-48,4.0532239964608184e-53
0.6805,1.8812438936045983,-0.016018360137939447,1.8287821454461688e-48,4.731841725677238e-53
0.68075,1.88158008197833,-0.015995609283447232,2.1360711756075973e-48,5.524784194781018e-53
0.681,1.881902104542376,-0.016004806518554737,2.49479756521205e-48,6.448833902203509e-53
0.68125,1.8822542867013992,-0.016013050079345725,2.913538484892751e-48,7.528254106944474e-53
0.6815,1.882578204884723,-0.015992206573486323,3.4022958272430144e-48,8.791118688663994e-53
0.68175,1.8829002632298306,-0.01602000045776364,3.9727319414674015e-48,1.0263106955023576e-52
0.682,1.8832345063673745,-0.016000587463378957,4.6384442197434466e-48,1.1982420593614106e-52
0.68225,1.883549839265815,-0.01600358581542971,5.415284913171107e-48,1.3988391612213993e-52
0.6825,1.8838883632649486,-0.01598608016967773,6.321733597999117e-48,1.633363975815181e-52
0.68275,1.8842224760283615,-0.015963806152343718,7.379330925454455e-48,1.906390593966149e-52
0.683,1.8845590984495106,-0.015955360412597708,8.613183698483439e-48,2.2248290397815145e-52
0.68325,1.8848848819380355,-0.015943576812744165,1.0052552958074412e-47,2.5966552761714404e-52
0.6835,1.8852244904840465,-0.015942760467529293,1.1731538667685075e-47,3.0298674950242613e-52
0.68375,1.8855799279685983,-0.015903797149658172,1.3689876799790418e-47,3.5345972684294936e-52
0.684,1.8859375023805374,-0.015874847412109427,1.597386720387615e-47,4.122008806275245e-52
0.68425,1.8862766899244319,-0.015878322601318384,1.8637453628396857e-47,4.808654757330184e-52
0.6845,1.886633992984134,-0.015864154815673825,2.174348074798423e-47,5.607761573656561e-52
0.68475,1.886981093233983,-0.015852848052978485,2.536515708978476e-47,6.539380611046128e-52
0.685,1.887349514532323,-0.015805778503418022,2.9587757450505487e-47,7.62611834126119e-52
0.68525,1.8876827790280748,-0.015801147460937526,3.451060385395731e-47,8.889295570048657e-52
0.6855,1.8880179070772973,-0.015824649810791014,4.0249370440559797e-47,1.0363489219295345e-51
0.68575,1.8883586084186785,-0.015834800720214814,4.693876504740121e-47,1.208473082343176e-51
0.686,1.8887033334062207,-0.015836845397949273,5.473564879587339e-47,1.4096444725497938e-51
0.68625,1.8890404357838269,-0.01583126068115237,6.382266494435085e-47,1.6437594739461828e-51
0.6865,1.8894027280737185,-0.015798973083496093,7.441245980945842e-47,1.91640509339223e-51
0.68675,1.889753773256087,-0.015815322875976534,8.675259196840325e-47,2.234815505907869e-51
0.687,1.890121047302327,-0.01577588272094732,1.0113124152624282e-46,2.6046983198454585e-51
0.68725,1.8904655243567183,-0.015761714935302762,1.178838493135821e-46,3.0355308267891226e-51
0.6875,1.8908191517900872,-0.015733718872070312,1.3740083687434984e-46,3.537017099095868e-51
0.68775,1.891164662204736,-0.015732425689697238,1.6013658247770258e-46,4.122247358671991e-51
0.6880000000000001,1.8915090103081638,-0.01572111892700201,1.866198566844196e-46,4.802579268374622e-51
0.68825,1.8918536499176946,-0.015705043792724638,2.1746595384504678e-46,5.594419075609005e-51
0.6885,1.8921973595020711,-0.015696121215820313,2.5339079403385103e-46,6.518110937825035e-51
0.68875,1.8925348629038097,-0.015706272125244114,2.9522731417232517e-46,7.592676571914799e-51
0.6890000000000001,1.8928964027713662,-0.015702594757080135,3.4394451845158647e-46,8.844377462688749e-51
0.68925,1.893266706236941,-0.01565695571899417,4.006696177570713e-46,1.0301974565903078e-50
0.6895,1.8936035955333157,-0.01565184783935547,4.667137569501482e-46,1.1995691860193156e-50
0.68975,1.8939388683025746,-0.015645786285400365,5.436019090943172e-46,1.3967045744897134e-50
0.6900000000000001,1.8942880795628976,-0.01562589645385748,6.331076087986684e-46,1.6262643619672444e-50
0.69025,1.8946327472831594,-0.015600761413574249,7.372933048380394e-46,1.8935843136315053e-50
0.6905,1.8949661577003303,-0.015595176696777346,8.58557237470748e-46,2.204012288008241e-50
0.69075,1.8953082171149245,-0.015581962585449194,9.996878911666177e-46,2.5651789565043013e-50
0.6910000000000001,1.895639053791811,-0.015590682983398496,1.1639272419715868e-45,2.9866153751971874e-50
0.69125,1.8959892049737248,-0.015598449707031281,1.3550442141543713e-45,3.4765162908307483e-50
0.6915,1.896309881232958,-0.015603355407714847,1.5774199874047366e-45,4.046968952577806e-50
0.69175,1.896679720184439,-0.015582035064697242,1.8361470586203445e-45,4.710757330600596e-50
0.6920000000000001,1.8970294537503296,-0.015563098907470763,2.1371442669888902e-45,5.484023205011792e-50
0.69225,1.8973802797660924,-0.015547977447509798,2.4872903442853927e-45,6.380993424194227e-50
0.6925,1.8977484206783521,-0.015524272918701176,2.8945789617798035e-45,7.423389932365745e-50
0.69275,1.8981258748354524,-0.015485786437988258,3.368298719778275e-45,8.636925246124228e-50
0.6930000000000001,1.8984710847558308,-0.01548210906982428,3.9192420759793714e-45,1.0043877025805873e-49
0.69325,1.8988210510402181,-0.015465080261230502,4.559947846418766e-45,1.1680571821720135e-49
0.6935,1.8991593405413676,-0.01544137573242188,5.304982651709634e-45,1.358171608209708e-49
0.69375,1.8995152301420632,-0.015411949157714822,6.1712675375191e-45,1.5793716604829777e-49
0.6940000000000001,1.8998634633172364,-0.015412086486816468,7.178456990388538e-45,1.8360834835827548e-49
0.69425,1.900203566880136,-0.015407455444335971,8.349378719518355e-45,2.1345396275509178e-49
0.6945,1.9005677274826516,-0.015395671844482428,9.710543906882947e-45,2.482172659978677e-49
0.69475,1.9009168736726942,-0.015346218109130838,1.1292739170776796e-44,2.884722083677355e-49
0.6950000000000001,1.901276472165027,-0.015322990417480531,1.3131713274930857e-44,3.351803576060583e-49
0.69525,1.901604743276177,-0.01533600234985355,1.5268973685120055e-44,3.894839909252502e-49
0.6955,1.9019611574092279,-0.015325172424316413,1.775271047239375e-44,4.527283812316474e-49
0.69575,1.9023076075316938,-0.01533007812499998,2.0638867838111358e-44,5.260807713089844e-49
0.6960000000000001,1.9026278843864328,-0.015352626800537172,2.3992386750664424e-44,6.114676858611082e-49
0.69625,1.9029839520463434,-0.015336074829101598,2.7888645905873135e-44,7.10979603189621e-49
0.6965,1.903332487039087,-0.015343841552734383,3.2415132532662923e-44,8.263848018141243e-49
0.69675,1.903667258336442,-0.01533205795288084,3.767337955471265e-44,9.605212599952832e-49
0.6970000000000001,1.9040146175573454,-0.015321228027343814,4.3781211394273127e-44,1.116202203662817e-48
0.69725,1.9043538510165137,-0.015333286285400427,5.087534738955271e-44,1.2975326719154552e-48
0.6975,1.9046866845766366,-0.015315303802490243,5.911441953493714e-44,1.5077911259665933e-48
0.69775,1.9050621950719546,-0.01528969192504881,6.868247020810348e-44,1.751612487678762e-48
0.6980000000000001,1.9054216270169697,-0.015277908325195377,7.979300591173425e-44,2.0352056146287808e-48
0.69825,1.905788399059171,-0.015257064819335975,9.269369504910071e-44,2.3637426374489664e-48
0.6985,1.9061367968207126,-0.015249095916748057,1.0767181162853718e-43,2.7449776499506404e-48
0.69875,1.9065011348474488,-0.015222530364990217,1.2506054284498816e-43,3.1873085062911316e-48
0.6990000000000001,1.9068675106796116,-0.015202163696289128,1.4524629705880969e-43,3.701065696702267e-48
0.69925,1.9072561555156096,-0.01515747833251957,1.6867717017623845e-43,4.29532941518097e-48
0.6995,1.9076102843000564,-0.01513854217529298,1.9587275328571e-43,4.984080548850795e-48
0.69975,1.9079759044675133,-0.015114837646484358,2.2743549314664375e-43,5.784510436590836e-48
0.7000000000000001,1.9083551527893907,-0.015093517303466863,2.6406385036839523e-43,6.710507186621346e-48
0.70025,1.9087027852960978,-0.015098899841308633,3.0656753855658865e-43,7.785048828577066e-48
0.7005,1.9090487298535788,-0.01510237503051759,3.5588517215538344e-43,9.032721398074786e-48
0.70075,1.9094150557780638,-0.015072471618652328,4.13104702108443e-43,1.0481894005335023e-47
0.7010000000000001,1.9097582531956032,-0.015087867736816474,4.794870778819439e-43,1.2160839485895144e-47
0.70125,1.9101649071106344,-0.015032691955566446,5.564936430878935e-43,1.4105941806725682e-47
0.7015,1.91050184692689,-0.015018047332763684,6.458178513527369e-43,1.636374409327123e-47
0.70175,1.9108893207433588,-0.014969070434570297,7.494219808643323e-43,1.8972152522036336e-47
0.7020000000000001,1.9112462185193193,-0.014950134277343818,8.695796321143669e-43,2.199384322938316e-47
0.70225,1.9116330059001336,-0.014929767608642619,1.0089249159564788e-42,2.5492791940944733e-47
0.7025,1.9119850759335235,-0.014896526336669935,1.1705093807843044e-42,2.9552969804149014e-47
0.70275,1.9123302953970236,-0.014901432037353501,1.3578678913423568e-42,3.425116528938933e-47
0.7030000000000001,1.9126778431433011,-0.014894893646240304,1.5750948608495817e-42,3.970175405684794e-47
0.70325,1.9130240575312918,-0.014889785766601604,1.8269324566521687e-42,4.603235867071319e-47
0.7035,1.9133774790183902,-0.014893737792968764,2.1188726520998893e-42,5.335759675249057e-47
0.70375,1.9137167364523076,-0.014895782470703112,2.4572752889750067e-42,6.185750387564318e-47
0.704,1.914077276994067,-0.014889720916748006,2.8495046516739722e-42,7.173557096105988e-47
0.70425,1.9144276121427801,-0.014897487640380902,3.304087443408392e-42,8.316429618810982e-47
0.7045,1.914780800383085,-0.014879505157470718,3.830895504020769e-42,9.64106045911646e-47
0.70475,1.9151230540825885,-0.014864860534667956,4.4413571278934775e-42,1.1175723976293444e-46
0.705,1.915482290559974,-0.014834480285644491,5.148701439575022e-42,1.295449051535691e-46
0.70525,1.9158701639687779,-0.014824127197265669,5.96824097653726e-42,1.5011626884620548e-46
0.7055,1.9162442151549857,-0.014807575225830094,6.917698427148145e-42,1.7393479798469609e-46
0.70575,1.9165973974012167,-0.014804374694824207,8.017584393968868e-42,2.01559027431657e-46
0.706,1.9169503383777349,-0.014800220489501914,9.29163411678532e-42,2.335141940906979e-46
0.70625,1.917280913046757,-0.014795112609863326,1.0767312318273961e-41,2.7054809830125402e-46
0.7065,1.917629366981696,-0.014766639709472673,1.247639675304846e-41,3.1339426579228686e-46
0.70675,1.9179816228572424,-0.014753902435302724,1.445565267715262e-41,3.6308575535500115e-46
0.707,1.918330148702894,-0.014751655578613243,1.6747612343268696e-41,4.20523825859606e-46
0.70725,1.9187039822567218,-0.014729858398437545,1.9401475805749848e-41,4.8696436547377785e-46
0.7075,1.919056513356936,-0.014711399078369158,2.2474151833485207e-41,5.639855214532775e-46
0.70775,1.919412207828778,-0.014712013244628896,2.6031460628863406e-41,6.529801030033876e-46
0.708,1.9197723752170033,-0.01469069290161129,3.014952339689281e-41,7.560140033788734e-46
0.70825,1.9201292341975167,-0.014679862976074265,3.491636766805654e-41,8.752022378784103e-46
0.7085,1.920480429604821,-0.014681907653808612,4.043378172994275e-41,1.0134749904165897e-45
0.70875,1.9208176495035627,-0.014702072143554679,4.681945665704094e-41,1.1733520491639015e-45
0.709,1.9211696609707218,-0.01468790435791012,5.420946034900446e-41,1.3585224473864925e-45
0.70925,1.921527215577265,-0.014681365966796922,6.276109481556616e-41,1.5733469381461616e-45
0.7095,1.9218727900302215,-0.014669105529785176,7.265619581926301e-41,1.8213315433278107e-45
0.70975,1.9222383080916607,-0.01466304397583007,8.410494306456651e-41,2.1081424952042853e-45
0.71,1.9225780120971865,-0.014669380187988246,9.735025958705326e-41,2.439984926434749e-45
0.71025,1.9229311317806834,-0.014656642913818407,1.126728910605385e-40,2.824832796371635e-45
0.7105,1.9233118296945233,-0.01463341522216799,1.3039726964649285e-40,3.2689350721458814e-45
0.71075,1.9236835513603556,-0.014614002227783196,1.5089828303901396e-40,3.7821098421700827e-45
0.711,1.9240653425127594,-0.014587913513183559,1.7460908783191648e-40,4.375901322605742e-45
0.71125,1.9244616462600481,-0.014535598754882861,2.020301276243421e-40,5.060112464854677e-45
0.7115,1.9248099373775074,-0.014525245666503928,2.3373954081386538e-40,5.849932404959892e-45
0.71175,1.925172653943686,-0.014508693695068353,2.7040517129465593e-40,6.762676123511615e-45
0.712,1.9255484073846527,-0.01447402191162106,3.1279842784698525e-40,7.819082067252583e-45
0.71225,1.9259153670210298,-0.014472251892089893,3.618102755270684e-40,9.036293205541575e-45
0.7125,1.9262832658535929,-0.01444664001464846,4.184696855910929e-40,1.0442774834365016e-44
0.71275,1.9266391223938584,-0.014429134368896479,4.83964920278218e-40,1.207225620249479e-44
0.713,1.9269931312454753,-0.014418781280517545,5.596680861244532e-40,1.395023426965668e-44
0.71325,1.9273638464528033,-0.014417488098144582,6.471634555303894e-40,1.6120273438855624e-44
0.7135,1.9277271351093062,-0.014413810729980492,7.482801323673977e-40,1.8627975631717024e-44
0.71375,1.9281113966251953,-0.014394397735595699,8.651297249967367e-40,2.1530991885107107e-44
0.714,1.928485790173599,-0.014374984741210906,1.0001497909295928e-39,2.4878253068395714e-44
0.71425,1.9288548117606643,-0.01435509490966802,1.1561539334730724e-39,2.8742605350613814e-44
0.7145,1.929226444355065,-0.014331390380859399,1.336389564388228e-39,3.3213014729178873e-44
0.71475,1.9295771577000616,-0.014316268920898434,1.5446045004761816e-39,3.836253852287688e-44
0.715,1.9299348151409772,-0.014324035644531219,1.7851237391467027e-39,4.4311126032669054e-44
0.71525,1.9303130872163399,-0.014299854278564506,2.06293796190716e-39,5.117869163625941e-44
0.7155,1.9306752616742409,-0.014301898956298853,2.3838055493570548e-39,5.912413390512441e-44
0.71575,1.931072418483986,-0.014262458801269529,2.7543701613174056e-39,6.827428460366976e-44
0.716,1.9314240003379413,-0.014276424407958954,3.182296246445139e-39,7.884178047274492e-44
0.71625,1.9317929928274231,-0.014255580902099663,3.676425203232881e-39,9.107042243633944e-44
0.7165,1.9321896073067433,-0.014205173492431666,4.246955325652041e-39,1.0513235617423185e-43
0.71675,1.9325572727795963,-0.014198158264160154,4.905649139941638e-39,1.213442196127543e-43
0.717,1.932917357379354,-0.014199249267578096,5.666072283447931e-39,1.4006565326340024e-43
0.71725,1.9333068126602146,-0.014183174133300835,6.543868702635096e-39,1.6172449754290023e-43
0.7175,1.9336672264428452,-0.014175205230712917,7.557077667616702e-39,1.8666883088009812e-43
0.71775,1.9340568163738365,-0.014153408050537108,8.726498928914354e-39,2.1542943506558462e-43
0.718,1.9344432030322707,-0.01413924026489255,1.0076113294729979e-38,2.48668423556331e-43
0.71825,1.9348032415753535,-0.014116489410400446,1.1633567002402779e-38,2.8692869035993686e-43
0.7185,1.9351874786810557,-0.014085632324218778,1.3430729517202474e-38,3.3102812356696024e-43
0.71875,1.9355760343717834,-0.01405191421508789,1.5504335839670307e-38,3.818096970846254e-43
0.719,1.9359219750738546,-0.014050621032714816,1.7896726067452213e-38,4.404770803429249e-43
0.7192500000000001,1.9363019953209193,-0.01403216171264654,2.0656696871229543e-38,5.0802678375515286e-43
0.7195,1.9366770759718661,-0.014025623321533232,2.384048174403268e-38,5.858948814750703e-43
0.71975,1.9370168101908134,-0.014001441955566407,2.751287941148277e-38,6.75862435237979e-43
0.72,1.9373937490232593,-0.013987751007080051,3.174855269602038e-38,7.792889508101966e-43
0.7202500000000001,1.9377707722315738,-0.013983119964599666,3.6633523467360214e-38,8.985762680751264e-43
0.7205,1.9381416155698334,-0.013990886688232451,4.2266893148161974e-38,1.0365363548772496e-42
0.72075,1.9385142191304205,-0.013989593505859377,4.876282265266411e-38,1.1954218266046068e-42
0.721,1.938901760239998,-0.013969226837158177,5.625281070084932e-38,1.3786395850226088e-42
0.7212500000000001,1.9392846426892514,-0.013952674865722714,6.488831526970088e-38,1.589540364518571e-42
0.7215,1.939666988493022,-0.013924678802490265,7.48437696273394e-38,1.832994787244842e-42
0.72175,1.9400320034409742,-0.013919570922851565,8.632005207355354e-38,2.1128295721407114e-42
0.722,1.940396880548227,-0.013911125183105444,9.954847732842987e-38,2.4352879313354846e-42
0.7222500000000001,1.9407994664926191,-0.013906970977783262,1.1479538763854273e-37,2.8079086131490484e-42
0.7225,1.9411875839955979,-0.013888034820556672,1.323674332997658e-37,3.236285027589656e-42
0.72275,1.941555384886681,-0.013883403778076175,1.5261764565052512e-37,3.729955848920386e-42
0.723,1.9419323306051495,-0.013868759155273414,1.7595242092248063e-37,4.298412225389899e-42
0.7232500000000001,1.9423169921274033,-0.0138445777893067,2.0283955094023483e-37,4.954306082191711e-42
0.7235,1.9426703637378127,-0.01385615921020511,2.3381745687073465e-37,5.7092164570580515e-42
0.72375,1.9430113931830586,-0.013860588073730473,2.6950580542289014e-37,6.579608272437821e-42
0.724,1.94337991005892,-0.013851665496826149,3.106177135258594e-37,7.584243284455616e-42
0.7242500000000001,1.9437688141776104,-0.013828914642334045,3.57973778077049e-37,8.739181818330071e-42
0.7245,1.9441394178862945,-0.013814270019531283,4.125182024254901e-37,1.0067628937957376e-41
0.72475,1.944516813170422,-0.013789134979248052,4.753373315071195e-37,1.1596324337880325e-41
0.725,1.9449132154582893,-0.013774013519287087,5.476809537330928e-37,1.3358845705657403e-41
0.7252500000000001,1.9452514579165021,-0.013799900054931702,6.309867807252531e-37,1.538765505203105e-41
0.7255,1.9456372503093744,-0.013777149200439487,7.2690857678955335e-37,1.7722731450559983e-41
0.72575,1.9460198806981666,-0.013768226623535162,8.373484797645673e-37,2.0414663051354772e-41
0.726,1.9463958944164652,-0.013746906280517557,9.644941348874239e-37,2.350542611239306e-41
0.7262500000000001,1.946775217643549,-0.013751811981201234,1.1108613550866541e-36,2.7066532437488764e-41
0.7265,1.9471298155927772,-0.013754810333251988,1.2793431263629503e-36,3.1168263159376046e-41
0.72675,1.9474886155652578,-0.01376972961425782,1.473265897621886e-36,3.5897718839804673e-41
0.727,1.9478692588648319,-0.01373553466796873,1.6964542327381475e-36,4.133667387088276e-41
0.7272500000000001,1.9482234833455134,-0.013719936370849672,1.9533050613495656e-36,4.75901554600593e-41
0.7275,1.9486303428065037,-0.013689079284668004,2.248872946849991e-36,5.478865233536935e-41
0.72775,1.9490147069321007,-0.013671573638916024,2.5889679986872368e-36,6.30460835856321e-41
0.728,1.9493750431709427,-0.013681247711181621,2.980268295237414e-36,7.254502768218436e-41
0.7282500000000001,1.9496977323957663,-0.013709041595459048,3.430448957686041e-36,8.349386704503671e-41
0.7285,1.950060102819501,-0.01368724441528324,3.948330329587118e-36,9.61310098638779e-41
0.72875,1.9504507898775953,-0.013654956817626962,4.544048076921624e-36,1.106175053355674e-40
0.729,1.9508139620168419,-0.01364937210083006,5.2292484362207504e-36,1.2726412240010157e-40
0.7292500000000001,1.9511629824325765,-0.013655708312988346,6.0173123112868245e-36,1.4644970387692449e-40
0.7295,1.951544123709099,-0.013639633178710975,6.923612460992614e-36,1.6848579332403518e-40
0.72975,1.9519383771212673,-0.013607345581054697,7.96580864158723e-36,1.937967250432667e-40
0.73,1.9522992505133305,-0.013613681793212873,9.164186278295069e-36,2.2287123348598055e-40
0.7302500000000001,1.9527083289776523,-0.013596176147461003,1.054204505593451e-35,2.563729290324676e-40
0.7305,1.953087986572264,-0.013552921295166054,1.2126144751783968e-35,2.9476846935847955e-40
0.73075,1.9534225153364082,-0.013580238342285167,1.3947216703088498e-35,3.388967944112219e-40
0.731,1.9538192312190943,-0.013537937164306624,1.6040550526167292e-35,3.897064761529999e-40
0.7312500000000001,1.9542056028937744,-0.013528060913086004,1.8446667106438307e-35,4.479302459083682e-40
0.7315,1.954573109486788,-0.013541072845459023,2.1212090484529074e-35,5.1488579666507056e-40
0.73175,1.9549425892363825,-0.013528812408447277,2.4390233102387943e-35,5.918656885332781e-40
0.732,1.9553166965537514,-0.013519889831542953,2.804241097853689e-35,6.805071585693033e-40
0.7322500000000001,1.9556914656933262,-0.013515258789062568,3.223900779181114e-35,7.821969701089746e-40
0.7325,1.9560906160789457,-0.013497753143310587,3.706080961190025e-35,8.989825670898209e-40
0.73275,1.9564805243874561,-0.013482631683349622,4.260053517326236e-35,1.033255101771627e-39
0.733,1.9568570256532176,-0.01347561645507811,4.896459020366298e-35,1.1872103149435845e-39
0.7332500000000001,1.9572591500009129,-0.013439990997314522,5.627507845561967e-35,1.3638533688090256e-39
0.7335,1.9576281003096578,-0.013444419860839885,6.467210682336474e-35,1.5665867533431702e-39
0.73375,1.9580174795784386,-0.01341880798339845,7.431642734549361e-35,1.7999550636531174e-39
0.734,1.958411236921857,-0.013389381408691392,8.539246509220809e-35,2.0670300698808162e-39
0.7342500000000001,1.9587838246849878,-0.013395717620849679,9.811178802810233e-35,2.373590092218576e-39
0.7345,1.9591695124952682,-0.013371059417724651,1.1271708305511972e-34,2.7262046114611967e-39
0.73475,1.9595662971225423,-0.013331142425537124,1.2948671172175507e-34,3.1297029977193735e-39
0.735,1.959937569300124,-0.013328895568847643,1.48739929700925e-34,3.592265473841022e-39
0.7352500000000001,1.9603238814751576,-0.013292793273925851,1.7084286628174944e-34,4.12418566202263e-39
0.7355,1.960715027962027,-0.013260505676269574,1.9621537400773205e-34,4.7321924453616846e-39
0.73575,1.9610969387396588,-0.013251106262207046,2.2533887447474744e-34,5.4297333002423534e-39
0.736,1.9615040611407317,-0.013220726013183581,2.5876534446188263e-34,6.229355071510885e-39
0.73625,1.961914607800904,-0.01319559097290035,2.9712760733211805e-34,7.147097942379978e-39
0.7365,1.9622988893023707,-0.013170932769775434,3.4115111837877746e-34,8.196718665804482e-39
0.73675,1.962680422867027,-0.013158672332763688,3.9166745993249465e-34,9.401145782166572e-39
0.737,1.9630874746198592,-0.013145458221435535,4.496297930669784e-34,1.0784050636760641e-38
0.73725,1.9634673644030232,-0.013129859924316367,5.161305482013944e-34,1.2366951637472043e-38
0.7375,1.963832547316505,-0.013115215301513716,5.924216774270699e-34,1.418073049393343e-38
0.73775,1.9642284942653392,-0.013075298309326189,6.799378377033061e-34,1.6259580041022837e-38
0.738,1.9646461283559644,-0.013054454803466786,7.803229270006143e-34,1.864315145769487e-38
0.73825,1.9650559997170403,-0.01301930618286129,8.954604559480186e-34,2.1369135527660989e-38
0.7385,1.9654591687468255,-0.01298654174804692,1.0275083066513332e-33,2.448909077889807e-38
0.73875,1.9658299595161592,-0.01297666549682619,1.1789385092970493e-33,2.806972367126823e-38
0.739,1.9662434269354465,-0.01293960952758788,1.3525827573570468e-33,3.216262122689721e-38
0.73925,1.9666330864256807,-0.012926872253417931,1.5516844852317138e-33,3.684808851337834e-38
0.7395,1.96700334080234,-0.012919380187988327,1.7799584498587182e-33,4.2218905395298234e-38
0.73975,1.9673821185349363,-0.012920471191406269,2.041658892216435e-33,4.839346742964841e-38
0.74,1.9677731483381726,-0.012912979125976554,2.3416575081533382e-33,5.545162009330383e-38
0.74025,1.9681851493087987,-0.01288879776000973,2.685532633253341e-33,6.353987545519982e-38
0.7405,1.9685662614557238,-0.012868907928466844,3.0796712466057336e-33,7.282316264225768e-38
0.74075,1.968970274124366,-0.012841388702392598,3.5313856268599596e-33,8.342092153885657e-38
0.741,1.9693824553138506,-0.012816253662109367,4.049046754852032e-33,9.555693685757567e-38
0.74125,1.9697721298080761,-0.012812576293945277,4.642236854916289e-33,1.094477196096341e-37
0.7415,1.9701529841778873,-0.012822250366210985,5.321923806973111e-33,1.2540428733952956e-37
0.74175,1.9705717676340062,-0.01277947235107424,6.100660549522719e-33,1.4364875198527402e-37
0.742,1.9709847374699172,-0.012762443542480462,6.992813036558479e-33,1.64505050428505e-37
0.74225,1.9713770936839485,-0.01276925659179684,8.014820816822687e-33,1.8844627571555007e-37
0.7425,1.9717809236627786,-0.012745075225830127,9.185494880569582e-33,2.158208190821509e-37
0.74275,1.9721804421627271,-0.012731384277343771,1.0526358077078853e-32,2.4714391872368006e-37
0.743,1.972570690094456,-0.012697189331054681,1.2062034157010007e-32,2.8296748280604647e-37
0.74325,1.972956155951393,-0.012702095031738247,1.3820692350239044e-32,3.2405486095764824e-37
0.7435,1.973332750585909,-0.012708431243896534,1.5834555366995662e-32,3.7107620392229324e-37
0.74375,1.9737191259856568,-0.012696170806884788,1.8140479824730453e-32,4.249210456261217e-37
0.744,1.9741283239284526,-0.01265625381469726,2.0780619374426934e-32,4.866358405705698e-37
0.74425,1.9745310902317543,-0.012648284912109342,2.3803182249937488e-32,5.570218733446214e-37
0.7445,1.9749571204357905,-0.012606460571289113,2.7263296617445406e-32,6.375126442782051e-37
0.74475,1.9753648490680278,-0.012600399017334007,3.122399898747617e-32,7.294490273884351e-37
0.745,1.975741812024407,-0.012601966857910152,3.575736310177471e-32,8.349691505443326e-37
0.74525,1.9761289360061327,-0.012586368560790984,4.094578915827337e-32,9.55521899315996e-37
0.7455,1.9765253292948448,-0.01256981658935552,4.688347603171218e-32,1.093374490823952e-36
0.74575,1.9769158772248634,-0.01257519912719729,5.367810233258186e-32,1.2513401377016554e-36
0.746,1.9773539054062055,-0.012534328460693356,6.145274577785277e-32,1.4316428802509272e-36
0.74625,1.9777559465991157,-0.01253446578979489,7.034807448498945e-32,1.6377708339595784e-36
0.7465,1.978127047466565,-0.012541755676269584,8.052484851675186e-32,1.8737772716835637e-36
0.74675,1.978527279302184,-0.01252520370483401,9.216677537851108e-32,2.1443627797716834e-36
0.747,1.978934207401123,-0.012499114990234372,1.0548376929379178e-31,2.452878498988075e-36
0.74725,1.979347874105672,-0.012466350555419892,1.207156710609555e-31,2.805174822811061e-36
0.7475,1.979737192749298,-0.01246696472167974,1.3813649324351287e-31,3.2086083498151914e-36
0.74775,1.9801343997898293,-0.012435153961181666,1.5805926450236543e-31,3.6688068944915795e-36
0.748,1.9805233669038678,-0.012423370361328123,1.8084155719432065e-31,4.194328244869852e-36
0.74825,1.9809161062839749,-0.012398712158203096,2.068917941106852e-31,4.794614834739142e-36
0.7485,1.9813211644386688,-0.012368808746337945,2.366764436126234e-31,5.4813251229073686e-36
0.74875,1.981745448116555,-0.01232936859130862,2.707282276598634e-31,6.263046025804974e-36
0.749,1.982133987422244,-0.012321876525878905,3.096554845845937e-31,7.155861520217313e-36
0.74925,1.9825383292705612,-0.012307231903076143,3.541528482231652e-31,8.177634731014348e-36
0.7495,1.9829381532175157,-0.01229973983764654,4.050134275185248e-31,9.343217413884819e-36
0.74975,1.9833553249383171,-0.012294155120849637,4.63142696320266e-31,1.0674998958759477e-35
0.75,1.983764951784677,-0.012261390686035156,5.295743322701911e-31,1.2195779423418384e-35
0.75025,1.9841963861802023,-0.012242454528808566,6.0548827685175e-31,1.3933616311774363e-35
0.7505000000000001,1.9845863515656301,-0.012234485626220759,6.922313264632936e-31,1.591442030114809e-35
0.75075,1.9849883934652004,-0.012235099792480497,7.913406073692525e-31,1.81791502880016e-35
0.751,1.985393870978692,-0.012208057403564454,9.045703363161761e-31,2.0769402219270672e-35
0.75125,1.9858164815641244,-0.012177677154540989,1.033922324280451e-30,2.3720095374695878e-35
0.7515000000000001,1.9862172045171336,-0.01216637039184576,1.1816807441658878e-30,2.7085023191987415e-35
0.75175,1.9865911527212665,-0.012178428649902373,1.3504517553526772e-30,3.093859540093864e-35
0.752,1.9870309115946336,-0.012138511657714846,1.5432086600003725e-30,3.532604253096694e-35
0.75225,1.987435619114983,-0.012120529174804662,1.7633433592867974e-30,4.032854532799638e-35
0.7525000000000001,1.9878354801571074,-0.012113037109375058,2.014724983871378e-30,4.604145699328349e-35
0.75275,1.9882240125543402,-0.012110313415527374,2.3017666935525996e-30,5.257702598567284e-35
0.753,1.9885868946794498,-0.012135723114013675,2.629501778331249e-30,6.003676979656286e-35
0.75325,1.9889932474821945,-0.012109634399414038,3.0036703491709894e-30,6.855417850610533e-35
0.7535000000000001,1.989428481718054,-0.012087360382080137,3.4308180842156465e-30,7.828086795701382e-35
0.75375,1.989804728305121,-0.012104187011718781,3.918408698013375e-30,8.936640324446134e-35
0.754,1.990209255587749,-0.012082389831542972,4.4749520307062556e-30,1.0203014663767848e-34
0.75425,1.9906512940212284,-0.012054393768310523,5.1101499149436405e-30,1.164640853846365e-34
0.7545000000000001,1.9910764425993248,-0.012043087005615294,5.835062274742154e-30,1.3293345911789186e-34
0.75475,1.9915016680607116,-0.012019859313964876,6.662296247469373e-30,1.516961879354132e-34
0.755,1.9918952168569224,-0.012011890411376958,7.60622150311364e-30,1.7309028306715466e-34
0.75525,1.9923387224003308,-0.01195528411865232,8.683215370218981e-30,1.9748354098188383e-34
0.7555000000000001,1.992780413898433,-0.011924427032470764,9.911941872456304e-30,2.251916814212042e-34
0.75575,1.9931821421096552,-0.011913120269775423,1.1313669341750391e-29,2.567497074431569e-34
0.756,1.9935982490497417,-0.011869388580322271,1.2912631912396733e-29,2.9268237538848976e-34
0.75625,1.9940049387816858,-0.011853790283203103,1.4736440925965764e-29,3.3370288904941045e-34
0.7565000000000001,1.9944313006819205,-0.011831516265869202,1.681655310081769e-29,3.803504942693318e-34
0.75675,1.9948247221271513,-0.01183832931518558,1.9188803256035392e-29,4.335284660358824e-34
0.757,1.9952480229927079,-0.011823207855224616,2.1894010442733857e-29,4.942883390943569e-34
0.75725,1.995632359237554,-0.011825252532958963,2.4978667543025443e-29,5.633825033547192e-34
0.7575000000000001,1.996036267442936,-0.011812992095947328,2.8495725768078535e-29,6.422300248845345e-34
0.75775,1.996446635501571,-0.011787857055664097,3.2505487043659675e-29,7.320709860168269e-34
0.758,1.9968613261680765,-0.011790378570556648,3.7076619039307676e-29,8.345244501516105e-34
0.75825,1.9972680043046813,-0.011780025482177714,4.2287309604358165e-29,9.512189920144567e-34
0.7585000000000001,1.9976840023975817,-0.011755367279052797,4.8226579652513664e-29,1.0841546252507635e-33
0.75875,1.9981010128450845,-0.011727848052978551,5.499577612313022e-29,1.2356389260018158e-33
0.759,1.9984903126306048,-0.01171797180175782,6.271026958306781e-29,1.4079737520896962e-33
0.75925,1.9989201190344423,-0.011704280853271465,7.15013843649845e-29,1.6041546181638844e-33
0.7595000000000001,1.9993223031467768,-0.011691066741943423,8.151859291935436e-29,1.8275339739580224e-33
0.75975,1.9997417846184111,-0.011683574676513708,9.2932010348405e-29,2.082319235406019e-33
0.76,2.0001738911461,-0.011665592193603525,1.0593522995931695e-28,2.371933640548646e-33
0.76025,2.000561036736875,-0.011671451568603497,1.2074854619822687e-28,2.7019060951707527e-33
0.7605000000000001,2.000963289456765,-0.011673019409179752,1.3762261759388895e-28,3.078943429002529e-33
0.76075,2.0014001751974932,-0.011648838043212928,1.568426294496177e-28,3.5074663500113946e-33
0.761,2.0018198048350886,-0.011625133514404307,1.78733024087006e-28,3.994630885568602e-33
0.76125,2.0022810276582597,-0.011596183776855451,2.036628755914439e-28,4.548403347220922e-33
0.7615000000000001,2.0027140635303256,-0.011583446502685613,2.3205199638419853e-28,5.179414743291114e-33
0.76175,2.0031672553712743,-0.011556880950927773,2.643778747096374e-28,5.896034465676196e-33
0.762,2.0036008617820005,-0.011521732330322276,3.0118355546692e-28,6.70972388529574e-33
0.76225,2.0040549668760996,-0.011500888824462874,3.43086591940889e-28,7.637903791446869e-33
0.7625000000000001,2.004496105786403,-0.011464786529541082,3.9078921313599833e-28,8.689007449104027e-33
0.76275,2.0048989504048462,-0.011469692230224648,4.450898708581952e-28,9.884824786415664e-33
0.763,2.0053004706341064,-0.011488426208496105,5.068963527275451e-28,1.1247787055091712e-32
0.76325,2.005727212559719,-0.011458999633789047,5.772406722833772e-28,1.2802042960030753e-32
0.7635000000000001,2.0061162193356026,-0.011468196868896552,6.572959756550277e-28,1.4567874369722132e-32
0.76375,2.0065282882354243,-0.01146738052368168,7.483957363551427e-28,1.6578447527825371e-32
0.764,2.0069478919696913,-0.011453212738037122,8.52055546112164e-28,1.887127487191925e-32
0.76425,2.007382479807453,-0.01143713760375975,9.699978508526835e-28,2.147365026025746e-32
0.7645000000000001,2.007811481920802,-0.011442996978759834,1.1041800276242529e-27,2.4434269496246434e-32
0.76475,2.0082189983255843,-0.0114479026794434,1.2568262511269399e-27,2.780625345416723e-32
0.765,2.0086765785584024,-0.011438980102539076,1.4304636584286492e-27,3.1650538125697446e-32
0.76525,2.0090875574226703,-0.011429103851318345,1.627963388290407e-27,3.6014651552853675e-32
0.7655000000000001,2.009506255558794,-0.011413982391357491,1.8525871483848547e-27,4.097812101222732e-32
0.76575,2.0099247376065925,-0.011400768280029339,2.108040050730022e-27,4.6625885325207867e-32
0.766,2.010337980962573,-0.011411872863769545,2.3985305542284806e-27,5.303835060835486e-32
0.76625,2.010772046200282,-0.011386260986328112,2.7288384648150647e-27,6.033734320001557e-32
0.7665000000000001,2.0112001824315375,-0.011372093200683664,3.104392070090041e-27,6.863489244984382e-32
0.76675,2.011655782892692,-0.011339328765869183,3.531355628391264e-27,7.804120537732268e-32
0.767,2.012051962384896,-0.011360446929931656,4.016728594229932e-27,8.873446501211114e-32
0.76725,2.0124789333836532,-0.01133769607543944,4.5684581453607376e-27,1.0089832491052499e-31
0.7675000000000001,2.012876937096596,-0.011347846984863352,5.1955667842815235e-27,1.1474615597881429e-31
0.76775,2.0133001237695463,-0.011349414825439497,5.908297021835009e-27,1.3046533916167165e-31
0.768,2.0137148648971914,-0.011334770202636735,6.718275416383924e-27,1.4832467040524818e-31
0.76825,2.014168080373511,-0.011330139160156238,7.63869854281693e-27,1.6867165019989623e-31
0.7685,2.014591094040181,-0.011312633514404258,8.684543805973782e-27,1.9173718632985453e-31
0.76875,2.0150385924130183,-0.011285591125488326,9.872808398132449e-27,2.178778991751955e-31
0.769,2.01545648779368,-0.01126284027099611,1.1222780135819748e-26,2.475498029244084e-31
0.76925,2.015933392527015,-0.011214340209960927,1.2756344403982556e-26,2.8121312874995063e-31
0.7695,2.0163626009722586,-0.011218292236328087,1.4498331992936442e-26,3.1935445168101816e-31
0.76975,2.0168003345306436,-0.011212707519531295,1.6476913243942852e-26,3.6270660436919654e-31
0.77,2.0172324191478976,-0.011194248199462908,1.8724044632203828e-26,4.120072088892242e-31
0.77025,2.0176646703027155,-0.011185325622558584,2.1275974722329902e-26,4.678804127666202e-31
0.7705,2.018072791254459,-0.011195476531982385,2.41738173429602e-26,5.313481040443689e-31
0.77075,2.018520633685094,-0.011200859069824265,2.746420085797354e-26,6.0348597251839354e-31
0.771,2.018972446503473,-0.01114759063720705,3.1200003577035236e-26,6.854188048817642e-31
0.77125,2.0194104105114286,-0.011123886108398429,3.544118666559248e-26,7.780183375911076e-31
0.7715,2.0198533206189273,-0.011114963531494104,4.025573740341814e-26,8.830237668811388e-31
0.77175,2.0203006102908128,-0.011101749420166063,4.57207373239133e-26,1.0023982773427801e-30
0.772,2.0207394010416904,-0.011071369171142598,5.192357166842595e-26,1.1375021279194587e-30
0.77225,2.02118657643381,-0.011059585571289055,5.896329873943426e-26,1.2905561071030334e-30
0.7725,2.02163568941657,-0.011031112670898402,6.695220016525022e-26,1.4640797364996952e-30
0.77275,2.0220542215614956,-0.011035541534423876,7.601753583340073e-26,1.6613366786739403e-30
0.773,2.0225028324285557,-0.011008499145507833,8.630353035030917e-26,1.8846063146061192e-30
0.77325,2.0229453607486723,-0.010978118896484368,9.797362138771112e-26,2.1375378413986733e-30
0.7735,2.023395011138781,-0.01095489120483395,1.1121300423267152e-25,2.4240912193917864e-30
0.77375,2.0238364477278177,-0.010934524536132861,1.2623151132727883e-25,2.7483890174192747e-30
0.774,2.024273098199198,-0.010941814422607443,1.432668706311605e-25,3.1163227171985983e-30
0.77425,2.0247372533857924,-0.010909526824951166,1.625883923402798e-25,3.533072294128004e-30
0.7745,2.025172004305749,-0.01090489578247067,1.8450113993136748e-25,4.006575932465323e-30
0.77475,2.025609894364929,-0.010911708831787159,2.093506487695737e-25,4.542858685333535e-30
0.775,2.0260458463821354,-0.010901832580566428,2.3752826372133926e-25,5.151010909401838e-30
0.77525,2.026458114019464,-0.010896247863769526,2.6947717647819753e-25,5.841621728483518e-30
0.7755,2.026890201418416,-0.010906398773193327,3.0569925375296855e-25,6.624136344125929e-30
0.77575,2.0273262726683097,-0.010877925872802785,3.46762759312563e-25,7.511286725156845e-30
0.776,2.027776992757187,-0.01086137390136721,3.9331108613203464e-25,8.514959157020443e-30
0.77625,2.0282121199556125,-0.010852451324462886,4.460726299875464e-25,9.654000216578243e-30
0.7765,2.0286614716034195,-0.010853542327880827,5.058719527692167e-25,1.0944710590611481e-29
0.77675,2.029115399823814,-0.010812194824218802,5.736424029359524e-25,1.2405680773853031e-29
0.777,2.0295905541877612,-0.010787536621093774,6.504403821298853e-25,1.4058701143206863e-29
0.77725,2.0299993477740275,-0.010792919158935543,7.374614713317517e-25,1.5926343635282107e-29
0.7775,2.0304426212557933,-0.01077207565307614,8.36058657420262e-25,1.804366164388487e-29
0.77775,2.0308556151407062,-0.010767444610595756,9.47762932000295e-25,2.043930286622865e-29
0.778,2.0312985108707253,-0.010746601104736353,1.0743065693258039e-24,2.3156842792886317e-29
0.77825,2.0317529892011956,-0.010723373413085935,1.2176494295766848e-24,2.6226466890147753e-29
0.7785,2.0321841462357666,-0.010718742370605439,1.380008678210386e-24,2.9701773621016064e-29
0.77875,2.032627503524971,-0.01071506500244146,1.5638923622486217e-24,3.364566768569287e-29
0.779,2.0330922416880095,-0.01067181015014651,1.772137340885786e-24,3.8097615041164135e-29
0.77925,2.0335559908455725,-0.010648105621337889,2.007952131536717e-24,4.312796954005091e-29
0.7795,2.034011433911667,-0.010635845184326143,2.274965304277329e-24,4.8812641711369113e-29
0.77975,2.034451708785248,-0.010623107910156304,2.5772801386127818e-24,5.52658176247019e-29
0.78,2.0348809415464233,-0.010618476867675808,2.919536347771519e-24,6.254791537346929e-29
0.78025,2.0353223313815025,-0.010613845825195312,3.3069797785850138e-24,7.079322128198203e-29
0.7805,2.0357632422436436,-0.010614936828613253,3.745541110916927e-24,8.015035496034098e-29
0.78075,2.036239300339559,-0.010586463928222711,4.2419247112154134e-24,9.072809557459134e-29
0.781,2.036687435792257,-0.010577064514160184,4.803708941910206e-24,1.026715423351212e-28
0.78125,2.0371304825118264,-0.010553359985351562,5.439459394164561e-24,1.1617391940314435e-28
0.7815,2.0375607094333663,-0.010540622711181613,6.158856698232899e-24,1.3147304331181668e-28
0.7817500000000001,2.0380371084097826,-0.010505950927734431,6.972840776045804e-24,1.4871079375969229e-28
0.782,2.038501883898672,-0.010467464447021513,7.893773637560865e-24,1.6816001093212403e-28
0.78225,2.0389551798263232,-0.01046331024169922,8.935623089253419e-24,1.901771351602854e-28
0.7825,2.0394104631016328,-0.01045057296752927,1.0114170023594632e-23,2.150164915477644e-28
0.7827500000000001,2.0398839096275476,-0.01041160964965826,1.1447242296700666e-23,2.430895595704407e-28
0.783,2.0403965838615337,-0.010365493774414092,1.29549785822879e-23,2.7475693406924556e-28
0.78325,2.0408154293288154,-0.010365631103515627,1.4660126018924437e-23,3.1049733761088323e-28
0.7835,2.0412430609898204,-0.010365291595458959,1.6588375950356903e-23,3.5085983638214602e-28
0.7837500000000001,2.0416951492304394,-0.010348739624023495,1.8768742602110975e-23,3.965629290563632e-28
0.784,2.042164311350482,-0.010334095001220733,2.123399014920681e-23,4.482804120655469e-28
0.78425,2.0426304014310723,-0.010308959960937503,2.4021114318168597e-23,5.064965302973919e-28
0.7845,2.0430677263645034,-0.010305759429931616,2.7171885441119013e-23,5.723345809797629e-28
0.7847500000000001,2.0435055854498065,-0.010315910339355527,3.073346075133949e-23,6.469636963147368e-28
0.785,2.0439564359484335,-0.010295543670654328,3.47590746903489e-23,7.311756739688302e-28
0.78525,2.044416794885282,-0.01027994537353516,3.9308817099831757e-23,8.26214899598078e-28
0.7855,2.044885893880032,-0.01024431991577146,4.445051041277163e-23,9.333997167722465e-28
0.7857500000000001,2.0453428730470162,-0.010230628967285216,5.026069835421891e-23,1.0546610052254818e-27
0.786,2.045837683868884,-0.010185943603515657,5.682576023219252e-23,1.1908954613381364e-27
0.78625,2.0462938478292325,-0.010173206329345708,6.424316666502502e-23,1.3447583472322326e-27
0.7865,2.046775198482809,-0.010148071289062477,7.262289457713702e-23,1.5185018798508588e-27
0.7867500000000001,2.0472312037878035,-0.010119598388671935,8.208902152795196e-23,1.714185431911428e-27
0.787,2.0477010290414164,-0.01011353683471683,9.278152194903577e-23,1.935006125809094e-27
0.78725,2.048127835529511,-0.010103660583496099,1.0485829068673847e-22,2.184164234155489e-27
0.7875,2.04858816609534,-0.010097599029540993,1.1849742242001808e-22,2.4661248797582575e-27
0.7877500000000001,2.049079727497176,-0.010071033477783264,1.3389977908925603e-22,2.7838795368584587e-27
0.788,2.0495094457713474,-0.010084522247314487,1.512918814795857e-22,3.1425239314389103e-27
0.78825,2.049992721962215,-0.010069877624511725,1.709291656066155e-22,3.548361265191821e-27
0.7885,2.0504796078480285,-0.01005475616455076,1.930996496137172e-22,4.005524856745008e-27
0.7887500000000001,2.0509277900858427,-0.010047740936279359,2.181280625773147e-22,4.5213103912265506e-27
0.789,2.0513651930292713,-0.010022129058837925,2.463804930064057e-22,5.10241858473705e-27
0.78925,2.0518408138645343,-0.009998424530029304,2.7826962200070134e-22,5.759338363089829e-27
0.7895,2.0523128970701534,-0.009991409301757792,3.142606140956451e-22,6.498132677289441e-27
0.7897500000000001,2.0527601873253394,-0.00999488449096686,3.548777478795973e-22,7.332203435473634e-27
0.79,2.053222684504037,-0.009988346099853551,4.007118786410371e-22,8.276074458374183e-27
0.79025,2.053690115550435,-0.009982284545898445,4.52428836727698e-22,9.340034942282927e-27
0.7905,2.0541927298267693,-0.009956672668457012,5.107788781271909e-22,1.0537930931142617e-26
0.7907500000000001,2.0546674896308943,-0.009940120697021548,5.766073181827621e-22,1.1887436864551239e-26
0.791,2.055149660480962,-0.009922138214111365,6.508664955290364e-22,1.3410048094471767e-26
0.79125,2.0555964401278457,-0.00988269805908204,7.346292314868678e-22,1.5122452223020504e-26
0.7915,2.056082326673264,-0.009882358551025372,8.2910397053455275e-22,1.7052546565215145e-26
0.7917500000000001,2.05655644729913,-0.00987200546264655,9.356518103461418e-22,1.9232149547644248e-26
0.792,2.0570158844987074,-0.00987309646606449,1.0558056555576576e-21,2.1684370405605667e-26
0.79225,2.0574887008247744,-0.009857975006103525,1.1912917582318458e-21,2.4450939734268176e-26
0.7925,2.0579721630752568,-0.009833316802978498,1.3440539403147364e-21,2.756258183765136e-26
0.7927500000000001,2.058448482768588,-0.009804843902587956,1.5162808296513226e-21,3.1073217086682316e-26
0.793,2.0589082391067386,-0.009804027557373085,1.7104364818150503e-21,3.5020058299831486e-26
0.79325,2.0594170417924236,-0.009774124145507823,1.92929480565759e-21,3.946755523724064e-26
0.7935,2.059883286773159,-0.009765678405761702,2.1759782616858055e-21,4.4485774464299385e-26
0.7937500000000001,2.060361934023946,-0.009759140014648504,2.4540013598042655e-21,5.012955534396096e-26
0.794,2.0608258129678365,-0.009762138366699258,2.7673195473690757e-21,5.648919626276071e-26
0.79425,2.0613168740548837,-0.009744632720947277,3.120384150725376e-21,6.365518665772164e-26
0.7945,2.0617503890460567,-0.009756214141845687,3.518204114387203e-21,7.174535397319678e-26
0.7947500000000001,2.062249064060329,-0.009732032775878974,3.966415372821503e-21,8.084787605364927e-26
0.795,2.0627022940454545,-0.009739799499511759,4.471358791592599e-21,9.110105448213223e-26
0.79525,2.0631740059218275,-0.009732784271240247,5.0401677287439296e-21,1.026775093588895e-25
0.7955,2.0636588372854003,-0.009709556579589829,5.680866395189569e-21,1.156855388749552e-25
0.7957500000000001,2.0641664163541282,-0.009687759399414131,6.402480336254797e-21,1.3030982130625506e-25
0.796,2.0646252227342825,-0.009697910308837931,7.21516051715695e-21,1.4677292801525843e-25
0.79625,2.0651090286020226,-0.009679450988769545,8.130322675243523e-21,1.6535202281360137e-25
0.7965,2.065597625929786,-0.009666713714599595,9.160803803521878e-21,1.862264630424153e-25
0.7967500000000001,2.0660720664168952,-0.009654930114746163,1.0321037856005008e-20,2.097163868368484e-25
0.797,2.0665641877439573,-0.009636470794677776,1.1627253018576181e-20,2.362168714555946e-25
0.79725,2.0670694581107028,-0.009591308593750014,1.3097693172670018e-20,2.658918594882192e-25
0.7975,2.067556807263852,-0.009589538574218737,1.47528664967005e-20,2.992262023719879e-25
0.7977500000000001,2.06804289670929,-0.00958156967163093,1.6615824505919832e-20,3.3684803593489234e-25
0.798,2.0685310169445508,-0.009563587188720746,1.8712475229762296e-20,3.790538827967039e-25
0.79825,2.069023591404442,-0.00953463745117189,2.1071934671818154e-20,4.265150662936755e-25
0.7985,2.0695158691562483,-0.009519515991210925,2.3726921197019805e-20,4.79761196578757e-25
0.7987500000000001,2.0700099716711753,-0.009500579833984446,2.6714198049780646e-20,5.39710584487649e-25
0.799,2.070494494831303,-0.009470676422119184,3.0075069832759615e-20,6.069525003983002e-25
0.79925,2.070952920827624,-0.009479873657226578,3.3855939476548644e-20,6.826293334410553e-25
0.7995,2.0714456159382384,-0.009462844848632801,3.8108933014708735e-20,7.678183403511581e-25
0.7997500000000001,2.0719257945976937,-0.009458213806152416,4.2892600356171064e-20,8.634294732100277e-25
0.8,2.072397156683696,-0.009463596343994185,4.8272701228952337e-20,9.710415759699647e-25
0.80025,2.072900743780666,-0.009444660186767595,5.432308656798692e-20,1.0920365790446358e-24
0.8005,2.073372022420873,-0.009441459655761708,6.112668684903793e-20,1.2282107068254353e-24
0.80075,2.0738311193360035,-0.0094501800537109,6.877662024596306e-20,1.3813594694798536e-24
0.801,2.0743397053649817,-0.009414554595947311,7.7377435026867e-20,1.553397902388727e-24
0.80125,2.074850266330486,-0.00939085006713869,8.704650232512049e-20,1.746622965796087e-24
0.8015,2.0753189804085403,-0.00937954330444335,9.791557734564015e-20,1.9630714261833726e-24
0.80175,2.0758238994494618,-0.00932865905761715,1.1013254921843575e-19,2.2060760668421507e-24
0.802,2.0763033798351556,-0.009319259643554734,1.2386340211759071e-19,2.4785816416924135e-24
0.80225,2.0767843008639297,-0.009299369812011737,1.3929441295402615e-19,2.7850271922071546e-24
0.8025,2.077272045373336,-0.009293785095214835,1.5663461395772272e-19,3.1280811197133872e-24
0.80275,2.0777483612328105,-0.009282001495361292,1.7611855182707127e-19,3.5137841420825404e-24
0.803,2.078231275415951,-0.009250667572021531,1.9800937888060235e-19,3.946874995118379e-24
0.80325,2.078714484061047,-0.009219810485839863,2.226023158461487e-19,4.4316799341868886e-24
0.8035,2.0791883298359233,-0.00922948455810546,2.502285306158722e-19,4.976321132448555e-24
0.80375,2.079632985016872,-0.009235820770263636,2.8125948253976644e-19,5.588713506915069e-24
0.804,2.080120559828237,-0.009208301544189501,3.1611178769016006e-19,6.277960244389967e-24
0.80425,2.08062521679558,-0.00918316650390627,3.552526670759633e-19,7.04790718849366e-24
0.8045,2.081116388396303,-0.009181396484374993,3.992060470987072e-19,7.912070682460348e-24
0.80475,2.0815980803169567,-0.00916961288452145,4.485593897104634e-19,8.88592220212316e-24
0.805,2.0820799150607607,-0.009174518585205127,5.039713388578326e-19,9.976098660058081e-24
0.80525,2.0825998610297947,-0.009118865966796896,5.661802799839387e-19,1.1197406527278802e-23
0.8055,2.083053606561139,-0.009118049621582025,6.360139207393837e-19,1.2565700455584953e-23
0.80575,2.0835082902947732,-0.009131538391113247,7.144000137543637e-19,1.410766664766838e-23
0.806,2.0840143605608876,-0.009121185302734425,8.023783565097896e-19,1.583605233548142e-23
0.80625,2.0845003778255986,-0.009127998352050803,9.011142191758411e-19,1.7775956415654833e-23
0.8065,2.0849914601345882,-0.009127182006835932,1.0119133689620744e-18,1.9957815847000328e-23
0.80675,2.085493273896935,-0.009114921569824186,1.1362388792468162e-18,2.2401977965830639e-23
0.807,2.0859606681740406,-0.009121257781982473,1.2757299337695606e-18,2.514806888697447e-23
0.80725,2.0864538932651344,-0.009122348785400414,1.4322228607351282e-18,2.823069624256145e-23
0.8075,2.0869458302639847,-0.009111518859863277,1.6077746590895546e-18,3.1695453510177374e-23
0.80775,2.0874392575421044,-0.009091152191162077,1.8046893098093272e-18,3.5569728283036504e-23
0.808,2.0879441914511334,-0.009078414916992239,2.0255471991621326e-18,3.99095299440368e-23
0.80825,2.0884252541537105,-0.009072353363037133,2.2732380189530834e-18,4.478666638022562e-23
0.8085,2.0889257948694557,-0.009053894042968746,2.5509975512181272e-18,5.024696135512774e-23
0.80875,2.0894577470417177,-0.00901731491088864,2.8624487921623474e-18,5.635475353472243e-23
0.809,2.0899612516263106,-0.009004577636718802,3.211647922932448e-18,6.31865018677187e-23
0.80925,2.0904842640799854,-0.008988025665283228,3.603135693671543e-18,7.084657057029462e-23
0.8095,2.090957851142932,-0.008979103088378904,4.041994852933884e-18,7.940629061100262e-23
0.80975,2.0915004066589375,-0.008932987213134735,4.533914327693376e-18,8.89943580815524e-23
0.81,2.091983573498305,-0.008938846588134819,5.085260940736452e-18,9.974736384272892e-23
0.81025,2.0924835812200766,-0.008931354522705104,5.7031595431221265e-18,1.1177668870894578e-22
0.8105,2.0930262467248766,-0.008910511016845701,6.395582540703915e-18,1.2523757066896407e-22
0.81075,2.0934980328778754,-0.008909217834472627,7.171449906583733e-18,1.403299952016797e-22
0.811,2.093985245046343,-0.00890887832641607,8.040740897172587e-18,1.572808350984253e-22
0.81125,2.0945103236927123,-0.008888034820556667,9.014618829659325e-18,1.7621646139112597e-22
0.8115,2.0950716772842957,-0.008842872619628905,1.0105570434839576e-17,1.973724725202684e-22
0.81175,2.0955991578534667,-0.008833950042724581,1.1327561473142826e-17,2.210546185086258e-22
0.812,2.096076905084296,-0.008841716766357477,1.2696210495428547e-17,2.475495304244649e-22
0.81225,2.0965689485393124,-0.008822303771972684,1.4228982845831925e-17,2.7722566240765113e-22
0.8125,2.0970400507042175,-0.008822917938232422,1.59454072441975e-17,3.104087481207264e-22
0.81275,2.097528294260881,-0.008819717407226535,1.7867317553110625e-17,3.477124681921779e-22
0.8130000000000001,2.098017651059103,-0.008806980133056697,2.0019122632373304e-17,3.8938751582065813e-22
0.81325,2.098564747223276,-0.008781845092773466,2.242810751531055e-17,4.359273346548275e-22
0.8135,2.0990874392352055,-0.00875289535522461,2.5124769510365693e-17,4.880753214738873e-22
0.81375,2.0995384171544416,-0.008766860961914036,2.8143193242180996e-17,5.463500431682433e-22
0.8140000000000001,2.1000722339082003,-0.008730758666992244,3.152146910354674e-17,6.11452522339294e-22
0.81425,2.1005600537776994,-0.008724220275878936,3.5302160098285136e-17,6.843625059915556e-22
0.8145,2.101073534716755,-0.00871958923339844,3.953282262120243e-17,7.659065600281687e-22
0.81475,2.1015913148584016,-0.008687301635742162,4.4266587350970974e-17,8.569339359147724e-22
0.8150000000000001,2.102086774871755,-0.00868171691894537,4.956280713239501e-17,9.586808110807085e-22
0.81525,2.102582395660818,-0.00867803955078128,5.548777950378687e-17,1.0727475933598655e-21
0.8155,2.10310701685255,-0.008648136138916018,6.211555239192607e-17,1.199837944527732e-21
0.81575,2.1035953242668937,-0.0086554260253906,6.952882246096368e-17,1.3420797954746503e-21
0.8160000000000001,2.1041100221909548,-0.008642688751220762,7.781993667350599e-17,1.5013604358600585e-21
0.81625,2.104596321582263,-0.00864950180053714,8.709200881388787e-17,1.679481290872302e-21
0.8165,2.1051414168868905,-0.008635334014892582,9.746016404867487e-17,1.8785576247971706e-21
0.81675,2.1056927461303383,-0.008610198974609351,1.0905292607227624e-16,2.100722272541186e-21
0.8170000000000001,2.1062328388318714,-0.008566944122314513,1.2201376302284236e-16,2.3489510900078824e-21
0.81725,2.106806117411077,-0.008513198852539094,1.3650281017321175e-16,2.6242809524499066e-21
0.8175,2.107347200210496,-0.008496170043945317,1.5269878942389963e-16,2.931394482455975e-21
0.81775,2.1078912030302233,-0.008480094909667946,1.7080114787198608e-16,3.2744919684603353e-21
0.8180000000000001,2.108447836883693,-0.008466880798339904,1.9103244022655994e-16,3.657241079504589e-21
0.81825,2.1089365133148648,-0.008467971801757845,2.1364098261478427e-16,4.084809133581062e-21
0.8185,2.1094387042836065,-0.008456665039062505,2.3890380840393047e-16,4.562612229323742e-21
0.81875,2.1099488472166548,-0.008428192138671853,2.671299600866158e-16,5.09635182297277e-21
0.8190000000000001,2.1104426571205903,-0.008440250396728577,2.9866415507740106e-16,5.692138228282026e-21
0.81925,2.110942666737712,-0.008440864562988315,3.338908674894232e-16,6.3587889559926005e-21
0.8195,2.1115030227155036,-0.008410961151123053,3.732388726465106e-16,7.103532252428392e-21
0.81975,2.111988373863513,-0.008427787780761697,4.1718630628871646e-16,7.933758001208328e-21
0.8200000000000001,2.1125114767500355,-0.008401222229003968,4.662662962064021e-16,8.862695389631994e-21
0.82025,2.1130610180458205,-0.008366073608398472,5.210732304488265e-16,9.895820574464076e-21
0.8205,2.113598356660371,-0.008332355499267585,5.822697333704262e-16,1.1047734423168784e-20
0.82075,2.114131032939151,-0.008308650970458964,6.505944286749446e-16,1.2328542155649812e-20
0.8210000000000001,2.1146746633909106,-0.00827064132690436,7.268705773816557e-16,1.3754148708349142e-20
0.82125,2.115187449366796,-0.00825933456420902,8.120156883614969e-16,1.5345675216672745e-20
0.8215,2.1157046518507077,-0.008247550964355477,9.070522098794153e-16,1.7117285713015624e-20
0.82175,2.1162157093965845,-0.008255794525146465,1.0131194225446956e-15,1.909612555298912e-20
0.8220000000000001,2.1167460507303977,-0.008233997344970767,1.131486667346331e-15,2.130376923462586e-20
0.82225,2.1172861800851805,-0.00822936630249027,1.2635680571706584e-15,2.3771566307738588e-20
0.8225,2.1178435886519154,-0.008206138610839853,1.4109388365243422e-15,2.6515430479429033e-20
0.82275,2.1183921463215185,-0.008165744781494122,1.5753535722866837e-15,2.9565011769537003e-20
0.8230000000000001,2.1189416704792805,-0.008148239135742252,1.7587663783864817e-15,3.296966620630803e-20
0.82325,2.1194718458229493,-0.008146469116210975,1.9633533995448387e-15,3.6755330623352173e-20
0.8235,2.1200481130602147,-0.008116565704345713,2.1915378038909603e-15,4.097351129625939e-20
0.82375,2.1206046069794646,-0.008077125549316388,2.446017561588277e-15,4.565719977547854e-20
0.8240000000000001,2.1211575077319678,-0.008048652648925847,2.7297963169039187e-15,5.087344047805618e-20
0.82425,2.1216671358487753,-0.008057849884033241,3.0462176947179996e-15,5.668025261449229e-20
0.8245,2.122208744777746,-0.008041297912597667,3.399003419665711e-15,6.315586478952598e-20
0.82475,2.122744411535855,-0.008025699615478499,3.792295667300655e-15,7.038076052249049e-20
0.8250000000000001,2.123258730299791,-0.008018207550048895,4.2307041123184795e-15,7.841321648129865e-20
0.82525,2.123779844454321,-0.007998794555664102,4.7193581894244745e-15,8.736059349396849e-20
0.8255,2.124318276720694,-0.00799940872192384,5.26396513842616e-15,9.733815524046298e-20
0.82575,2.1248490627814616,-0.007979995727539047,5.870874467119869e-15,1.084554601867088e-19
0.8260000000000001,2.1253851477466914,-0.00797679519653327,6.547149534198354e-15,1.208232947754262e-19
0.82625,2.125948038672666,-0.007937355041503946,7.300647030399637e-15,1.345763414944626e-19
0.8265,2.1265017802377555,-0.007906974792480481,8.140105220260396e-15,1.4987171535626057e-19
0.82675,2.127056210536712,-0.00789233016967772,9.075241899949261e-15,1.6684183668464495e-19
0.8270000000000001,2.127578260495314,-0.007895328521728584,1.0116863129734148e-14,1.8576229163345187e-19
0.82725,2.1281236576181524,-0.007879253387451213,1.1276983913688058e-14,2.0682967690913051e-19
0.8275,2.128684381826236,-0.007855072021484388,1.2568962125437719e-14,2.303137876260884e-19
0.82775,2.129197108699053,-0.007859500885009751,1.4007647118396023e-14,2.563936538755121e-19
0.8280000000000001,2.1297293210762263,-0.007856300354003976,1.5609544613367793e-14,2.85454084592633e-19
0.82825,2.1303105638771997,-0.007812568664550823,1.739299962728552e-14,3.1778588068840917e-19
0.8285,2.130849897425069,-0.007797924041748061,1.9378399395805888e-14,3.5363892677904114e-19
0.82875,2.1313922160510925,-0.007791385650634752,2.158839845143704e-14,3.935052590947509e-19
0.8290000000000001,2.13195471779948,-0.007772926330566476,2.4048168249981373e-14,4.379622146749542e-19
0.82925,2.1324875528044487,-0.007769248962402386,2.6785673993512223e-14,4.872390340310203e-19
0.8295,2.1330289747690347,-0.007771293640136734,2.98319815805748e-14,5.42147455376975e-19
0.82975,2.1336215199466766,-0.007726131439208972,3.3221597926445794e-14,6.03150843494284e-19
0.8300000000000001,2.1341887197253357,-0.007698612213134837,3.6992848241352026e-14,6.709268798230753e-19
0.83025,2.134749019332743,-0.007688735961914106,4.118829423585209e-14,7.460745898083281e-19
0.8305,2.1353045664861208,-0.007665985107421891,4.5855197643932585e-14,8.295322339873042e-19
0.83075,2.135875197532141,-0.007637035369873035,5.10460339198646e-14,9.222612942107593e-19
0.8310000000000001,2.1364105474231505,-0.007615715026855541,5.681906147918014e-14,1.0250666159076733e-18
0.83125,2.1369812950467626,-0.007592010498046919,6.323895242213136e-14,1.139101171864634e-18
0.8315,2.1375571922938685,-0.00757164382934572,7.037749130553375e-14,1.2654559210306175e-18
0.83175,2.138151499592693,-0.007547939300537099,7.831434922156205e-14,1.4059493967819674e-18
0.8320000000000001,2.13870533550514,-0.007529956817627026,8.713794120739242e-14,1.561617462530342e-18
0.83225,2.1392720179535694,-0.007507205963134811,9.694637585409692e-14,1.7343336710173416e-18
0.8325,2.1398144323493096,-0.007484931945800799,1.0784850691586151e-13,1.9262067473554517e-18
0.83275,2.1403763060307797,-0.007461227416992178,1.1996509774982833e-13,2.138829816143694e-18
0.833,2.140923149866815,-0.007479007720947228,1.3343011055303646e-13,2.3750592579445627e-18
0.83325,2.141494786113367,-0.007478668212890671,1.4839213361655013e-13,2.6382543134492513e-18
0.8335,2.1420724924979324,-0.00747022247314455,1.6501596120036613e-13,2.9312420432967966e-18
0.83375,2.1425942282121886,-0.007487049102783194,1.8348434215892314e-13,3.2568983095796733e-18
0.834,2.1431414174332515,-0.007481464385986292,2.0399991513076977e-13,3.619098554479161e-18
0.83425,2.1437379140960138,-0.007459190368652391,2.2678734996326662e-13,4.0216089705082106e-18
0.8345,2.1442946796928988,-0.007444545745849629,2.520957170913786e-13,4.467466219012967e-18
0.83475,2.1449143808591637,-0.007390323638916008,2.802011088488036e-13,4.960138473955751e-18
0.835,2.145451412482087,-0.007399520874023402,3.1140953917978983e-13,5.506626796916712e-18
0.83525,2.146052553410951,-0.007362941741943407,3.460601509667269e-13,6.1135233114848386e-18
0.8355,2.146697585587603,-0.007315872192382833,3.8452876321478666e-13,6.782067302242265e-18
0.83575,2.1473123065321937,-0.00726594161987304,4.272317936724882e-13,7.520802675057272e-18
0.836,2.1479247626905345,-0.007255588531494106,4.746305961431256e-13,8.34000487864728e-18
0.83625,2.14850447853002,-0.0072194862365723145,5.272362557950542e-13,9.245308584649053e-18
0.8365,2.1490730142147436,-0.007198642730712912,5.856148902430188e-13,1.0248284695143988e-17
0.83675,2.1496587109817717,-0.007175415039062494,6.503935090921268e-13,1.1356912013342108e-17
0.837,2.1502418515565758,-0.007156478881835904,7.222664900533119e-13,1.25867683789041e-17
0.83725,2.1508200915341584,-0.007130867004394581,8.020027357085748e-13,1.3945473537055065e-17
0.8375,2.1513524068075442,-0.007147693634033225,8.904535815747588e-13,1.5453868322301114e-17
0.83775,2.1519426477911967,-0.007114929199218745,9.885615333539689e-13,1.7130348516867998e-17
0.838,2.1524833160433814,-0.007132709503173795,1.0973699192244533e-12,1.898449712237615e-17
0.83825,2.153090635652511,-0.007093269348144582,1.2180335517996015e-12,2.1044424816828202e-17
0.8385,2.1536325427231295,-0.007093406677246117,1.3518305040372872e-12,2.332003680711352e-17
0.83875,2.1541734353969395,-0.007091159820556636,1.500175114009288e-12,2.585021574386468e-17
0.839,2.1547674090179245,-0.007085575103759734,1.6646323451341301e-12,2.865017490146056e-17
0.83925,2.1553513816986545,-0.0070737915039063015,1.8469336413452757e-12,3.17539281762139e-17
0.8395,2.1559624473991805,-0.007037689208984399,2.048994430822671e-12,3.519420748355178e-17
0.83975,2.1565743378935647,-0.0070168457031249964,2.2729334474894916e-12,3.8988545441594224e-17
0.84,2.1571199918740156,-0.007007923126220672,2.521094056603366e-12,4.31864690702188e-17
0.84025,2.15775564074671,-0.006971343994140677,2.796067789610308e-12,4.782350577396482e-17
0.8405,2.15831752552587,-0.006957653045654322,3.100720314142642e-12,5.296375231783525e-17
0.84075,2.1589690136250383,-0.00691249084472656,3.438220087818864e-12,5.863046204446274e-17
0.841,2.159585610296274,-0.006903568267822235,3.812069969537411e-12,6.488288309190158e-17
0.84125,2.1601910786789835,-0.006881771087646538,4.226142089481147e-12,7.181076635717928e-17
0.8415,2.160789164489925,-0.006870941162109401,4.684716309290612e-12,7.945986418223375e-17
0.84175,2.1613980344054573,-0.006856296539306639,5.192522637112711e-12,8.792281526911845e-17
0.842,2.1620163912292525,-0.006837360382080049,5.754787998737936e-12,9.728217991452941e-17
0.84225,2.1625916380454573,-0.00683368301391607,6.3772878061793806e-12,1.0764299233199445e-16
0.8425,2.1631760989911264,-0.006815223693847683,7.066402809106972e-12,1.190964582909253e-16
0.84275,2.1638201131047197,-0.006774829864501952,7.829181762972211e-12,1.31732125860284e-16
0.843,2.164381870536731,-0.006788318634033175,8.673410500808957e-12,1.4573529187813933e-16
0.84325,2.1649754532232564,-0.0067760581970215394,9.607688054081362e-12,1.6121337806967863e-16
0.8435,2.1655738197747785,-0.0067575988769531525,1.0641510532031375e-11,1.7834356832263478e-16
0.84375,2.1662161261964634,-0.006731986999511719,1.178536353934164e-11,1.9722752566035138e-16
0.844,2.1668417417403107,-0.0066815795898437225,1.3050823989143352e-11,2.1805566989834026e-16
0.8442500000000001,2.167444021503863,-0.006665027618408259,1.4450672253152824e-11,2.4097574435829977e-16
0.8445,2.168010422209599,-0.006679946899414091,1.599901568371361e-11,2.6634182763445155e-16
0.84475,2.1686166473349955,-0.006656719207763673,1.7711424644562757e-11,2.944846075765287e-16
0.845,2.1692187111020407,-0.006645889282226536,1.960508229904914e-11,3.254868781631256e-16
0.8452500000000001,2.1698365640334343,-0.006623615264892635,2.169894952733615e-11,3.597731795329677e-16
0.8455,2.1704500960983344,-0.0066180305480957324,2.401394647873814e-11,3.9765066330655924e-16
0.84575,2.171105002086376,-0.006582881927490236,2.657315241303589e-11,4.393751845726783e-16
0.846,2.1717181765945717,-0.006593986511230443,2.9402025646450686e-11,4.85412373764808e-16
0.8462500000000001,2.172307155166495,-0.006590309143066464,3.252864559548487e-11,5.3640853165594e-16
0.8465,2.1729022364862574,-0.00657995605468753,3.598397910634799e-11,5.928222653529461e-16
0.84675,2.173538837171633,-0.006552913665771487,3.980217347089086e-11,6.549388960207914e-16
0.847,2.174152351112415,-0.006533977508544897,4.4020878763623877e-11,7.233918516205886e-16
0.8472500000000001,2.1747344856905313,-0.006550804138183652,4.868160239035457e-11,7.992764740931515e-16
0.8475,2.175360850757653,-0.006521854400634797,5.3830099019440995e-11,8.828282778951193e-16
0.84775,2.175916204861541,-0.006512454986572269,5.95167993738483e-11,9.750829339279898e-16
0.848,2.176517547365696,-0.006500194549560523,6.579728169856966e-11,1.076934505725702e-15
0.8482500000000001,2.1771078857774935,-0.006502239227294981,7.273279008646284e-11,1.1896946823875916e-15
0.8485,2.177733835029379,-0.006504283905029329,8.039080424880581e-11,1.3140305423649396e-15
0.84875,2.1783452627897804,-0.0064801025390625044,8.884566575864069e-11,1.4510605597667806e-15
0.849,2.1789539181040474,-0.006474994659423805,9.817926627810093e-11,1.6026380314280628e-15
0.8492500000000001,2.1795638502567707,-0.006477516174316467,1.0848180381013246e-10,1.7696961710588419e-15
0.8495,2.1802412619388996,-0.006431877136230502,1.198526135937347e-10,1.9535456348460936e-15
0.84975,2.1808381105058454,-0.00641723251342774,1.3240108089535948e-10,2.1559251576177986e-15
0.85,2.181452797044719,-0.006406879425048806,1.4624764364178729e-10,2.3793664453588407e-15
0.8502500000000001,2.182086085211692,-0.006384128570556702,1.615248935978753e-10,2.6248526176490103e-15
0.8505,2.1827122957334537,-0.006379974365234409,1.7837878562119007e-10,2.8957104776162266e-15
0.85075,2.183366036130169,-0.006361038208007819,1.9696996543216337e-10,3.195241792654673e-15
0.851,2.1840164964248308,-0.006339717864990213,2.1747522732893724e-10,3.523824891497912e-15
0.8512500000000001,2.184638628308579,-0.006344146728515687,2.400891143596463e-10,3.886236627084011e-15
0.8515,2.1852908827763615,-0.0063256874084473,2.650256746486301e-10,4.286016241567298e-15
0.85175,2.18591899455589,-0.006328208923339851,2.9252038886717943e-10,4.726854566284279e-15
0.852,2.1865951457124124,-0.0062773246765136514,3.2283228525301357e-10,5.211138914218187e-15
0.8522500000000001,2.187256554016383,-0.0062550506591797506,3.5624626012759424e-10,5.742104267813913e-15
0.8525,2.187874072027034,-0.006245651245117223,3.9307562354735127e-10,6.3283251018083154e-15
0.85275,2.1885427528824932,-0.006193813323974617,4.3366489156838293e-10,6.969984666170073e-15
0.853,2.1892181481891946,-0.006143405914306621,4.783928486157196e-10,7.673147766316996e-15
0.8532500000000001,2.189810410180008,-0.006130668640136783,5.27675905646547e-10,8.442652495718275e-15
0.8535,2.190407785340436,-0.006121269226074255,5.819717821950532e-10,9.29287194145675e-15
0.85375,2.1910147312070527,-0.006123313903808603,6.417835430051354e-10,1.0228044040809581e-14
0.854,2.191635623188177,-0.0061077156066894345,7.076640228150672e-10,1.1258064888650971e-14
0.8542500000000001,2.192306192597216,-0.006075904846191471,7.802206759761176e-10,1.2391670783116993e-14
0.8545,2.1929460139340016,-0.006053630828857459,8.601208909895931e-10,1.3635385073731353e-14
0.85475,2.193606533517452,-0.006030879974365244,9.48097813758462e-10,1.4999966836779563e-14
0.855,2.1942682787049383,-0.006007175445556623,1.0449567273964048e-09,1.6496531996296682e-14
0.8552500000000001,2.194848327007663,-0.006004928588867253,1.151582040853231e-09,1.814602874390111e-14
0.8555,2.1955215548428466,-0.0059755020141601944,1.268944943426775e-09,1.9956539148150933e-14
0.85575,2.196162259661273,-0.005955612182617198,1.3981117874815444e-09,2.19415936343319e-14
0.856,2.196858705390661,-0.005916648864746077,1.5402532674104245e-09,2.4124407135165946e-14
0.8562500000000001,2.197484147566792,-0.005919647216796942,1.696654469112867e-09,2.6514436686563943e-14
0.8565,2.1981385234495137,-0.005915969848632852,1.8687258710526945e-09,2.9146738619172155e-14
0.85675,2.1987769897499767,-0.005904186248779308,2.0580153853613244e-09,3.204454605863516e-14
0.857,2.1994490490206022,-0.005860931396484359,2.266221535511488e-09,3.5225699119071804e-14
0.8572500000000001,2.2001295372409286,-0.0058362731933594425,2.495207875868639e-09,3.8701872452528947e-14
0.8575,2.200796954716345,-0.005816383361816446,2.747018767985793e-09,4.2516124249798595e-14
0.85775,2.2015223125177723,-0.005780757904052747,3.0238966389230412e-09,4.669937305029269e-14
0.858,2.2021828505612353,-0.005769451141357407,3.3283008581977164e-09,5.128494929359142e-14
0.8582500000000001,2.2028415659459193,-0.0057533760070801465,3.6629283823143758e-09,5.63084078702019e-14
0.8585,2.2034610539992245,-0.005758281707763713,4.030736329242358e-09,6.183525705743923e-14
0.85875,2.2041088105923374,-0.005749359130859388,4.43496665981729e-09,6.793267341903127e-14
0.859,2.2046966255871574,-0.005753311157226548,4.879173158932035e-09,7.462526884613442e-14
0.8592500000000001,2.2053509540105325,-0.005753925323486397,5.3672509266667635e-09,8.198010111109144e-14
0.8595,2.2059994180763858,-0.005745002746582073,5.903468608304276e-09,9.008512677032465e-14
0.85975,2.2066455506551406,-0.005747524261474624,6.4925036126217715e-09,9.89863658177869e-14
0.86,2.2073218072078324,-0.0057324028015136586,7.139480590057986e-09,1.0876547754539772e-13
0.8602500000000001,2.208019137038975,-0.00569677734375007,7.8500134665256e-09,1.1947908564767966e-13
0.8605,2.2086542006422425,-0.005690238952636761,8.630251354875335e-09,1.3117759506854539e-13
0.86075,2.209369270462125,-0.005651752471923843,9.486928694553295e-09,1.4399108825837508e-13
0.861,2.2100076610658554,-0.0056452140808105344,1.0427420000977988e-08,1.5801303563182073e-13
0.8612500000000001,2.210737593229522,-0.0056381988525391336,1.145979963982492e-08,1.734354332694032e-13
0.8615,2.211388991090108,-0.00564167404174809,1.2592907077975275e-08,1.9038607844814138e-13
0.86175,2.212113628047294,-0.005613201141357438,1.3836418102579169e-08,2.0893084599228303e-13
0.862,2.212773602205861,-0.005624782562255848,1.5200922542783987e-08,2.293379132446549e-13
0.8622500000000001,2.213420318415457,-0.005628734588623119,1.669800907547358e-08,2.5176672085394083e-13
0.8625,2.2140579295806573,-0.005638885498046919,1.834035774712326e-08,2.764044472625872e-13
0.86275,2.21473988835035,-0.005609935760498064,2.014184089901291e-08,3.034097790649002e-13
0.863,2.2154186775576266,-0.005592430114746083,2.211763324276094e-08,3.3301146883951156e-13
0.8632500000000001,2.2161308615079296,-0.005587799072265698,2.4284331898045127e-08,3.653910191636157e-13
0.8635,2.216795123657825,-0.005576969146728561,2.6660087274655383e-08,4.008623066435626e-13
0.86375,2.217490632602281,-0.00555326461791994,2.926474575730516e-08,4.3977586330090587e-13
0.864,2.2182180731620527,-0.005528606414794912,3.212000523428456e-08,4.822442240583381e-13
0.86425,2.2188788631022227,-0.005509670257568322,3.5249584600652054e-08,5.286029608676106e-13
0.8645,2.2195908413416743,-0.0054883499145508274,3.867940846377539e-08,5.794054250921228e-13
0.86475,2.2202576416702975,-0.005461784362792987,4.243780838426205e-08,6.351084500203252e-13
0.865,2.2209420646533498,-0.005418529510498038,4.655574209931129e-08,6.955782562678427e-13
0.86525,2.221570005450407,-0.005432495117187464,5.1067032298997694e-08,7.61692571223642e-13
0.8655,2.222266961129355,-0.005407836914062547,5.6008626659707285e-08,8.342158831907772e-13
0.86575,2.222955864603448,-0.005405113220214863,6.142088098370728e-08,9.134175907497618e-13
0.866,2.2236048368345296,-0.005407157897949211,6.734786745063275e-08,1.00035619415812e-12
0.86625,2.22432082575242,-0.005388221740722621,7.383771015616442e-08,1.0955485752078628e-12
0.8665,2.2250427260308814,-0.005380252838134814,8.094295029685983e-08,1.199887068072215e-12
0.86675,2.225743890500355,-0.005382297515869161,8.87209435586286e-08,1.313753183392417e-12
0.867,2.2264331348467303,-0.00538005065917968,9.723429248117044e-08,1.4387761174124534e-12
0.86725,2.2271746068724467,-0.005351100921630825,1.0655131680300422e-07,1.5755314859192632e-12
0.8675,2.2278429081880713,-0.005356960296630908,1.1674656504296466e-07,1.7248577756095636e-12
0.86775,2.228515895448903,-0.005340408325195334,1.279013708455319e-07,1.8882363778842455e-12
0.868,2.2291511392972536,-0.005358188629150384,1.4010445791102339e-07,2.067243802746572e-12
0.86825,2.2298855033464298,-0.005330192565917935,1.5345259764871054e-07,2.2633806799147784e-12
0.8685,2.2305940260359143,-0.0053017196655273935,1.6805132403377018e-07,2.476976003883784e-12
0.86875,2.231330620620252,-0.00526084899902346,1.8401571051904525e-07,2.709071825946343e-12
0.869,2.2320622784847144,-0.00525717163085937,2.0147121425264804e-07,2.9626545318573175e-12
0.86925,2.2327613193461735,-0.005243480682373014,2.2055459328370814e-07,3.239389131722411e-12
0.8695,2.2334555610101696,-0.005223114013671926,2.414149029051422e-07,3.5410916081796586e-12
0.86975,2.234111289229249,-0.005219436645507836,2.642145777848054e-07,3.870529609277117e-12
0.87,2.2348645025331293,-0.005195732116699214,2.8913060707976184e-07,4.231739286918855e-12
0.87025,2.235546100521974,-0.005201114654540984,3.1635581031340156e-07,4.624858361256377e-12
0.8705,2.236265237301285,-0.005204113006591848,3.4610022242736017e-07,5.055327559237303e-12
0.87075,2.236935586235071,-0.005208065032959008,3.78592597101133e-07,5.5271638423608605e-12
0.871,2.237614561819775,-0.0052167854309082,4.1408203816690514e-07,6.043301736035639e-12
0.87125,2.238314001779258,-0.005207386016845672,4.5283976973877677e-07,6.607646649263359e-12
0.8715,2.2390459739564106,-0.005165561676025443,4.951610565290044e-07,7.221531450173009e-12
0.87175,2.239727549005822,-0.005170944213867212,5.413672867431899e-07,7.891703590312249e-12
0.872,2.240421549112648,-0.005168220520019529,5.918082309372703e-07,8.622257679724418e-12
0.87225,2.241110677362204,-0.005159774780273407,6.46864491285179e-07,9.420831661325421e-12
0.8725,2.2418218029582224,-0.005165157318115288,7.069501568559091e-07,1.0296046782314788e-11
0.87275,2.242508196943305,-0.005161479949951198,7.725156817341536e-07,1.1250548099290658e-11
0.873,2.243311771549748,-0.005110595703124998,8.440510041512492e-07,1.2286756825126542e-11
0.87325,2.2440175012806787,-0.005103103637695283,9.220889262239818e-07,1.3412660186098425e-11
0.8735,2.244768664118218,-0.005107532501220757,1.0072087754411183e-06,1.464562472377603e-11
0.87375,2.2454968172520817,-0.00507524490356448,1.10004037069408e-06,1.5984661934751462e-11
0.874,2.2462620736939014,-0.005069183349609374,1.2012683174315239e-06,1.7443313066017355e-11
0.87425,2.2470273804013043,-0.005045955657958956,1.3116366584326058e-06,1.903252193723225e-11
0.8745,2.2477959691041223,-0.005005084991455133,1.4319539087545667e-06,2.075292351430577e-11
0.87475,2.248497804343928,-0.005017143249511746,1.5630985056226784e-06,2.262796249760581e-11
0.875,2.2492638544236816,-0.004987239837646484,1.7060247064096189e-06,2.466925407113702e-11
0.87525,2.249988756651582,-0.004975456237792941,1.8617689704036917e-06,2.6893340639320395e-11
0.8755000000000001,2.2507296857368932,-0.004958427429199275,2.031456862809879e-06,2.930578931265443e-11
0.87575,2.251543726591178,-0.00491278839111331,2.216310522370043e-06,3.1923219736532624e-11
0.876,2.2522839030125774,-0.004894329071044923,2.4176567371520346e-06,3.476289792430575e-11
0.87625,2.2530262570730835,-0.004892082214355442,2.6369356764442196e-06,3.785516486116898e-11
0.8765000000000001,2.253763689236549,-0.004879821777343807,2.8757103303346926e-06,4.122105686989279e-11
0.87675,2.2544991368676675,-0.004879959106445342,3.135676712452106e-06,4.4888063644702385e-11
0.877,2.2552067959934146,-0.004881050109863283,3.4186748855329525e-06,4.8884518320787105e-11
0.87725,2.2559758155075462,-0.004870697021484349,3.726700873961026e-06,5.323550141403977e-11
0.8775000000000001,2.2567096503004263,-0.004861774444580136,4.061919532234127e-06,5.7969140723870364e-11
0.87775,2.2575140763059607,-0.004814228057861358,4.426678443462541e-06,6.31062758236474e-11
0.878,2.25829504697046,-0.004802921295166018,4.823522927520258e-06,6.865399704811418e-11
0.87825,2.259027122725539,-0.004812118530273413,5.255212244375916e-06,7.47058110207432e-11
0.8785000000000001,2.2598106569729994,-0.004796997070312559,5.724737084457828e-06,8.131658032041598e-11
0.87875,2.260558701967208,-0.004764709472656281,6.235338444673017e-06,8.844696474019815e-11
0.879,2.2612871379064967,-0.0047591247558593786,6.790527995950075e-06,9.618930456842465e-11
0.87925,2.2619993595377603,-0.004748294830322242,7.394110055914017e-06,1.0461015525085412e-10
0.8795000000000001,2.262758556240207,-0.004722206115722716,8.0502052885992e-06,1.1376801080484829e-10
0.87975,2.263502521918011,-0.004698024749755891,8.763276261956154e-06,1.236672094228053e-10
0.88,2.264268030420054,-0.0046795654296875044,9.538155003389817e-06,1.3439642748216237e-10
0.88025,2.2650839390366624,-0.004656814575195289,1.0380072703670848e-05,1.4602975620186332e-10
0.8805000000000001,2.2658677332737636,-0.004622142791748107,1.1294691730385723e-05,1.5859530880602413e-10
0.88075,2.26660934111025,-0.004598438262939486,1.2288140123628868e-05,1.7217195758556966e-10
0.881,2.267388252623797,-0.00457854843139649,1.3367048758969079e-05,1.868868862952833e-10
0.88125,2.268162675819335,-0.004548168182373025,1.4538591375873639e-05,2.0282973713710375e-10
0.8815000000000001,2.2689864400731685,-0.004513973236084046,1.5810527683818122e-05,2.2001977630804594e-10
0.88175,2.2696878702363534,-0.004531753540039096,1.7191249773278898e-05,2.3865217093670584e-10
0.882,2.2704772001640223,-0.004520446777343756,1.8689832074779846e-05,2.589820505785488e-10
0.88225,2.271236061372396,-0.004499603271484354,2.0316085126181e-05,2.8096196976989166e-10
0.8825000000000001,2.2719954913513756,-0.00450736999511725,2.208061342654752e-05,3.0482177567351546e-10
0.88275,2.2727668546353685,-0.004501308441162144,2.3994877674263156e-05,3.3071380526208296e-10
0.883,2.273570257091946,-0.004475219726562507,2.6071261707651608e-05,3.5884055198943673e-10
0.88325,2.274286739645333,-0.004485370635986308,2.832314448826775e-05,3.892917249655881e-10
0.8835000000000001,2.2751052702299974,-0.004472156524658266,3.0764977490390157e-05,4.2234925032855657e-10
0.88375,2.275929276971911,-0.004442253112793004,3.341236788503615e-05,4.5815416506230667e-10
0.884,2.2767071227317954,-0.0044433441162109455,3.6282167933284265e-05,4.968263912459899e-10
0.88425,2.27747241728191,-0.004447772979736309,3.939257103171091e-05,5.389210331491487e-10
0.8845000000000001,2.2782729325875484,-0.004433128356933658,4.276321488267635e-05,5.844601241819813e-10
0.88475,2.2790278553325516,-0.004442802429199255,4.641529229385457e-05,6.340026090795454e-10
0.885,2.279852648767246,-0.00442005157470704,5.037167014518049e-05,6.874990805396605e-10
0.88525,2.2806733893581925,-0.004393962860107403,5.4657017097114254e-05,7.454034579140502e-10
0.8855000000000001,2.281456976512736,-0.004387901306152409,5.9297940652165885e-05,8.08099954714549e-10
0.88575,2.2822120718198113,-0.004385654449462928,6.432313422192486e-05,8.757836983867076e-10
0.886,2.283080963816644,-0.004341922760009775,6.976353489465465e-05,9.487766800878402e-10
0.88625,2.2839089481190205,-0.004312496185302717,7.565249264381021e-05,1.0273339513605477e-09
0.8865000000000001,2.2847399282273813,-0.004275440216064519,8.202595176599084e-05,1.111963351603304e-09
0.88675,2.2855398953578088,-0.004259841918945351,8.892264538775473e-05,1.202999585845925e-09
0.887,2.2863822464016605,-0.0042327995300293075,9.638430393475637e-05,1.301264689913787e-09
0.88725,2.2871336998376304,-0.004233413696289046,0.0001044558785137146,1.4076766491611882e-09
0.8875000000000001,2.2879407964111222,-0.004220676422119207,0.00011318578021836074,1.5224595066118693e-09
0.88775,2.288785889464976,-0.004197925567626992,0.00012262613643439473,1.6465763890267343e-09
0.888,2.289599687927617,-0.004192817687988293,0.00013283306528627412,1.780621677964535e-09
0.88825,2.2904678811317782,-0.004155284881591781,0.0001438669694401671,1.9251640558204262e-09
0.8885000000000001,2.2912569635759263,-0.004166389465332099,0.00015579285055303618,2.0809890747496794e-09
0.88875,2.2921816084928555,-0.004115505218505899,0.0001686806457377511,2.248809390060715e-09
0.889,2.292983786815417,-0.0041103973388672,0.000182605587498497,2.429470748803085e-09
0.88925,2.2938322996578857,-0.004072387695312485,0.0001976485886796575,2.623951341187556e-09
0.8895000000000001,2.2946410765972534,-0.004070140838623115,0.00021389665406545516,2.83333562861557e-09
0.88975,2.295513625781574,-0.004030700683593791,0.00023144332036651577,3.0590623628774236e-09
0.89,2.2963702714040504,-0.004022731781005873,0.00025038912643407854,3.3021395381006076e-09
0.89025,2.297206954298462,-0.0039956893920898295,0.00027084211565241097,3.5632129417673582e-09
0.8905000000000001,2.2980412624570343,-0.003958633422851632,0.00029291837257589475,3.843103645132413e-09
0.89075,2.298830531300434,-0.00395924758911137,0.0003167425959991529,4.144365667689168e-09
0.891,2.2996291936337774,-0.003942218780517592,0.0003424487107768879,4.470252358561222e-09
0.89125,2.300477012913855,-0.00394426345825194,0.00037018052084483434,4.821557681297931e-09
0.8915000000000001,2.301365873975817,-0.003921989440918039,0.0004000924060351286,5.200439336645633e-09
0.89175,2.3021742361642112,-0.003914974212646527,0.00043235006542817033,5.607897518382677e-09
0.892,2.3030194706977594,-0.0038931770324707182,0.0004671313101395703,6.0472441436140014e-09
0.89225,2.30387564855367,-0.0038794860839843626,0.0005046269086045651,6.518070099656469e-09
0.8925000000000001,2.304760067471269,-0.0038643646240235086,0.0005450414875946089,7.02672933125292e-09
0.89275,2.305611395032472,-0.0038492431640625435,0.0005885944923808931,7.571741442354754e-09
0.893,2.3064298297002925,-0.0038427047729492347,0.0006355212096490568,8.160433004932684e-09
0.89325,2.307295446411489,-0.0038161392211913947,0.0006860738569662976,8.793422194791636e-09
0.8935000000000001,2.3081361701941887,-0.003813892364502025,0.0007405227428100556,9.473832339145431e-09
0.89375,2.308978869075518,-0.003814506530761763,0.0007991575013830499,1.0206871248229186e-08
0.894,2.3099113608099997,-0.0037769737243652513,0.00086228840666668,1.0994526614668566e-08
0.89425,2.3108060303908795,-0.003753746032714833,0.0009302477703998548,1.183728867114201e-08
0.8945000000000001,2.311651625345246,-0.0037438697814942135,0.0010033914289182208,1.2743813057209679e-08
0.89475,2.312429424065903,-0.0037440071105957484,0.0010821003240450327,1.371915353955104e-08
0.895,2.313229182544264,-0.0037260246276855646,0.0011667821834938695,1.4769830143484827e-08
0.89525,2.3140930711339647,-0.0037066116333007715,0.001257873306522111,1.58938750242599e-08
0.8955000000000001,2.3149163568868487,-0.003705318450927808,0.0013558404608650177,1.710283963616528e-08
0.89575,2.3157902650820748,-0.0036925811767578587,0.0014611828972827482,1.8403743761142812e-08
0.896,2.3166585167984,-0.003674598693847675,0.001574434488367183,1.9805596059867222e-08
0.89625,2.317528713128655,-0.0036694908142089755,0.0016961659985807954,2.130583373137089e-08
0.8965,2.3184114101372035,-0.003644355773925745,0.0018269874928395714,2.2915247443195524e-08
0.89675,2.319239547793063,-0.003637340545654344,0.001967550891302419,2.4644495254334217e-08
0.897,2.3201470674334574,-0.0036093444824218945,0.002118552678392755,2.6497787566865982e-08
0.89725,2.3210648966189122,-0.0036047134399413983,0.0022807367744559254,2.8487042202375394e-08
0.8975,2.321944270756921,-0.0035833930969237926,0.002454897578842434,3.061450134028989e-08
0.89775,2.3227895918057255,-0.0035835304260254386,0.0026418831936110983,3.289844089677181e-08
0.898,2.323624015336848,-0.00358462142944338,0.0028425988374601555,3.535208583672228e-08
0.89825,2.3245103500365616,-0.003570930480957024,0.003058010459921308,3.799446612649219e-08
0.8985,2.325401918201083,-0.003543411254882778,0.003289148566291877,4.0818415208070975e-08
0.89875,2.3263516819484367,-0.0035273361206055176,0.0035371122642330398,4.3831994847551043e-08
0.899,2.3272789911782157,-0.003490280151367209,0.003803073543425851,4.70480150611445e-08
0.89925,2.3281526496571554,-0.0034713439941406188,0.004088281800156052,5.047900681456079e-08
0.8995,2.3290431083917627,-0.003452884674072232,0.004394068619183153,5.415377137371321e-08
0.89975,2.3299069605016083,-0.003434425354003956,0.004721852825752587,5.807494916172648e-08
0.9,2.330856896358473,-0.0034026145935058816,0.0050731458211174495,6.22547672393294e-08
0.90025,2.3317510019051895,-0.0033955993652343697,0.005449557215460723,6.672609855298482e-08
0.9005,2.3326751643659698,-0.003366172790527311,0.0058528007726327035,7.149464816591282e-08
0.90075,2.333593901099133,-0.0033453292846680194,0.006284700681664577,7.65789521784844e-08
0.901,2.3344746583258016,-0.0033421287536621325,0.006747198170558602,8.201810218943403e-08
0.90125,2.335359389014841,-0.003347988128662105,0.007242358478416498,8.788661120205856e-08
0.9015,2.3363478952808023,-0.0033085479736327805,0.007772378202517876,9.411954428144094e-08
0.90175,2.337270239797798,-0.003280075073242239,0.00833959303753303,1.0074356551377729e-07
0.902,2.3382536325538945,-0.0032668609619140865,0.008946485924612583,1.0782389758373057e-07
0.90225,2.339186217309448,-0.0032488784790039027,0.009595695628675082,1.1538606141261926e-07
0.9025,2.3401185355790197,-0.0032375717163085627,0.01029002576276867,1.23435028369556e-07
0.90275,2.341012742104514,-0.0032219734191895055,0.01103245427896073,1.3203786847712747e-07
0.903,2.341967366143102,-0.0032001762390136967,0.011826143445763196,1.4123266666224939e-07
0.90325,2.3428612152645822,-0.0032103271484374973,0.012674450332664025,1.510470945555706e-07
0.9035,2.343815763451403,-0.003175178527832001,0.013580937822872247,1.6150925258342841e-07
0.90375,2.3447098220642513,-0.003171501159668022,0.014549386175930322,1.7267573001384375e-07
0.904,2.3456417337174873,-0.0031582870483398695,0.015583805162359556,1.8457604165931365e-07
0.90425,2.3465953392975205,-0.0031403045654296857,0.01668844679301974,1.9729067955653105e-07
0.9045,2.3476032393292536,-0.0031051559448241894,0.017867818666330856,2.1075361831836345e-07
0.90475,2.348649513561344,-0.0030561790466309136,0.01912669795698309,2.2505163278056038e-07
0.905,2.349622788993514,-0.003039150238037136,0.020470146070177924,2.401005632965153e-07
0.90525,2.350515915644675,-0.003031181335449218,0.021903523985856408,2.5619024082185954e-07
0.9055,2.351458486673689,-0.0030451469421386435,0.02343250831771981,2.7343413607402073e-07
0.90575,2.3524445923763926,-0.0030343170166016176,0.02506310811218627,2.9184673516118034e-07
0.906,2.353410014043772,-0.003021102905273465,0.026801682412687627,3.1148638826587466e-07
0.90625,2.3543662964561936,-0.003014087677001953,0.0286549586149605,3.323396911841154e-07
0.9065,2.355356246347608,-0.002998012542724582,0.030630051639129297,3.546236588267534e-07
0.9067500000000001,2.3563010235401576,-0.0030010108947754466,0.032734483944507904,3.783672181494695e-07
0.907,2.357314535356572,-0.002980167388916044,0.03497620641307263,4.0370765283567795e-07
0.90725,2.3583290616894446,-0.0029369125366210946,0.03736362012754619,4.3044547452110175e-07
0.9075,2.359345577943985,-0.0029146385192870827,0.03990559906988357,4.586649520246682e-07
0.9077500000000001,2.3603336766588408,-0.002888549804687557,0.04261151376577771,4.885676694417157e-07
0.908,2.3613437620067796,-0.0028791503906250293,0.045491255900481864,5.203872989978298e-07
0.90825,2.3622887817282066,-0.0028563995361328143,0.04855526393086483,5.540989243314938e-07
0.9085,2.363236660728249,-0.002859397888183568,0.05181454971806492,5.898919617194932e-07
0.9087500000000001,2.364249982281491,-0.0028395080566406827,0.05528072620450838,6.28080039519371e-07
0.909,2.3652508916594517,-0.0028315391540527646,0.058966036158263825,6.686835771885479e-07
0.90925,2.366279765870148,-0.002817371368408206,0.0628833820068411,7.117908605691067e-07
0.9095,2.3673613002018854,-0.002768394470214819,0.06704635678142595,7.571142162272623e-07
0.9097500000000001,2.3684219866051617,-0.00275708770751959,0.07146927619141566,8.048910666777653e-07
0.91,2.3694007667398473,-0.0027596092224121405,0.0761672118476631,8.557546180975895e-07
0.91025,2.370403185338832,-0.002758316040039066,0.08115602565136865,9.097530191779934e-07
0.9105,2.3715108762503774,-0.0027336578369140385,0.08645240536372781,9.67199759484778e-07
0.9107500000000001,2.3724869852000836,-0.002724258422851622,0.09207390136957787,1.0280920223693729e-06
0.911,2.373448987293446,-0.002721057891845735,0.09803896464607251,1.0929491227177997e-06
0.91125,2.3744855096551074,-0.002716903686523442,0.10436698594510846,1.1617165661645918e-06
0.9115,2.3755243027541253,-0.0026970138549804457,0.11107833619554534,1.234817861217408e-06
0.9117500000000001,2.3765809935567095,-0.0026919059753418573,0.11819440812845373,1.3117983580589472e-06
0.912,2.377638708101687,-0.0026815528869629235,0.12573765912550242,1.3935142650276237e-06
0.91225,2.3785924418368185,-0.002690750122070318,0.13373165528724545,1.4804892059809683e-06
0.9125,2.3796306750808887,-0.002687072753906228,0.14220111671434296,1.5735112920318401e-06
0.9127500000000001,2.3806855999087455,-0.002656692504882874,0.1511719639908667,1.6715487274135628e-06
0.913,2.381679463233594,-0.0026453857421875338,0.1606713658545323,1.774742803327797e-06
0.91325,2.3826813514947256,-0.002650768280029303,0.1707277880341984,1.8845650678182045e-06
0.9135,2.383684218140285,-0.002639938354492166,0.18137104322995237,2.0010353138338244e-06
0.9137500000000001,2.3847422146097927,-0.0026219558715820934,0.19263234220599257,2.1238046389747566e-06
0.914,2.385806718198739,-0.002605880737304722,0.20454434596081017,2.2533627922684934e-06
0.91425,2.386960694481579,-0.0025764541625976634,0.2171412189333553,2.3897730482250114e-06
0.9145,2.3880819310636814,-0.002540351867675761,0.23045868319738,2.5330003191805727e-06
0.9147500000000001,2.3891176137800456,-0.002517601013183657,0.24453407358960802,2.6832936748597837e-06
0.915,2.3901524290864318,-0.002522983551025426,0.2594063937101573,2.8421297587250526e-06
0.91525,2.3912501821584167,-0.002484973907470711,0.27511637272633405,3.0095518421015283e-06
0.9155,2.3924070345736137,-0.0024493484497070117,0.291706522902748,3.1838929259303083e-06
0.9157500000000001,2.3934787636200348,-0.002439949035644595,0.3092211977726978,3.366767449072059e-06
0.916,2.394562031896288,-0.002419582366943396,0.32770665085678957,3.5603409556152467e-06
0.91625,2.3955513808379365,-0.002439270019531259,0.34721109482591767,3.764982769807717e-06
0.9165,2.396679257879616,-0.0024179496765136532,0.36778476099579605,3.981739443158025e-06
0.9167500000000001,2.397762890794291,-0.0024047355651856117,0.3894799590306283,4.209926561621292e-06
0.917,2.3988150333782734,-0.0023967666625976936,0.41235113672280654,4.449693458557358e-06
0.91725,2.399985128415197,-0.0023630485534668066,0.4364549397050132,4.701240257407769e-06
0.9175,2.400923535983791,-0.0023746299743652166,0.4618502709394824,4.9675918552727026e-06
0.9177500000000001,2.401990865820733,-0.0023752441406250657,0.488598349817942,5.250417546908468e-06
0.918,2.4031223265157555,-0.002342002868652382,0.5167627706933849,5.545968677601553e-06
0.91825,2.4042965787371244,-0.002316390991210948,0.5464095606527514,5.854770806518933e-06
0.9185,2.4053340709381352,-0.0023298797607421706,0.5776072363263877,6.181781531089447e-06
0.9187500000000001,2.406426486241099,-0.002331924438476629,0.6104268595173689,6.527148242927713e-06
0.919,2.407524859930186,-0.002323955535888711,0.6449420914200696,6.891647910331337e-06
0.91925,2.408694288045801,-0.0022950057983398553,0.6812292451838056,7.273794598003837e-06
0.9195,2.409844114612021,-0.0022622413635253746,0.7193673365629423,7.674162064965433e-06
0.9197500000000001,2.4109876009031166,-0.0022571334838867863,0.7594381323808639,8.09077025006613e-06
0.92,2.412119323815732,-0.0022343826293945712,0.8015261965204739,8.52826204842446e-06
0.92025,2.413189495977032,-0.0022283210754394656,0.8457189331393116,8.985972948192771e-06
0.9205,2.4143370165726594,-0.0022203521728515474,0.8921066267922356,9.47061817301419e-06
0.9207500000000001,2.4154211786206874,-0.0022128601074219434,0.9407824791299125,9.977453320137175e-06
0.921,2.4165600734145833,-0.0021939239501953534,0.9918426418262108,1.0509668456225956e-05
0.92125,2.417628255544518,-0.002204074859619154,1.045386245372683,1.1068117434774898e-05
0.9215,2.4187518184519106,-0.00218609237670897,1.1015154233632158,1.1657502444046321e-05
0.9217500000000001,2.4199628746676822,-0.002162864685058663,1.160335331877277,1.2273810912134466e-05
0.922,2.4211225780329744,-0.00217396926879887,1.2219541635554767,1.2920526674438457e-05
0.92225,2.4222593398638645,-0.002129760742187514,1.28648315594712,1.3595097747283582e-05
0.9225,2.4235080628274783,-0.0020745849609374867,1.3540365936949015,1.4290206065570768e-05
0.9227500000000001,2.4246252795821306,-0.002086643218994211,1.4247318041089962,1.501418732137747e-05
0.923,2.425788204013144,-0.0020710449218750426,1.498689145669113,1.577656534998267e-05
0.92325,2.426929812636403,-0.0020511550903320463,1.5760319889818173,1.6563074533159257e-05
0.9235,2.4281443100161493,-0.0020260200500488157,1.6568866897070844,1.738488718880133e-05
0.9237500000000001,2.4293484382717683,-0.002015666961669993,1.7413825529590568,1.8243627669793265e-05
0.924,2.4305450173119287,-0.002000545501709028,1.8296517886745138,1.9139037681533598e-05
0.92425,2.4316986775268443,-0.002008312225341813,1.9218294574351908,2.0078731727693184e-05
0.9245,2.432780722591265,-0.002025138854980457,2.01805340622106,2.107254846464317e-05
0.9247500000000001,2.4339748209222294,-0.002012401580810619,2.118464193566101,2.211233221038462e-05
0.925,2.43518158908278,-0.001982498168945357,2.2232050035832738,2.319673412576595e-05
0.92525,2.4364900142665067,-0.0019502105712890794,2.3324215483217556,2.4318368470754203e-05
0.9255,2.437619233623736,-0.001964176177978505,2.4462619579174945,2.5488715822355313e-05
0.9257500000000001,2.438870622510266,-0.001941902160644604,2.5648766579991817,2.6712114269623194e-05
0.926,2.4401608094404192,-0.0019139060974121547,2.688418233812931,2.7979655829133003e-05
0.92625,2.4413622544338027,-0.0019011688232422053,2.8170412805345353,2.9293143675451445e-05
0.9265,2.44245900318693,-0.001904167175292959,2.9509022392431086,3.0663585506464135e-05
0.9267500000000001,2.4436629061785835,-0.0019019203186035893,3.090159218040131,3.20976471761747e-05
0.927,2.4448741687246667,-0.0018949050903320774,3.2349717978092762,3.360327411596485e-05
0.92725,2.4461479053412494,-0.0018793067932129093,3.3855008221267746,3.5162336766109024e-05
0.9275,2.447373916035005,-0.0018660926818847567,3.541908170848679,3.6786088179656356e-05
0.9277500000000001,2.4485888267969678,-0.0018805351257324965,3.7043565169224717,3.848576483350693e-05
0.928,2.4498692435524543,-0.001829174041748094,3.873009065993361,4.02469320261631e-05
0.92825,2.451098109662718,-0.0018207283020019727,4.048029278403374,4.205268925096962e-05
0.9285,2.452345796997271,-0.001829925537109367,4.229580573209594,4.394049473047094e-05
0.92875,2.4536906198529733,-0.001799545288085902,4.417826013884269,4.5889168253030676e-05
0.929,2.4549665747407916,-0.0017896690368652823,4.612927975395326,4.7918227909507053e-05
0.92925,2.45627434097303,-0.0017864685058593954,4.8150477924076815,5.003218544986018e-05
0.9292794512159149,2.4564269013053606,-0.0017868326551239155,4.839328005625286,5.028709024053753e-05
0.9295,2.4575414283015746,-0.0017727775573730398,5.0243453883929385,5.2220176162421617e-05
0.92975,2.458703055959767,-0.0017910346984862935,5.240978885480964,5.4506709532452604e-05
0.93,2.4600203560447707,-0.0017573165893555176,5.46510419494492,5.6884024399038114e-05
0.93025,2.4613191857068895,-0.0017483940124511932,5.696874588265469,5.933432934136233e-05
0.9305,2.4626409022833102,-0.0017232589721679625,5.936440248785933,6.185778207366629e-05
0.93075,2.4639325009244875,-0.0017071838378905912,6.18394780403285,6.44586956266614e-05
0.931,2.4652147606113495,-0.001691108703613331,6.43953983885151,6.713045358971577e-05
0.93125,2.4665342144661366,-0.001683616638183616,6.703354389577741,6.990194458745091e-05
0.9315,2.4679140159262714,-0.001657527923583979,6.975524419551975,7.276309329424996e-05
0.93175,2.4691440288163222,-0.001657665252685514,7.256177276360216,7.571549356602817e-05
0.932,2.4704129519257707,-0.0016492195129395038,7.545434131280437,7.876798064128901e-05
0.93225,2.4718020818575983,-0.00162360763549807,7.843409401502028,8.190823958462555e-05
0.9325,2.473106118548181,-0.0016218376159667924,8.150210155787457,8.514799453412404e-05
0.93275,2.474419400111009,-0.0016338958740234055,8.465935504340239,8.855018452084252e-05
0.933,2.4758268009939455,-0.0015882568359375515,8.790675973755157,9.200976549254245e-05
0.93325,2.4771841902114557,-0.001579334259033227,9.124512868029504,9.557035347199594e-05
0.9335,2.478451568971103,-0.0015689811706542933,9.467517616731893,9.922377679605643e-05
0.93375,2.4799902656361734,-0.0015228652954101252,9.819751111534568,0.00010296068402918317
0.934,2.481417237009434,-0.0014834251403809118,10.181263032438267,0.00010670112245215885
0.93425,2.482742250010028,-0.0014826087951660405,10.55209116513645,0.00011053313837839259
0.9345,2.484065627508857,-0.001457950592041013,10.932260711091727,0.00011447532920036817
0.93475,2.485408263962601,-0.0014499816894530948,11.321783592017045,0.00011852321029878512
0.935,2.486705125244388,-0.001454410552978569,11.720657750586275,0.00012273585171716295
0.93525,2.488067304916262,-0.0014431037902832289,12.128866449319732,0.00012706084110819424
0.9355,2.4894903755471187,-0.0014308433532714826,12.546377569724056,0.00013149348048522945
0.93575,2.4908469252842007,-0.001428596496582002,12.973142913885175,0.00013606205562870376
0.936,2.4922544353433915,-0.0014168128967285698,13.40909751084498,0.00014077051273284197
0.93625,2.4935585146109944,-0.0014317321777344016,13.854158930213625,0.00014559552903783735
0.9365,2.4948240057930615,-0.0014404525756835929,14.30822660559481,0.00015063432790209666
0.93675,2.4961983812677677,-0.001410549163818331,14.771181170515053,0.0001558290179677567
0.937,2.4976115906276366,-0.00141116333007818,15.242883809669703,0.00016109249989895342
0.93725,2.4991480467352734,-0.001338344573974637,15.723175628404572,0.00016638395230715892
0.9375,2.500557175163105,-0.001338958740234375,16.21187704346276,0.00017175965282420638
0.93775,2.5019343114576693,-0.0013405265808105193,16.708787198118728,0.00017731059757041155
0.9380000000000001,2.503274193110401,-0.0013563995361328685,17.213683404921078,0.00018304060866362426
0.93825,2.5047082676249737,-0.0013527221679687784,17.726320619344,0.0001889616553032159
0.9385,2.5061393773840246,-0.0013433227539062509,18.246430947728804,0.0001950043133766545
0.93875,2.507517885523537,-0.0013606262207030984,18.77372319295397,0.00020125976746917886
0.9390000000000001,2.5090134729798494,-0.0013354911804199787,19.3078824413345,0.0002076781069973484
0.93925,2.5105020576275594,-0.0012993888854980762,19.84856969428858,0.00021417975022849776
0.9395,2.511989416571835,-0.0012856979370117205,20.39542154834396,0.00022068517491035812
0.93975,2.5135898959538405,-0.0012662849426269274,20.948049927064748,0.00022724671042826736
0.9400000000000001,2.5151068187611356,-0.0012549781799316984,21.506041868489564,0.0002339425506098441
0.94025,2.5166335456335807,-0.0012241210937500302,22.068959371647964,0.00024072875149723757
0.9405,2.518141231802333,-0.0012247352600097683,22.636339305700066,0.00024756265312482777
0.94075,2.5196222548585814,-0.0012129516601562251,23.207693385184214,0.0002545380152798848
0.9410000000000001,2.521082880925797,-0.0011983070373535742,23.782508214799574,0.0002616570995648812
0.94125,2.5224925367503555,-0.0011970138549804998,24.360245407056336,0.0002688530886530319
0.9415,2.5239519603359613,-0.0011880912780761754,24.940341776025594,0.0002761595147200941
0.94175,2.525512470039356,-0.0011686782836913823,25.522209610284968,0.0002836035590793534
0.9420000000000001,2.5269205118654856,-0.0011697692871094345,26.105237028014198,0.00029118165794360374
0.94225,2.5285057005882496,-0.00116084671020511,26.688788417017598,0.0002988493492377558
0.9425,2.530000310567001,-0.0011500167846679732,27.27220496226271,0.0003066696425205703
0.94275,2.5314994149809484,-0.0011525382995605238,27.85480526329877,0.00031459323074762766
0.9430000000000001,2.5331720085216802,-0.0011159591674805291,28.435886043687656,0.00032257677069660114
0.94325,2.534712826478685,-0.0011137123107910485,29.01472295430945,0.00033050540763418734
0.9435,2.5361256479071845,-0.0011286315917968803,29.590571472126005,0.00033868304488775643
0.94375,2.537747298239203,-0.0011063575744628684,30.16266789566545,0.00034704434695300893
0.9440000000000001,2.539388407536652,-0.001085514068603577,30.73023043816878,0.0003554523439921387
0.94425,2.5411045360578886,-0.001040351867675815,31.29246041897591,0.00036369553165501546
0.9445,2.542669305262005,-0.0010385818481445375,31.848543553358503,0.0003719305882093646
0.94475,2.5443876957083233,-0.0010048637390136506,32.39765134059972,0.0003801652029629257
0.9450000000000001,2.5461207424453214,-0.0009821128845215465,32.93894254971065,0.0003882357698030296
0.94525,2.547747671602772,-0.0009755744934082378,33.471564801727254,0.0003963265717697936
0.9455,2.5494231113819383,-0.0009637908935546946,33.99465624708345,0.0004045623295635869
0.94575,2.551065849493455,-0.0009419937133788858,34.50734733607234,0.0004126676656841489
0.9460000000000001,2.5527727329384224,-0.0009178123474121724,35.00876267992986,0.000420834835102103
0.94625,2.554467732083682,-0.0008907699584961293,35.498022999564434,0.0004288347283984301
0.9465,2.5561402118851704,-0.0008794631958007892,35.97424715845548,0.0004367127554252318
0.94675,2.5578237354354387,-0.0008762626647949023,36.43655427570478,0.00044463170770873967
0.9470000000000001,2.559522448637405,-0.0008620948791504546,36.8840659147155,0.0004525672410160774
0.94725,2.5613861825504345,-0.0008288536071777708,37.31590834242466,0.0004604130021376044
0.9475,2.563158875603949,-0.0008113479614257901,37.731214853496084,0.00046814935409006245
0.94775,2.5648400655352512,-0.0008029022216796688,38.12912815333306,0.00047575345146841797
0.9480000000000001,2.566658899548263,-0.0007925491333008461,38.508802793258,0.00048342081288420155
0.94825,2.568449588348016,-0.0007783813476562873,38.869407650672684,0.000490992804673478
0.9485,2.5701501741081967,-0.0007727966308593848,39.21012844651671,0.0004985233426002893
0.94875,2.571944192042301,-0.0007691192626952947,39.530170291838076,0.0005061199498121611
0.9490000000000001,2.573777206009387,-0.0007501831054688157,39.82876025481828,0.0005135879397173518
0.94925,2.575494629025627,-0.0007350616455078507,40.105149939143566,0.0005210482048353515
0.9495,2.57717585788211,-0.0007423515319824325,40.35861806417985,0.0005285094031958715
0.94975,2.578972082184581,-0.0007358131408691237,40.58847303701463,0.0005360401928190586
0.9500000000000001,2.580735514517917,-0.000706386566162176,40.7940555060658,0.0005432644674370773
0.95025,2.582578786037103,-0.0006907882690430078,40.97474088561888,0.0005503829798143466
0.9505,2.5843228242086758,-0.0006890182495117303,41.129941840382756,0.0005573641295853637
0.95075,2.5861669285872413,-0.0006686515808105309,41.259110718898484,0.0005642995073431186
0.9510000000000001,2.587945786438977,-0.0006802330017090519,41.36174192444188,0.0005712127245382281
0.95125,2.5898734070529694,-0.0006369781494141025,41.43737421192758,0.0005779959045577762
0.9515,2.5917571428206707,-0.0006299629211425906,41.48559289922195,0.0005845562881570689
0.95175,2.593403564098252,-0.0006610946655273287,41.506031981249656,0.0005912869472417534
0.9520000000000001,2.5953043561890765,-0.0006521720886231153,41.49837613530667,0.0005980563650229076
0.95225,2.597093021954638,-0.0006542167663574627,41.462362606088845,0.0006048557014422329
0.9525,2.5990671237688643,-0.000628604888916029,41.397782959104525,0.0006115253088768714
0.95275,2.60085259581567,-0.0006282653808593608,41.304484691368714,0.0006180820461212808
0.9530000000000001,2.6027602461765116,-0.0006236343383789755,41.18237268857628,0.0006245428047397823
0.95325,2.604779179335959,-0.0006070823669434011,41.03141051831902,0.0006308319831766344
0.9535,2.60662003824183,-0.0005852851867675923,40.851621549355514,0.0006368532789848962
0.95375,2.608643736644847,-0.0005668258666992054,40.6430898874549,0.0006426402729055427
0.9540000000000001,2.610645588421667,-0.0005493202209473358,40.40596111892351,0.0006483571061936114
0.95425,2.612542900712661,-0.0005651931762695739,40.14044285357985,0.0006539264195803235
0.9545,2.6145491159337384,-0.0005481643676757963,39.84680505967313,0.0006594514269472214
0.95475,2.6164652708460636,-0.0005411491394042844,39.52538018403929,0.0006647911914332545
0.9550000000000001,2.618624032312245,-0.0004964637756348367,39.17656305164967,0.0006699153694862662
0.95525,2.620380495386712,-0.000536178588867231,38.80081053964196,0.0006749420855563693
0.9555,2.622355625438358,-0.0005243949890136879,38.398641021903195,0.0006799742095681012
0.95575,2.6244135769317816,-0.0005188102722167853,37.970633581330794,0.0006849707769011556
0.9560000000000001,2.626668170795277,-0.00048366165161140007,37.51742698798797,0.0006897059968282153
0.95625,2.6287568776496433,-0.0004809379577637163,37.039718442518264,0.0006940796178716159
0.9565,2.6307016578097198,-0.00047153854370118875,36.53826208536682,0.0006984779690242771
0.95675,2.632806043759631,-0.00044163513183592684,36.01386727358454,0.0007026965077591827
0.9570000000000001,2.6348599649631685,-0.00044224929809577596,35.4673966282292,0.0007066382187968955
0.95725,2.6371345936030988,-0.00039756393432621717,34.89976385666174,0.0007103091036695394
0.9575,2.639295480375873,-0.0003662300109863459,34.311931355304836,0.0007136153850237239
0.95775,2.641493405039461,-0.0003482475280761621,33.704907599732216,0.0007166478082202243
0.9580000000000001,2.643617059405938,-0.00035363006591804247,33.079744330235144,0.0007195609069522395
0.95825,2.6458246421022595,-0.0003509063720703587,32.43753354228723,0.000722455104076796
0.9585,2.647968884258834,-0.0003438911437988468,31.77940429257636,0.000725218850736357
0.95875,2.650144387301231,-0.0003378295898437411,31.106519332501243,0.0007279232276807596
0.9590000000000001,2.6523619709736184,-0.0003360595703125746,30.420071582200762,0.0007306210996127691
0.95925,2.6546469010302687,-0.00032236862182621895,29.721280459319697,0.0007330995115086463
0.9595,2.656900519542206,-0.00033061218261720704,29.011388077782463,0.0007354765688510359
0.95975,2.659147419338733,-0.00031596755981444513,28.291655332850997,0.0007378162973116085
0.96,2.661408969404304,-0.0003146743774413707,27.56335788966572,0.0007400181418056829
0.96025,2.6637217601643677,-0.00030002975463871984,26.827782093304915,0.0007420792577732538
0.9605,2.66581474178049,-0.00031781005859377043,26.086220819142,0.0007441268703453622
0.96075,2.6681032275298544,-0.0003141326904296804,25.339969282914343,0.0007461870223193371
0.961,2.6702380859984842,-0.00032905197143551224,24.590320830451272,0.0007482395543156081
0.96125,2.672475622003092,-0.0003368186950684082,23.838562727411816,0.0007502478764426419
0.9615,2.6749380385924084,-0.00031883621215822444,23.085971969673196,0.0007521607296552504
0.96175,2.6773274493800345,-0.0003013305664062438,22.3338111351597,0.0007538959198340374
0.962,2.6796494941908477,-0.0002752418518066069,21.58332429793518,0.0007554876235904695
0.96225,2.6821149031943516,-0.0002629814147949716,20.835733025254058,0.0007568990870528928
0.9625,2.6848519661668964,-0.00021305084228517845,20.09223247802116,0.0007580848535024662
0.96275,2.687289302663725,-0.00020365142822265092,19.353987634701944,0.0007591042775377617
0.963,2.689878373172176,-0.00017422485351559214,18.62212965820072,0.0007599966310310859
0.96325,2.692306534387473,-0.00017865371704106625,17.897752424530736,0.0007607954836535682
0.9635,2.694732549389128,-0.0001725921630859606,17.18190923129464,0.0007615704851831233
0.96375,2.6971941821854712,-0.00017988204956054243,16.475609703027867,0.0007623196016746787
0.964,2.6997614397301226,-0.00016762161254879615,15.779816909388876,0.0007630033989788048
0.96425,2.7023242480210157,-0.00016203689575200464,15.09544471096005,0.0007636459905808923
0.9645,2.7048104495809113,-0.00016932678222658648,14.423355346104819,0.0007642673140125253
0.96475,2.707330312115895,-0.00013703918457030895,13.764357270885428,0.0007647796886770038
0.965,2.7100384807593954,-0.00014099121093746891,13.119203262522232,0.0007652483938830152
0.96525,2.7126311326066004,-0.0001430358886719274,12.488588795241691,0.0007656920331521581
0.9655,2.7151878556438565,-0.00014221954345705612,11.873150695666194,0.0007661228841211092
0.96575,2.7178442155646385,-0.00012042236328124734,11.273466083131037,0.0007665009132695911
0.966,2.720397034241189,-0.00013915634155270418,10.690051598501903,0.0007668578833840231
0.96625,2.722996243552926,-0.00013118743896489704,10.123362923208042,0.0007672012819772816
0.9665,2.72571217976362,-0.00014229202270510388,9.573794588335819,0.0007675373170258536
0.96675,2.7285823604200194,-0.00011715698242187322,9.041680071740295,0.0007678268826445562
0.967,2.7314280829296917,-9.011459350583007e-05,8.527292179266517,0.000768046210028354
0.96725,2.7343227837850606,-5.258178710942918e-05,8.030843704316968,0.0007681862498639695
0.9673189312733055,2.735073067557558,-5.189483531720107e-05,7.897137408956303,0.0007682154341163451
0.9675,2.7369205239122074,-6.273269653322977e-05,7.552488358198831,0.0007682874203784476
0.96775,2.739729579726999,-5.047225952148349e-05,7.092321961928918,0.0007683860426388492
0.968,2.7426716268714606,-4.488754272458095e-05,6.6503838885013264,0.0007684675068055435
0.96825,2.7456086143288325,-4.073333740239882e-05,6.2266587430230835,0.0007685408598722915
0.9685,2.7485558503225613,-2.3704528808621284e-05,5.821078266637788,0.0007685845984206527
0.96875,2.75148913153651,-1.8596649169921875e-05,5.433523448775225,0.0007686185470764006
0.969,2.754646587842345,3.0380249023465034e-05,5.063826831022352,0.0007686096416787976
0.9692500000000001,2.7576052206350736,3.358078002924092e-05,4.711774984794909,0.0007685636009815994
0.9695,2.760757797917087,4.250335693356533e-05,4.377111144032203,0.0007685265250128132
0.96975,2.7638606328407134,5.285644531249911e-05,4.059537973329867,0.0007684789329921571
0.97,2.7669198457973145,5.224227905276102e-05,3.758720451293425,0.0007684341915979627
0.9702500000000001,2.7698893988729942,5.0674438476505657e-05,3.474288848422608,0.0007683861406966062
0.9705,2.7728164494706826,4.3384552001923815e-05,3.20584177854806,0.0007683480510446043
0.97075,2.776056484820452,5.278396606445135e-05,2.952949302722764,0.0007683141372302912
0.971,2.779391931919587,7.172012329104138e-05,2.715156064537785,0.0007682763694774237
0.9712500000000001,2.782501968797796,7.15827941893954e-05,2.491984436064565,0.0007682269942398873
0.9715,2.7856838627768337,8.718109130856355e-05,2.282937654039475,0.0007681793305528219
0.97175,2.7891196126195554,9.276580810546609e-05,2.0875029264816076,0.0007681275873817658
0.972,2.792785584696589,0.00014984893798830612,1.9051544906754079,0.0007680662915765194
0.9722500000000001,2.796103670922497,0.00013874435424798826,1.7353566043358124,0.0007680009784625943
0.9725,2.799383617338129,0.00012859344482418766,1.5775664528066462,0.0007679469566854244
0.97275,2.8028681053544533,0.0001246414184570277,1.4312369563006213,0.000767898674969755
0.973,2.8062667454380072,0.00011019897460939898,1.295819462467911,0.0007678581755111119
0.9732500000000001,2.809778209100613,0.00012579727172845612,1.170766310955228,0.0007678225916405104
0.9735,2.8132186634783523,0.0001227989196777024,1.0555332580828172,0.0007677897434689879
0.97375,2.817021696373006,0.00012695312499999556,0.9495817512988695,0.0007677572516529133
0.974,2.820801661779648,0.00016353225708010122,0.8523810446586556,0.0007677255337387933
0.9742500000000001,2.8242695429299944,0.00015624237060540835,0.7634101481953524,0.0007676944735998544
0.9745,2.8282286120240228,0.0001694564819335609,0.6821596056898249,0.0007676655689095765
0.97475,2.8318856084451576,0.00016979598999022905,0.6081330969843972,0.0007676373939462289
0.975,2.835882425164915,0.00018777847290041283,0.5408488626082765,0.0007676115783691529
0.9752500000000001,2.8396686362311225,0.0001828727722167356,0.4798409500678499,0.0007675883053971747
0.9755,2.843822397874539,0.00019799423217770062,0.4246602826921297,0.0007675668567308164
0.97575,2.8476384228525413,0.0001911811828613219,0.3748755533927333,0.000767547424727284
0.976,2.8517506223443085,0.00021965408325197444,0.33007394708825416,0.0007675285038353479
0.9762500000000001,2.8558806369274725,0.0002433586120604847,0.28986169683808244,0.0007675101424187037
0.9765,2.859901690435338,0.00024560546874996536,0.253864479922528,0.0007674934394188604
0.97675,2.864261102112456,0.0002612037658691335,0.22172766118170625,0.0007674782847739623
0.977,2.868578030996304,0.00028967666625978605,0.19311639187934587,0.0007674645437894174
0.9772500000000001,2.8726205192000185,0.0002981224060057963,0.16771557318023037,0.0007674512759848725
0.9775,2.87693797899595,0.0003089523315429332,0.14522969401945987,0.000767438913558726
0.97775,2.8815003319603854,0.0003593597412109295,0.12538255369320767,0.0007674275120170618
0.978,2.8858987339027578,0.0003582687377929883,0.10791687991499518,0.0007674170740105376
0.9782500000000001,2.890480000598945,0.0003757743835448579,0.09259385335811567,0.0007674078170223044
0.9785,2.8947200711739676,0.0003742065429687136,0.0791925498479852,0.0007673997093720247
0.97875,2.898993954825353,0.00037073135375975674,0.06750931138122443,0.0007673928572456799
0.979,2.903155993854768,0.0003500900268554874,0.05735705703827651,0.0007673872397961531
0.9792500000000001,2.9078021918809522,0.0003475685119628258,0.048564544629959086,0.000767382665286046
0.9795,2.912414087908701,0.00034647750854488457,0.040975593585357975,0.0007673789209133421
0.97975,2.9167508355615155,0.000309623718261709,0.03444827915818987,0.0007673757615961162
0.98,2.9216492001658105,0.00029518127441408026,0.028854107512741003,0.000767373363032972
0.9802500000000001,2.9265836393720175,0.0002845535278319655,0.02407718065988087,0.0007673714139894313
0.9805,2.93159318662928,0.00029013824462886806,0.020013359561157424,0.0007673698173394166
0.98075,2.9363834320649485,0.00028380203247069247,0.016569433016765816,0.0007673684705593961
0.981,2.9412744444436707,0.0002688827514648606,0.013662299214109915,0.0007673674140546106
0.9812500000000001,2.94690975798781,0.00029401779174798026,0.011218166049973647,0.0007673665259647977
0.9815,2.952264748410628,0.00029340362548824217,0.009171775563378028,0.0007673657808711238
0.98175,2.957502413452583,0.0003085250854492072,0.007465657039450437,0.0007673651482505879
0.982,2.962829817686721,0.0003093414306640785,0.006049412578172051,0.0007673646164118079
0.9822500000000001,2.968384548767317,0.0003053894042968075,0.004879038175636852,0.0007673641995279168
0.9825,2.974252987668133,0.00031860351562496003,0.00391628264869529,0.0007673638591279454
0.98275,2.979814617587217,0.0003189430236816282,0.00312804605449105,0.0007673635749350188
0.983,2.985971490120031,0.0003145141601562651,0.0024858186213562194,0.0007673633531002431
0.9832500000000001,2.991836791666476,0.00033011245727532224,0.00196516062236525,0.0007673631750179997
0.9835,2.998271472275907,0.0003576316833495685,0.0015452230920024483,0.0007673630263039802
0.98375,3.0041642072320496,0.0003675079345702992,0.0012083088129352924,0.0007673629011621626
0.984,3.0100751535100834,0.00035449600219727984,0.00093947258573217,0.0007673628052339722
0.9842500000000001,3.016698294048286,0.0003610343933104776,0.0007261594401842244,0.0007673627330134312
0.9845,3.0227706339515223,0.0003446846008300364,0.0005578791523102486,0.0007673626765296283
0.98475,3.028738853120217,0.00031450653076170454,0.0004259151946808202,0.0007673626358764868
0.985,3.035612304614114,0.0003343963623047008,0.0003230660670613106,0.0007673626051718225
0.9852500000000001,3.042831524864595,0.00034570312499992983,0.00024341682638037086,0.0007673625813479559
0.9855,3.050568250599432,0.00036797714233394174,0.00018213855587983965,0.0007673625622346318
0.98575,3.0574434355060256,0.0003640251159667818,0.00013531347863647615,0.0007673625476322647
0.986,3.064517637015488,0.0003543510437011843,9.978342573087235e-05,0.0007673625371649177
0.9862500000000001,3.0724138461548147,0.0003637504577636008,7.301940917006092e-05,0.0007673625293348707
0.9865,3.0795808255805524,0.0003798255920409721,5.301011912633326e-05,0.0007673625234266599
0.98675,3.087199251123248,0.00036872100830076526,3.8167259005633024e-05,0.0007673625192480729
0.987,3.0949317893322528,0.00039099502563477717,2.724574529120741e-05,0.0007673625161446503
0.9872500000000001,3.1032902370657087,0.00038036727905266243,1.927692721796674e-05,0.0007673625139411929
0.9875,3.1118448082759,0.0003902435302733931,1.3513119618855158e-05,0.0007673625123750433
0.98775,3.1199606611852433,0.0003824768066406081,9.381886612755917e-06,0.0007673625112924925
0.988,3.1285406388104127,0.0003751869201660263,6.4486604667810696e-06,0.0007673625105401764
0.9882500000000001,3.1369940726795518,0.00038792419433586467,4.386425718091682e-06,0.0007673625100255968
0.9885,3.1457428977510706,0.00039064788818354845,2.9513407203718093e-06,0.0007673625096722281
0.98875,3.155713915040046,0.00041244506835935724,1.963304915638463e-06,0.0007673625094296382
0.989,3.164705592596232,0.00040467834472657227,1.2906085335734285e-06,0.0007673625092644533
0.9892500000000001,3.174741723236106,0.00039977264404289503,8.379207594499907e-07,0.0007673625091592678
0.9895,3.184473380548394,0.00038819122314448506,5.369817900307871e-07,0.0007673625090935531
0.98975,3.1944472534347597,0.0003751792907714657,3.394631070989274e-07,0.00076736250905241
0.99,3.2053131678136566,0.000379810333251962,2.1154857815936217e-07,0.0007673625090269728
0.9902500000000001,3.215473101197805,0.0003544006347655504,1.298667757995538e-07,0.0007673625090114075
0.9905,3.22619629112378,0.0003666610717772967,7.847256690292901e-08,0.0007673625090021917
0.99075,3.2382676048663352,0.0003779678344726367,4.6634127331813454e-08,0.000767362508996463
0.991,3.2507344643675182,0.000378784179687508,2.72307952106399e-08,0.000767362508993137
0.9912500000000001,3.2631128465475516,0.0003729248046874245,1.560838965315491e-08,0.0007673625089911738
0.9915,3.275695892799856,0.00036563491821284266,8.77264746394317e-09,0.0007673625089900791
0.99175,3.2885902002616016,0.00037598800659177645,4.829139732238068e-09,0.0007673625089894547
0.992,3.302723026354774,0.00038061904907227273,2.600280267985644e-09,0.0007673625089891197
0.99225,3.316518571209607,0.000354732513427769,1.367646077380049e-09,0.0007673625089889432
0.9925,3.3313279941344556,0.0003479194641112793,7.015562680161928e-10,0.0007673625089888634
0.99275,3.3467528912968447,0.00033156967163083806,3.5038911651870433e-10,0.0007673625089888125
0.993,3.3622743994301985,0.0003352470397949281,1.7006878876039859e-10,0.0007673625089888049
0.99325,3.3782849516675304,0.0003227119445801119,8.00538763797408e-11,0.0007673625089888049
0.9935,3.3960860973334492,0.00032925033569330964,3.6460237747976644e-11,0.0007673625089888049
0.99375,3.4150355850260605,0.0003357887268066184,1.6025568200080998e-11,0.0007673625089888049
0.994,3.4330444678765786,0.0003094253540039116,6.7780393378499775e-12,0.0007673625089888049
0.99425,3.4528479855849166,0.00030833435058597036,2.7496054626891366e-12,0.0007673625089888049
0.9945,3.4744736107503122,0.0002919845581054181,1.0658637095060454e-12,0.0007673625089888049
0.99475,3.4974348921624596,0.00026895904541013316,3.9315374705135874e-13,0.0007673625089888049
0.995,3.5216695502595865,0.00027740478515625444,1.3732457039015158e-13,0.0007673625089888049
0.99525,3.5481419218128716,0.000282989501953157,4.516799241827701e-14,0.0007673625089888049
0.9955,3.574509173480834,0.00026520919799799536,1.3899126589307516e-14,0.0007673625089888049
0.99575,3.6028930009469664,0.00026221084594724164,3.971106562457465e-15,0.0007673625089888049
0.996,3.6334560821780153,0.0002620735168457067,1.043984561162394e-15,0.0007673625089888049
0.99625,3.6673074834584822,0.00024381637573245296,2.498439310874479e-16,0.0007673625089888049
0.9965,3.704290830338112,0.0002269897460936976,5.3728235148716117e-17,0.0007673625089888049
0.99675,3.7438906379297845,0.00021922302246091263,1.0218998831978804e-17,0.0007673625089888049
0.997,3.7890753354104953,0.00020478057861328391,1.6855553737169017e-18,0.0007673625089888049
0.99725,3.8368928182584576,0.00018700027465823332,2.3519595313038074e-19,0.0007673625089888049
0.9975,3.891480838957829,0.00016445159912104046,2.6890863344818113e-20,0.0007673625089888049
0.99775,3.955139246164434,0.00014762496948239612,2.415524163891093e-21,0.0007673625089888049
0.998,4.0307769136230025,0.00013985824584961115,1.6103650545429883e-22,0.0007673625089888049
0.99825,4.120548364635517,0.00013304519653323243,7.356617613685237e-24,0.0007673625089888049
0.9985,4.2186817338755835,0.00011383438110346145,2.0488156970032498e-25,0.0007673625089888049
0.99875,4.341398717285738,9.080886840817648e-05,2.9019354264945703e-27,0.0007673625089888049
0.999,4.508710641994522,8.065795898437589e-05,1.5430119539227014e-29,0.0007673625089888049
0.99925,4.744182908495512,5.858612060549717e-05,1.743205464876705e-32,0.0007673625089888049
0.9995,5.089673561181375,5.034255981439806e-05,1.1658815853001139e-36,0.0007673625089888049
0.99975,5.776106657100714,1.873397827145684e-05,7.823800169721358e-44,0.0007673625089888049
1.0,22.30360812458113,0.0,0.0,0.0007673625089888049
